ykiho,name,kind,sido,sigungu,address,phone,homepage,lat,lng,doctors,openedOn,eyeDoctors,hours,lunch,recv,place
JDQ4MTYyMiM1MSMkMSMkNCMkODkkMzgxMzUxIzExIyQxIyQzIyQ4OSQ0NjEwMDIjNDEjJDEjJDgjJDgz,강릉아산병원,university,강원,강릉시,"강원특별자치도 강릉시 사천면 방동길 38-0, 강릉아산병원",033-610-3114,http://www.gnah.co.kr,37.8184324,128.8578411,242,19960730,3,,,,
JDQ4MTYyMiM1MSMkMSMkNCMkODkkMzgxMzUxIzExIyQxIyQzIyQ3OSQyNjE4MzIjNjEjJDEjJDQjJDgz,연세대학교 원주세브란스기독병원,university,강원,원주시,"강원특별자치도 원주시 일산로 20-0,  (일산동)",033-741-0114,https://www.ywmc.or.kr/,37.3490013,127.9456638,404,19770501,3,"{""0"": [""0830"", ""1730""], ""1"": [""0830"", ""1730""], ""2"": [""0830"", ""1730""], ""3"": [""0830"", ""1730""], ""4"": [""0830"", ""1730""]}",12시30분~13시30분,08시30분~17시30분,원주세브란스기독병원
JDQ4MTYyMiM1MSMkMSMkMCMkODkkMzgxMzUxIzExIyQxIyQzIyQ5MiQzNjEyMjIjNzEjJDEjJDgjJDgz,순천향대학교부속부천병원,university,경기,부천원미구,"경기도 부천시 원미구 조마루로 170, 부흥로 173(1층일부) (중동)",032-621-5114,www.schmc.ac.kr/bucheon/kor/index.do,37.4986998,126.7629626,367,20010129,7,"{""0"": [""0900"", ""1700""], ""1"": [""0900"", ""1700""], ""2"": [""0900"", ""1700""], ""3"": [""0900"", ""1700""], ""4"": [""0900"", ""1700""], ""5"": [""0900"", ""1200""]}",12시 00시 ~ 14시 00분,08시 00분 ~ 16시 30분,순천향대학교부속부천병원
JDQ4MTYyMiM1MSMkMSMkMCMkODkkMzgxMzUxIzExIyQxIyQzIyQwMyQyNjEwMDIjNTEjJDEjJDYjJDgz,분당서울대학교병원,university,경기,성남분당구,"경기도 성남시 분당구 구미로173번길 82, (구미동, 분당서울대학교병원)",031-787-2114,http://www.snubh.org/index.do,37.3516694,127.1234066,789,20030415,22,,,,
JDQ4MTYyMiM1MSMkMSMkMCMkODkkMzgxMzUxIzExIyQxIyQzIyQ2MiQzNjE4MzIjNTEjJDEjJDYjJDgz,아주대학교병원,university,경기,수원영통구,"경기도 수원시 영통구 월드컵로 164, (원천동)",031-219-5114,http://hosp.ajoumc.or.kr/,37.2794612,127.0476837,646,19940425,12,"{""0"": [""0800"", ""1700""], ""1"": [""0800"", ""1700""], ""2"": [""0800"", ""1700""], ""3"": [""0800"", ""1700""], ""4"": [""0800"", ""1700""]}",12시00분~13시00분,08시00분~17시00분,아주대학교 정문
JDQ4MTYyMiM1MSMkMSMkMCMkODkkMzgxMzUxIzExIyQxIyQzIyQ3OSQzNjEwMDIjODEjJDEjJDIjJDgz,가톨릭대학교 성빈센트병원,university,경기,수원팔달구,"경기도 수원시 팔달구 중부대로 93, (지동)",031-1577-8588,http://www.cmcvincent.or.kr/skip.html,37.2779855,127.0274271,360,19670523,5,"{""0"": [""0830"", ""1700""], ""1"": [""0830"", ""1700""], ""2"": [""0830"", ""1700""], ""3"": [""0830"", ""1700""], ""4"": [""0830"", ""1700""]}",12:00~13:00,08:00~17:00,동수원사거리(1번 국도)
JDQ4MTYyMiM1MSMkMSMkMCMkODkkMzgxMzUxIzExIyQxIyQzIyQ5OSQzNjEwMDIjNTEjJDEjJDIjJDgz,고려대학교의과대학부속안산병원,university,경기,안산단원구,"경기도 안산시 단원구 적금로 123, (고잔동)",031-1577-7516,http://ansan.kumc.or.kr/main/index.do,37.3185144,126.8249033,362,19860101,6,"{""0"": [""0830"", ""1730""], ""1"": [""0830"", ""1730""], ""2"": [""0830"", ""1730""], ""3"": [""0830"", ""1730""], ""4"": [""0830"", ""1730""], ""5"": [""0830"", ""1200""]}",12시00분~14시 00분,08시30분~16시00분,안산상공회의소
JDQ4MTYyMiM1MSMkMSMkMCMkODkkMzgxMzUxIzExIyQxIyQzIyQ4MiQyNjEyMjIjNzEjJDEjJDgjJDgz,한림대학교성심병원,university,경기,안양동안구,"경기도 안양시 동안구 관평로170번길 22, (평촌동)",031-380-1500,http://hallym.hallym.or.kr/,37.3917575,126.9620529,348,19981217,6,,,,
JDQ4MTYyMiM4MSMkMSMkNCMkODkkMzgxMzUxIzExIyQxIyQzIyQ3MiQyNjE0ODEjODEjJDEjJDYjJDgz,양산부산대학교병원,university,경남,양산시,"경상남도 양산시 물금읍 금오로 20, (물금읍)",055-360-1000,http://www.pnuyh.co.kr/content/,35.32815,129.0057274,470,20081024,6,"{""0"": [""0830"", ""1730""], ""1"": [""0830"", ""1730""], ""2"": [""0830"", ""1730""], ""3"": [""0830"", ""1730""], ""4"": [""0830"", ""1730""]}",12시00분~13시30분,08시20분~17시30분,
JDQ4MTYyMiM4MSMkMSMkNCMkODkkMzgxMzUxIzExIyQxIyQzIyQ5OSQyNjEwMDIjNjEjJDEjJDQjJDgz,경상국립대학교병원,university,경남,진주시,"경상남도 진주시 강남로 79, (칠암동)",055-750-8000,http://www.gnuh.co.kr/,35.1759944,128.0964924,262,19861013,7,"{""0"": [""0900"", ""1800""], ""1"": [""0900"", ""1800""], ""2"": [""0900"", ""1800""], ""3"": [""0900"", ""1800""], ""4"": [""0900"", ""1800""]}",12:00~13:00,09시00분~18시00분,금호석류마을 아파트 맞은편
JDQ4MTYyMiM4MSMkMSMkNCMkODkkMzgxMzUxIzExIyQxIyQzIyQ3MiQyNjEyMjIjNjEjJDEjJDQjJDgz,학교법인성균관대학삼성창원병원,university,경남,창원마산회원구,"경상남도 창원시 마산회원구 팔용로 158-158, (합성동, 삼성창원병원)",055-233-8899,http://smc.skku.edu,35.2424957,128.5923771,279,19810311,2,,,,
JDQ4MTYyMiM4MSMkMSMkMCMkODkkMzgxMzUxIzExIyQxIyQzIyQ3OSQ0NjEwMDIjNTEjJDEjJDIjJDgz,대구가톨릭대학교병원,university,대구,대구남구,"대구광역시 남구 두류공원로17길 33, (대명동)",053-650-3000,http://www.dcmc.co.kr/,35.8436078,128.5679969,289,19800812,6,"{""0"": [""0830"", ""1730""], ""1"": [""0830"", ""1730""], ""2"": [""0830"", ""1730""], ""3"": [""0830"", ""1730""], ""4"": [""0830"", ""1730""], ""5"": [""0830"", ""1230""]}",12시30분~13시30분,08시30분~17시30분,안지랑역 4번 출구
JDQ4MTYyMiM4MSMkMSMkMCMkODkkMzgxMzUxIzExIyQxIyQzIyQ4OSQzNjE0ODEjODEjJDEjJDYjJDgz,영남대학교병원,university,대구,대구남구,"대구광역시 남구 현충로 170, (대명동)",053-623-8001,http://www.yumc.ac.kr/00_main/main.htm,35.848107,128.58205,357,19830314,11,,,,
JDQ4MTYyMiM4MSMkMSMkMCMkODkkMzgxMzUxIzExIyQxIyQzIyQ3OSQyNjEyMjIjNjEjJDEjJDQjJDgz,계명대학교동산병원,university,대구,대구달서구,"대구광역시 달서구 달구벌대로 1035, (신당동)",1577-6622,http://www.dsmc.or.kr/,35.8538856,128.4801315,383,19680406,7,"{""0"": [""0900"", ""1730""], ""1"": [""0900"", ""1730""], ""2"": [""0900"", ""1730""], ""3"": [""0900"", ""1730""], ""4"": [""0900"", ""1730""]}",,08시30분~17시30분,계성중고등학교 앞
JDQ4MTYyMiM4MSMkMSMkMCMkODkkMzgxMzUxIzExIyQxIyQzIyQ2MiQzNjEyMjIjNzEjJDEjJDgjJDgz,칠곡경북대학교병원,university,대구,대구북구,"대구광역시 북구 호국로 807, 칠곡경북대학교병원(임상실습동 1~11층 포함) (학정동)",053-200-2000,www.knumc.org,35.9564207,128.5646727,229,20101029,4,,,,
JDQ4MTYyMiM4MSMkMSMkMCMkODkkMzgxMzUxIzExIyQxIyQzIyQ3OSQyNjEwMDIjNzEjJDEjJDgjJDgz,경북대학교병원,university,대구,대구중구,"대구광역시 중구 동덕로 130, (삼덕동2가, 경북대학교병원)",053-200-5114,http://knumc.knu.ac.kr,35.8662525,128.604703,459,19100907,7,"{""0"": [""0830"", ""1730""], ""1"": [""0830"", ""1730""], ""2"": [""0830"", ""1730""], ""3"": [""0830"", ""1730""], ""4"": [""0830"", ""1730""]}",12시30분~13시30분,"08시00분~16시30분(과에 따라 조기마감, 예약환자 제외)",한국은행 대구경북본부 맞은편
JDQ4MTYyMiM2MSMkMSMkMiMkODkkMzgxMzUxIzExIyQxIyQzIyQ5OSQzNjE0ODEjNjEjJDEjJDQjJDgz,학교법인 건양교육재단 건양대학교병원,university,대전,대전서구,"대전광역시 서구 관저동로 158, (관저동)",042-600-9999,http://www.kyuh.ac.kr/,36.306642,127.342613,290,19991120,7,"{""0"": [""0830"", ""1730""], ""1"": [""0830"", ""1730""], ""2"": [""0830"", ""1730""], ""3"": [""0830"", ""1730""], ""4"": [""0830"", ""1730""], ""5"": [""0830"", ""1300""]}",12시30~1시30분,8시30분~17시30분,
JDQ4MTYyMiM2MSMkMSMkMiMkODkkMzgxMzUxIzExIyQxIyQzIyQ3OSQyNjEwMDIjNjEjJDEjJDgjJDgz,충남대학교병원,university,대전,대전중구,"대전광역시 중구 문화로 282- , (대사동)",042-1599-7123,www.cnuh.co.kr/,36.316908,127.415363,499,19841105,6,,,,
JDQ4MTAxMiM1MSMkMSMkMCMkODkkMzgxMzUxIzExIyQxIyQzIyQ3OSQyNjE4MzIjODEjJDEjJDYjJDgz,고신대학교복음병원,university,부산,부산서구,"부산광역시 서구 감천로 262, (암남동)",990-6114,http://www.kosinmed.or.kr/,35.0809636,129.0139595,280,19740226,4,"{""0"": [""0830"", ""1730""], ""1"": [""0830"", ""1730""], ""2"": [""0830"", ""1730""], ""3"": [""0830"", ""1730""], ""4"": [""0830"", ""1730""]}",12시00분-13시30분,08시00분-16시30분,
JDQ4MTAxMiM1MSMkMSMkMCMkODkkMzgxMzUxIzExIyQyIyQzIyQwMCQ0NjEwMDIjNDEjJDEjJDQjJDgz,동아대학교병원,university,부산,부산서구,"부산광역시 서구 대신공원로 26, (동대신동3가)",051-240-2400,http://www.damc.or.kr,35.1201682,129.0175391,310,19900303,7,"{""0"": [""0800"", ""1700""], ""1"": [""0800"", ""1700""], ""2"": [""0800"", ""1700""], ""3"": [""0800"", ""1700""], ""4"": [""0800"", ""1700""]}",12:00~13:00 / 13:00~14:00,8:00~17:00   /  전화예약 : 240-2400,동아대학교병원
JDQ4MTAxMiM1MSMkMSMkMCMkODkkMzgxMzUxIzExIyQxIyQzIyQ3OSQyNjEyMjIjNDEjJDEjJDgjJDgz,부산대학교병원,university,부산,부산서구,"부산광역시 서구 구덕로 179, (아미동1가)",240-7000,,35.1008477,129.0188032,507,19810827,15,,,,
JDQ4MTAxMiM1MSMkMSMkMCMkODkkMzgxMzUxIzExIyQxIyQzIyQ3OSQzNjEyMjIjNTEjJDEjJDYjJDgz,인제대학교부산백병원,university,부산,부산진구,"부산광역시 부산진구 복지로 75, 진사로83번길 75, 진사로83번길 81, 1층(일부), 3층 (개금동)",051-890-6114,,35.1461809,129.0208925,348,19790601,9,,,,
JDQ4MTg4MSM1MSMkMSMkMCMkODkkMzgxMzUxIzExIyQxIyQzIyQxMyQzNjEwMDIjODEjJDEjJDIjJDgz,삼성서울병원,university,서울,강남구,"서울특별시 강남구 일원로 81, (일원동, 삼성의료원)",02-3410-2114,http://www.samsunghospital.com,37.4882977,127.0851508,1291,19940613,20,,,,
JDQ4MTg4MSM1MSMkMSMkMCMkODkkMzgxMzUxIzExIyQxIyQzIyQ2MiQzNjE0ODEjNTEjJDEjJDYjJDgz,연세대학교의과대학 강남세브란스병원,university,서울,강남구,"서울특별시 강남구 언주로 211, 강남세브란스병원 (도곡동)",02-2019-3114,http://gs.iseverance.com,37.4929296,127.0462683,516,19830404,11,"{""0"": [""0830"", ""1730""], ""1"": [""0830"", ""1730""], ""2"": [""0830"", ""1730""], ""3"": [""0830"", ""1730""], ""4"": [""0830"", ""1730""], ""5"": [""0830"", ""1230""]}",12:30~13:30,08:30~17:30,역삼2동 주민센터
JDQ4MTg4MSM1MSMkMSMkMCMkODkkMzgxMzUxIzExIyQxIyQzIyQ2MiQyNjE4MzIjNjEjJDEjJDQjJDgz,건국대학교병원,university,서울,광진구,"서울특별시 광진구 능동로 120-1, (화양동)",1588-1533,http://www.kuh.ac.kr,37.5403764,127.0718276,398,19821116,6,"{""0"": [""0830"", ""1730""], ""1"": [""0830"", ""1730""], ""2"": [""0830"", ""1730""], ""3"": [""0830"", ""1730""], ""4"": [""0830"", ""1730""], ""5"": [""0830"", ""1230""]}",12:00~13:00,08시30분 ~ 17시30분,지하철 2호선 7호선 건대입구역
JDQ4MTg4MSM1MSMkMSMkMCMkODkkMzgxMzUxIzExIyQxIyQzIyQ2MiQ0NjEwMDIjNjEjJDEjJDAjJDgz,고려대학교의과대학부속구로병원,university,서울,구로구,"서울특별시 구로구 구로동로 148, 고려대부속구로병원 (구로동)",02-2626-1114,http://guro.kumc.or.kr/main/index.do,37.492052,126.8848701,524,19830831,10,,,,
JDQ4MTg4MSM1MSMkMSMkMCMkODkkMzgxMzUxIzExIyQxIyQzIyQ4OSQzNjEyMjIjODEjJDEjJDIjJDgz,경희대학교병원,university,서울,동대문구,"서울특별시 동대문구 경희대로 23, (회기동)",02-958-8114,http://www.khuh.or.kr/,37.5941195,127.051852,430,19711005,7,"{""0"": [""0830"", ""1730""], ""1"": [""0830"", ""1730""], ""2"": [""0830"", ""1730""], ""3"": [""0830"", ""1730""], ""4"": [""0830"", ""1730""], ""5"": [""0900"", ""1200""]}",12:00~13:00,09:00~16:30,
JDQ4MTg4MSM1MSMkMSMkMCMkODkkMzgxMzUxIzExIyQxIyQzIyQ3OSQzNjEwMDIjNTEjJDEjJDIjJDgz,중앙대학교병원,university,서울,동작구,"서울특별시 동작구 흑석로 102, (흑석동)",1800-1114,http://ch.cauhs.or.kr/,37.5067481,126.9607839,361,20041201,5,"{""0"": [""0830"", ""1700""], ""1"": [""0830"", ""1700""], ""2"": [""0830"", ""1700""], ""3"": [""0830"", ""1700""], ""4"": [""0830"", ""1700""], ""5"": [""0830"", ""1200""]}",12시00분~13시30분,08시30분~11시30분/13시00분~16시00분,
JDQ4MTg4MSM1MSMkMSMkMCMkODkkMzgxMzUxIzExIyQxIyQzIyQ5OSQyNjE0ODEjNjEjJDEjJDgjJDgz,연세대학교의과대학세브란스병원,university,서울,서대문구,"서울특별시 서대문구 연세로 50-1, (신촌동)",02-2228-0114,http://www.yuhs.or.kr,37.5623446,126.9408265,1277,19740325,23,"{""0"": [""0900"", ""1700""], ""1"": [""0900"", ""1700""], ""2"": [""0900"", ""1700""], ""3"": [""0900"", ""1700""], ""4"": [""0900"", ""1700""], ""5"": [""0900"", ""1200""]}",12:30~13:30,"오전 08:00~11:30, 오후 13:30~15:30",신촌지하철역
JDQ4MTg4MSM1MSMkMSMkMCMkODkkMzgxMzUxIzExIyQyIyQzIyQwMCQyNjE4MzIjODEjJDEjJDIjJDgz,학교법인가톨릭학원가톨릭대학교서울성모병원,university,서울,서초구,"서울특별시 서초구 반포대로 222, (반포동)",02-1588-1511,http://www.cmcseoul.or.kr/,37.5009444,127.0051154,714,19800502,30,"{""0"": [""0830"", ""1700""], ""1"": [""0830"", ""1700""], ""2"": [""0830"", ""1700""], ""3"": [""0830"", ""1700""], ""4"": [""0830"", ""1700""], ""5"": [""0830"", ""1200""]}",12시30분~13시30분,08시~16시,서울성모병원
JDQ4MTg4MSM1MSMkMSMkMCMkODkkMzgxMzUxIzExIyQxIyQzIyQ4OSQ0NjE0ODEjNjEjJDEjJDAjJDgz,한양대학교병원,university,서울,성동구,"서울특별시 성동구 왕십리로 222-1, (사근동)",02-2290-8114,http://seoul.hyumc.com,37.5596569,127.0441339,410,19720424,8,,,,
JDQ4MTg4MSM1MSMkMSMkMCMkODkkMzgxMzUxIzExIyQxIyQzIyQ4OSQyNjEwMDIjNzEjJDEjJDgjJDgz,학교법인 고려중앙학원 고려대학교의과대학부속병원(안암병원),university,서울,성북구,"서울특별시 성북구 고려대로 73, 고려대병원 (안암동5가)",1577-0083,http://anam.kumc.or.kr/main/index.do,37.5870165,127.0263537,508,19740325,7,"{""0"": [""0930"", ""1630""], ""1"": [""0930"", ""1630""], ""2"": [""0930"", ""1630""], ""3"": [""0930"", ""1630""], ""4"": [""0930"", ""1630""], ""5"": [""0930"", ""1200""]}",,08시30분 ~ 17시30분,안암역(6호선)
JDQ4MTg4MSM1MSMkMSMkMCMkODkkMzgxMzUxIzExIyQxIyQzIyQwMyQyNjE0ODEjNDEjJDEjJDQjJDgz,재단법인아산사회복지재단 서울아산병원,university,서울,송파구,"서울특별시 송파구 올림픽로43길 88, 서울아산병원 (풍납동)",02-3010-3114,http://www.amc.seoul.kr,37.5265762,127.107935,1592,19890520,28,,,,
JDQ4MTg4MSM1MSMkMSMkMCMkODkkMzgxMzUxIzExIyQxIyQzIyQxMyQyNjEwMDIjNjEjJDEjJDQjJDgz,이화여자대학교의과대학부속목동병원,university,서울,양천구,"서울특별시 양천구 안양천로 1071, (목동)",02-2650-5114,http://www.eumc.ac.kr/mokdong/,37.536602,126.8862043,400,19930730,6,"{""0"": [""0800"", ""1730""], ""1"": [""0800"", ""1730""], ""2"": [""0800"", ""1730""], ""3"": [""0800"", ""1730""], ""4"": [""0800"", ""1730""], ""5"": [""0900"", ""1200""]}",12시00분~13시00분,07시40분~17시00분,
JDQ4MTg4MSM1MSMkMSMkMCMkODkkMzgxMzUxIzExIyQxIyQzIyQ3OSQ0NjEwMDIjNjEjJDEjJDQjJDgz,강북삼성병원,university,서울,종로구,"서울특별시 종로구 새문안로 29, (평동)",02-2001-2001,http://www.kbsmc.co.kr,37.5684083,126.96775,396,19790324,7,"{""0"": [""0830"", ""1700""], ""1"": [""0830"", ""1700""], ""2"": [""0830"", ""1700""], ""3"": [""0830"", ""1700""], ""4"": [""0830"", ""1700""], ""5"": [""0830"", ""1200""]}",12:30 ~ 13:30,08:00 ~ 17:00,서울역사박물관
JDQ4MTg4MSM1MSMkMSMkMCMkODkkMzgxMzUxIzExIyQxIyQzIyQ3OSQzNjE4MzIjODEjJDEjJDYjJDgz,서울대학교병원,university,서울,종로구,"서울특별시 종로구 대학로 101, (연건동)",1588-5700,http://www.snuh.org,37.5797151,126.9990168,1482,19810709,29,"{""0"": [""0900"", ""1700""], ""1"": [""0900"", ""1700""], ""2"": [""0900"", ""1700""], ""3"": [""0900"", ""1700""], ""4"": [""0900"", ""1700""], ""5"": [""0900"", ""1300""]}",12:00~13:00,,혜화역
JDQ4MTYyMiM4MSMkMSMkNCMkODkkMzgxMzUxIzExIyQxIyQzIyQ5OSQyNjE4MzIjNDEjJDEjJDgjJDgz,학교법인 울산공업학원 울산대학교병원,university,울산,울산동구,"울산광역시 동구 대학병원로 25, 울산대학교병원 (전하동)",052-250-7000,http://www.uuh.ulsan.kr/main/main.asp,35.5200702,129.4289116,367,19870701,7,"{""0"": [""0830"", ""1730""], ""1"": [""0830"", ""1730""], ""2"": [""0830"", ""1730""], ""3"": [""0830"", ""1730""], ""4"": [""0830"", ""1730""]}",12시30분~13시30분,08시30분~17시30분,현대호텔
JDQ4MTYyMiM1MSMkMSMkMCMkODkkMzgxMzUxIzExIyQyIyQzIyQwMCQyNjE0ODEjODEjJDEjJDYjJDgz,의료법인 길의료재단 길병원,university,인천,인천남동구,"인천광역시 남동구 남동대로774번길 21-0, 의료법인길의료재단길병원",,www.gilhospital.com/,37.452171,126.7092258,472,19870217,7,,,,
JDQ4MTYyMiM1MSMkMSMkMCMkODkkMzgxMzUxIzExIyQxIyQzIyQ3OSQyNjE4MzIjNDEjJDEjJDgjJDgz,가톨릭대학교인천성모병원,university,인천,인천부평구,"인천광역시 부평구 동수로 56-0, 가톨릭대학교인천성모병원",032-1544-9004,http://www.cmcism.or.kr/,37.4848309,126.7248987,322,19810806,5,"{""0"": [""0830"", ""1700""], ""1"": [""0830"", ""1700""], ""2"": [""0830"", ""1700""], ""3"": [""0830"", ""1700""], ""4"": [""0830"", ""1700""], ""5"": [""0800"", ""1200""], ""6"": [""0000"", ""0000""]}",12시00분~13시30분,08시00분~17시00분 (진료과 상황에 따라 변동 가능),부평6동주민센터
JDQ4MTYyMiM1MSMkMSMkMCMkODkkMzgxMzUxIzExIyQxIyQzIyQ3MiQzNjEwMDIjNjEjJDEjJDAjJDgz,인하대학교의과대학부속병원,university,인천,인천제물포구,"인천광역시 제물포구 인항로 27-0, 인하대학병원",032-890-2114,http://www.inha.com/mainpage/index.htm,37.4586786,126.6340954,401,19960322,7,"{""0"": [""0830"", ""1700""], ""1"": [""0830"", ""1700""], ""2"": [""0830"", ""1700""], ""3"": [""0830"", ""1700""], ""4"": [""0830"", ""1700""], ""5"": [""0830"", ""1200""]}",12시00분~13시00분,08시00분~16시00분,인천세관
JDQ4MTYyMiM3MSMkMSMkMCMkODkkMzgxMzUxIzExIyQxIyQzIyQ3OSQyNjEwMDIjNTEjJDEjJDYjJDgz,전남대학교병원,university,전남광주,광주동구,"전남광주통합특별시 동구 제봉로 42,  (학동)",062-1899-0000,http://www.cnuh.com/,35.1418094,126.9215805,503,19830415,9,"{""0"": [""0900"", ""1800""], ""1"": [""0900"", ""1800""], ""2"": [""0900"", ""1800""], ""3"": [""0900"", ""1800""], ""4"": [""0900"", ""1800""]}",12시00분~13시00분,08시00분~16시00분,광주지방병무청
JDQ4MTYyMiM3MSMkMSMkMCMkODkkMzgxMzUxIzExIyQxIyQzIyQ3OSQyNjEyMjIjNDEjJDEjJDgjJDgz,조선대학교병원,university,전남광주,광주동구,"전남광주통합특별시 동구 필문대로 365, (학동)",062-1811-7474,http://hosp.chosun.ac.kr,35.1390537,126.9261467,306,19830415,5,,,,
JDQ4MTYyMiM3MSMkMSMkMCMkODkkMzgxMzUxIzExIyQxIyQzIyQ2MiQ0NjEwMDIjODEjJDEjJDIjJDgz,화순전남대학교병원,university,전남광주,화순군,"전남광주통합특별시 화순군 화순읍 서양로 322, (화순읍)",061-379-7114,http://www.cnuhh.com/,35.0594333,127.0025,219,20040406,0,,,,
JDQ4MTYyMiM2MSMkMSMkNiMkODkkMzgxMzUxIzExIyQxIyQzIyQ3OSQzNjEyMjIjNDEjJDEjJDgjJDgz,원광대학교병원,university,전북,익산시,"전북특별자치도 익산시 무왕로 895, (신동)",063-859-1114,http://www.wkuh.org/,35.9646389,126.9595793,269,19811027,3,"{""0"": [""0900"", ""1730""], ""1"": [""0900"", ""1730""], ""2"": [""0900"", ""1730""], ""3"": [""0900"", ""1730""], ""4"": [""0900"", ""1730""]}",12시30분~13시30분,09시00분~17시00분(진료종료1시간전),익산시보건소
JDQ4MTYyMiM2MSMkMSMkNiMkODkkMzgxMzUxIzExIyQxIyQzIyQ3OSQyNjEwMDIjNDEjJDEjJDQjJDgz,전북대학교병원,university,전북,전주덕진구,"전북특별자치도 전주시 덕진구 건지로 20,  (금암동)",063-250-1129,http://www.cuh.co.kr/,35.8470974,127.1411626,437,19830128,7,"{""0"": [""0830"", ""1730""], ""1"": [""0830"", ""1730""], ""2"": [""0830"", ""1730""], ""3"": [""0830"", ""1730""], ""4"": [""0830"", ""1730""]}",12시00분~13시00분(진료과별 차이 있음),,전주 덕진소방서
JDQ4MTYyMiM2MSMkMSMkMiMkODkkMzgxMzUxIzExIyQxIyQzIyQ4OSQ0NjEwMDIjODEjJDEjJDYjJDgz,단국대학교의과대학부속병원,university,충남,천안동남구,"충청남도 천안시 동남구 망향로 201,  (안서동)",041-1588-0063,http://www.dkuh.co.kr/main/default.asp,36.8415904,127.172575,326,19940425,5,,,,
JDQ4MTYyMiM1MSMkMSMkOCMkODkkMzgxMzUxIzExIyQxIyQzIyQ4OSQyNjEyMjIjODEjJDEjJDIjJDgz,충북대학교병원,university,충북,청주서원구,"충청북도 청주시 서원구 1순환로 776-0, 충북대학교병원",043-269-6114,http://www.cbnuh.or.kr/business/main.action,36.6242237,127.4614843,325,19910531,5,"{""0"": [""0900"", ""1800""], ""1"": [""0900"", ""1800""], ""2"": [""0900"", ""1800""], ""3"": [""0900"", ""1800""], ""4"": [""0900"", ""1800""]}",12시00분~13시30분(진료과별 상황에 따라 1시간 사용),08시30분~18시00분,충북대학교 의과대학
JDQ4MTYyMiM1MSMkMSMkNCMkODkkMzgxMzUxIzExIyQxIyQzIyQ3OSQ0NjEwMDIjNjEjJDEjJDAjJDgz,의료법인 강릉동인병원,general,강원,강릉시,"강원특별자치도 강릉시 강릉대로419번길 42-0,  (포남동)",033-650-6161,http://www.dong-in.or.kr,37.77435,128.90735,35,19830618,1,"{""0"": [""0830"", ""1730""], ""1"": [""0830"", ""1730""], ""2"": [""0830"", ""1730""], ""3"": [""0830"", ""1730""], ""4"": [""0830"", ""1730""]}",12시30분~13시30분,08시30분~17시00분,
JDQ4MTYyMiM1MSMkMSMkNCMkODkkMzgxMzUxIzExIyQxIyQzIyQ5OSQyNjEwMDIjNTEjJDEjJDYjJDgz,강원대학교병원,general,강원,춘천시,"강원특별자치도 춘천시 백령로 156, (효자동)",033-258-2000,http://www.knuh.or.kr/main/main.asp,37.8751611,127.7448909,256,19820708,4,,,,
JDQ4MTYyMiM1MSMkMSMkNCMkODkkMzgxMzUxIzExIyQxIyQzIyQ4OSQyNjEyMjIjNjEjJDEjJDAjJDgz,한림대학교춘천성심병원,general,강원,춘천시,"강원특별자치도 춘천시 삭주로 77, 77",033-240-5000,http://chuncheon.hallym.or.kr/,37.8840791,127.7399592,151,19841210,5,,,,
JDQ4MTYyMiM1MSMkMSMkMCMkODkkMzgxMzUxIzExIyQyIyQzIyQwMCQzNjE4MzIjNjEjJDEjJDgjJDgz,의료법인명지의료재단명지병원,general,경기,고양덕양구,"경기도 고양시 덕양구 화수로14번길 55, (화정동)",031-810-5114,https://mjh.or.kr,37.6419949,126.8312622,208,19830328,2,,,,
JDQ4MTYyMiM1MSMkMSMkMCMkODkkMzgxMzUxIzExIyQxIyQzIyQ5MiQzNjE0ODEjNDEjJDEjJDgjJDgz,국립암센터,general,경기,고양일산동구,"경기도 고양시 일산동구 일산로 323, (마두동)",031-920-0114,http://www.ncc.re.kr,37.6632301,126.7834097,199,20000908,1,"{""0"": [""0800"", ""1700""], ""1"": [""0800"", ""1700""], ""2"": [""0800"", ""1700""], ""3"": [""0800"", ""1700""], ""4"": [""0800"", ""1700""]}",12시00분~13시00분,08시00분~17시00분,국립암센터
JDQ4MTYyMiM1MSMkMSMkMCMkODkkMzgxMzUxIzExIyQxIyQzIyQ4MiQzNjE4MzIjODEjJDEjJDIjJDgz,국민건강보험공단일산병원,general,경기,고양일산동구,"경기도 고양시 일산동구 일산로 100, (백석동,백석1동 1241외1필지 4층)",1577-0013,http://www.nhimc.or.kr,37.6454754,126.7930401,242,20000118,6,"{""0"": [""0900"", ""1730""], ""1"": [""0900"", ""1730""], ""2"": [""0900"", ""1730""], ""3"": [""0900"", ""1730""], ""4"": [""0900"", ""1730""], ""5"": [""0900"", ""1230""]}",12시00분 ~ 14시00분(교대식사),08시30분 ~ 16시30분,
JDQ4MTYyMiM1MSMkMSMkMCMkODkkMzgxMzUxIzExIyQxIyQzIyQwMyQ0NjE0ODEjNDEjJDEjJDgjJDgz,동국대학교일산불교병원,general,경기,고양일산동구,"경기도 고양시 일산동구 동국로 27, (식사동, 동국대학교일산병원)",031-1577-7000,http://www.dumc.or.kr/isom,37.6763969,126.8064233,213,20050531,4,"{""0"": [""0830"", ""1730""], ""1"": [""0830"", ""1730""], ""2"": [""0830"", ""1730""], ""3"": [""0830"", ""1730""], ""4"": [""0830"", ""1730""], ""5"": [""0800"", ""1230""]}",12:00~13:00,08:30~17:30,
JDQ4MTYyMiM1MSMkMSMkMCMkODkkMzgxMzUxIzExIyQxIyQzIyQ4MiQzNjEwMDIjNDEjJDEjJDgjJDgz,인제대학교일산백병원,general,경기,고양일산서구,"경기도 고양시 일산서구 주화로 170, (대화동)",031-910-7114,http://www.paik.ac.kr/ilsan/,37.6742736,126.7503802,248,19991206,5,"{""0"": [""0900"", ""1700""], ""1"": [""0900"", ""1700""], ""2"": [""0900"", ""1700""], ""3"": [""0900"", ""1700""], ""4"": [""0900"", ""1700""], ""5"": [""0900"", ""1200""]}",12시00분~13시30분,08시00분~16시00분,대화역
JDQ4MTYyMiM1MSMkMSMkMCMkODkkMzgxMzUxIzExIyQxIyQzIyQ5OSQyNjEyMjIjODEjJDEjJDIjJDgz,광명성애병원,general,경기,광명시,"경기도 광명시 디지털로 36, 광명성애병원 (철산동)",02-2680-7114,http://www.ksungae.co.kr/Index.asp,37.4736659,126.8713502,93,19831209,1,"{""0"": [""0900"", ""1730""], ""1"": [""0900"", ""1730""], ""2"": [""0900"", ""1730""], ""3"": [""0900"", ""1730""], ""4"": [""0900"", ""1730""], ""5"": [""0900"", ""1230""]}",12시30분~13시30분,08시00분~17시00분,광명소방서
JDQ4MTYyMiM1MSMkMSMkMCMkODkkMzgxMzUxIzExIyQxIyQ3IyQ2MiQzNjE0ODEjNjEjJDEjJDQjJDgz,중앙대학교광명병원,general,경기,광명시,"경기도 광명시 덕안로 110, (일직동)",1811-7800,,37.4245975,126.88591,189,20220224,7,,,,
JDQ4MTYyMiM1MSMkMSMkMCMkODkkMzgxMzUxIzExIyQxIyQzIyQ3MiQyNjE4MzIjODEjJDEjJDIjJDgz,한양대학교구리병원,general,경기,구리시,"경기도 구리시 경춘로 153, (교문동)",1644-9118,http://guri.hyumc.com/index.asp?,37.6012985,127.1324272,224,19950603,5,,,,
JDQ4MTYyMiM1MSMkMSMkMCMkODkkMzgxMzUxIzExIyQxIyQzIyQ5MiQyNjE4MzIjNTEjJDEjJDIjJDgz,원광대학교 산본병원,general,경기,군포시,"경기도 군포시 산본로 321, (산본동)",031-390-2300,http://www.wmcsb.co.kr,37.3594127,126.9336147,44,20000801,0,"{""0"": [""0830"", ""1700""], ""1"": [""0830"", ""1700""], ""2"": [""0830"", ""1700""], ""3"": [""0830"", ""1700""], ""4"": [""0830"", ""1700""], ""5"": [""0830"", ""1230""]}",12:30~13:30,08:00~17:00,군포시청 및 군포우체국
JDQ4MTYyMiM1MSMkMSMkMCMkODkkMzgxMzUxIzExIyQxIyQ3IyQ4OSQyNjEyMjIjNzEjJDEjJDgjJDgz,효산의료재단 지샘병원,general,경기,군포시,"경기도 군포시 군포로 591, (당동, (G샘병원)군포샘병원)",031-389-3000,http://www.gsamhospital.com,37.358672,126.9473164,85,20130612,1,"{""0"": [""0830"", ""1730""], ""1"": [""0830"", ""1730""], ""2"": [""0830"", ""1730""], ""3"": [""0830"", ""1730""], ""4"": [""0830"", ""1730""], ""5"": [""0830"", ""1300""]}",12시30분~13시30분,08시00분~17시00분,"군포역, 군포1동 주민센터"
JDQ4MTYyMiM1MSMkMSMkMCMkODkkMzgxMzUxIzExIyQxIyQ3IyQ3OSQ0NjE0ODEjODEjJDEjJDYjJDgz,의료법인우리의료재단김포우리병원,general,경기,김포시,"경기도 김포시 감암로 11, 김포우리병원 (걸포동)",031-999-1000,http://www.gwhospital.co.kr/,37.6323325,126.7107331,114,20020513,1,"{""0"": [""0900"", ""1730""], ""1"": [""0900"", ""1730""], ""2"": [""0900"", ""1730""], ""3"": [""0900"", ""1730""], ""4"": [""0900"", ""1730""], ""5"": [""0900"", ""1330""]}",12시30분~13시30분,08시30분~17시30분,
JDQ4MTYyMiM1MSMkMSMkMCMkODkkMzgxMzUxIzExIyQxIyQ3IyQ4OSQyNjE0ODEjNDEjJDEjJDgjJDgz,의료법인인봉의료재단뉴고려병원,general,경기,김포시,"경기도 김포시 김포한강3로 283, 뉴고려병원 (장기동)",031-998-8129,http://www.nkhospital.net,37.640959,126.6602138,62,20090413,0,,13시~14시,08시30분~17시30분,
JDQ4MTYyMiM1MSMkMSMkMCMkODkkMzgxMzUxIzExIyQxIyQzIyQ4OSQyNjEyMjIjNDEjJDEjJDgjJDgz,부천세종병원,general,경기,부천소사구,"경기도 부천시 소사구 호현로489번길 28, (소사본동, 세종병원)",1599-6677,http://www.sejongh.co.kr,37.4809661,126.7913172,93,19820820,0,"{""0"": [""0830"", ""1730""], ""1"": [""0830"", ""1730""], ""2"": [""0830"", ""1730""], ""3"": [""0830"", ""1730""], ""4"": [""0830"", ""1730""], ""5"": [""0830"", ""1230""]}",12:30 - 13:30,08:30 - 16:30,소사역
JDQ4MTYyMiM1MSMkMSMkMCMkODkkMzgxMzUxIzExIyQxIyQzIyQ5OSQyNjEwMDIjNDEjJDEjJDQjJDgz,가톨릭대학교부천성모병원,general,경기,부천원미구,"경기도 부천시 원미구 소사로 327, 가톨릭대학교 부천성모병원 (소사동)",032-1577-0675,http://www.cmcbucheon.or.kr,37.4871165,126.7924166,217,19831108,5,"{""0"": [""0830"", ""1700""], ""1"": [""0830"", ""1700""], ""2"": [""0830"", ""1700""], ""3"": [""0830"", ""1700""], ""4"": [""0830"", ""1700""], ""5"": [""0830"", ""1200""]}",12:30~13:30,오전진료접수 08:00~11:30/오후진료접수 08:00~17:00,지하철 1호선 소사역 3번출구
JDQ4MTYyMiM1MSMkMSMkMCMkODkkMzgxMzUxIzExIyQxIyQzIyQ5MiQzNjEwMDIjODEjJDEjJDYjJDgz,국군수도병원,general,경기,성남분당구,"경기도 성남시 분당구 새마을로177번길 81, (율동)",031-725-6075,,37.3923789,127.1490674,119,20000226,3,,,,
JDQ4MTYyMiM1MSMkMSMkMCMkODkkMzgxMzUxIzExIyQxIyQzIyQ3MiQzNjE4MzIjNDEjJDEjJDgjJDgz,대진의료재단 분당제생병원,general,경기,성남분당구,"경기도 성남시 분당구 서현로180번길 20, (서현동)",031-779-0114,http://www.dmc.or.kr,37.3882035,127.1217783,191,19980328,2,,,,
JDQ4MTYyMiM1MSMkMSMkMCMkODkkMzgxMzUxIzExIyQxIyQzIyQ3MiQyNjEwMDIjNDEjJDEjJDgjJDgz,차의과학대학교분당차병원,general,경기,성남분당구,"경기도 성남시 분당구 야탑로 59, (야탑동)",031-780-5000,bundang.chamc.co.kr,37.4102384,127.1254535,480,19950324,5,"{""0"": [""0830"", ""1730""], ""1"": [""0830"", ""1730""], ""2"": [""0830"", ""1730""], ""3"": [""0830"", ""1730""], ""4"": [""0830"", ""1730""], ""5"": [""0830"", ""1230""]}",12:30~13:30,07:30~16:30,
JDQ4MTYyMiM1MSMkMSMkMCMkODkkMzgxMzUxIzExIyQyIyQ3IyQwMCQzNjEyMjIjNjEjJDEjJDAjJDgz,성남시의료원,general,경기,성남수정구,"경기도 성남시 수정구 수정로171번길 10, 성남시의료원 (태평동)",031-738-7000,,37.4449939,127.1390646,66,20191107,1,,,,
JDQ4MTYyMiM1MSMkMSMkMCMkODkkMzgxMzUxIzExIyQxIyQzIyQxMyQ0NjE0ODEjODEjJDEjJDIjJDgz,경기도의료원 수원병원,general,경기,수원장안구,"경기도 수원시 장안구 수성로245번길 69, (정자동)",031-888-0114,https://www.medical.or.kr/suwon/index.do,37.2918917,126.9963375,33,19651221,0,,12시30분~13시30분,8시30분~17시30분,
JDQ4MTYyMiM1MSMkMSMkMCMkODkkMzgxMzUxIzExIyQxIyQzIyQ4OSQ0NjE0ODEjNDEjJDEjJDQjJDgz,의료법인 녹산의료재단동수원병원,general,경기,수원팔달구,"경기도 수원시 팔달구 중부대로 165, (우만동)",031-210-0114,http://www.dswhosp.co.kr,37.2780648,127.0345486,77,19830518,1,"{""0"": [""0900"", ""1700""], ""1"": [""0900"", ""1700""], ""2"": [""0900"", ""1700""], ""3"": [""0900"", ""1700""], ""4"": [""0900"", ""1700""], ""5"": [""0900"", ""1200""]}",12시30분~13시30분,08시40분~16시30분,
JDQ4MTYyMiM1MSMkMSMkMCMkODkkMzgxMzUxIzExIyQxIyQzIyQxMyQyNjEwMDIjNDEjJDEjJDgjJDgz,의료법인 석경의료재단 센트럴병원,general,경기,시흥시,"경기도 시흥시 공단1대로 237, (정왕동, 센트럴 병원)",031-8041-3000,,37.3369084,126.7281267,43,20080219,0,,,,
JDQ4MTYyMiM1MSMkMSMkMCMkODkkMzgxMzUxIzExIyQxIyQzIyQwMyQ0NjEwMDIjODEjJDEjJDYjJDgz,대아의료재단한도병원,general,경기,안산단원구,"경기도 안산시 단원구 선부광장로 103, (선부동)",031-8040-1114,http://www.handoh.com,37.3340586,126.8076223,57,20061013,1,"{""0"": [""0900"", ""1700""], ""1"": [""0900"", ""1700""], ""2"": [""0900"", ""1700""], ""3"": [""0900"", ""1700""], ""4"": [""0900"", ""1700""], ""5"": [""0900"", ""1230""]}",,09:00~17:00,차량등록사업소
JDQ4MTYyMiM1MSMkMSMkMCMkODkkMzgxMzUxIzExIyQxIyQ3IyQ2MiQyNjE0ODEjNTEjJDEjJDIjJDgz,의료법인 플러스의료재단 단원병원,general,경기,안산단원구,"경기도 안산시 단원구 원포공원1로 20, (초지동)",031-8040-6600,,37.3002282,126.8134984,58,20080301,0,"{""0"": [""0830"", ""1730""], ""1"": [""0830"", ""1730""], ""2"": [""0830"", ""1730""], ""3"": [""0830"", ""1730""], ""4"": [""0830"", ""1730""], ""5"": [""0830"", ""1230""]}","외과계:12시~13시, 내과계:12시 30분~13시 30분, 소아과 : 13시~14시",08:00 ~ 17:00 이외 야간원무과 이용,
JDQ4MTYyMiM1MSMkMSMkMCMkODkkMzgxMzUxIzExIyQxIyQ3IyQ2MiQzNjE4MzIjNDEjJDEjJDQjJDgz,의료법인칠석의료재단사랑의병원,general,경기,안산상록구,"경기도 안산시 상록구 예술광장로 69, 사랑의병원(593-4번지/593-5번지) (성포동)",031-439-3000,,37.3269353,126.8449325,41,19991011,0,"{""0"": [""0900"", ""1800""], ""1"": [""0900"", ""1730""], ""2"": [""0900"", ""1730""], ""3"": [""0900"", ""1730""], ""4"": [""0900"", ""1730""], ""5"": [""0900"", ""1300""], ""6"": [""0000"", ""2400""]}",12:30 ~ 13:30,09:00 ~ 17:00,성포우체국
JDQ4MTYyMiM1MSMkMSMkMCMkODkkMzgxMzUxIzExIyQxIyQzIyQ3MiQ0NjEwMDIjNzEjJDEjJDgjJDgz,효산의료재단 안양샘병원,general,경기,안양만안구,"경기도 안양시 만안구 삼덕로 9, (안양동, 안양샘병원)",031-467-9114,http://anyang.samhospital.com,37.3935234,126.9243939,91,19770218,1,"{""0"": [""0830"", ""1730""], ""1"": [""0830"", ""1730""], ""2"": [""0830"", ""1730""], ""3"": [""0830"", ""1730""], ""4"": [""0830"", ""1730""], ""5"": [""0830"", ""1300""], ""6"": [""1300"", ""1700""]}",12:30 ~ 13:30,08:30 ~ 17:30 [당일접수 가능],안양우체국
JDU4MTI3MSM1MSMkMSMkNCMkODkkMzgxMzUxIzExIyQxIyQzIyQ3OSQyNjEwMDIjNDEjJDEjJDgjJDgz,세종여주병원,general,경기,여주시,"경기도 여주시 청심로 39, 세종여주병원 (하동)",031-880-7700,https://세종여주병원.com,37.301484,127.6253003,25,19980427,2,,,,
JDQ4MTYyMiM1MSMkMSMkMCMkODkkMzgxMzUxIzExIyQxIyQzIyQ2MiQyNjE4MzIjNDEjJDEjJDgjJDgz,연세대학교 의과대학 용인세브란스병원,general,경기,용인기흥구,"경기도 용인시 기흥구 동백죽전대로 363, (중동)",1899-1004,https://yi.severance.healthcare/yi/index.do,37.270805,127.1485144,250,19830309,8,"{""0"": [""0830"", ""1700""], ""1"": [""0830"", ""1700""], ""2"": [""0830"", ""1700""], ""3"": [""0830"", ""1700""], ""4"": [""0830"", ""1700""], ""5"": [""0830"", ""1200""]}",12:00-13:30,08:00-16:30,용인세브란스병원
JDQ4MTYyMiM1MSMkMSMkMCMkODkkMzgxMzUxIzExIyQxIyQzIyQ5OSQ0NjEwMDIjNjEjJDEjJDQjJDgz,가톨릭대학교의정부성모병원,general,경기,의정부시,"경기도 의정부시 천보로 271, 의정부성모병원 (금오동)",1661-7500,http://www.cmcujb.or.kr/,37.7587045,127.0777625,233,19711230,6,,,,
JDQ4MTYyMiM1MSMkMSMkMCMkODkkMzgxMzUxIzExIyQxIyQ3IyQ2MiQyNjEwMDIjNDEjJDEjJDgjJDgz,학교법인 을지학원 의정부을지대학교병원,general,경기,의정부시,"경기도 의정부시 동일로 712, 을지대학교 의정부캠퍼스 및 부속병원 (금오동)",031-951-1000,,37.7518185,127.0506997,161,20201123,3,,,,
JDQ4MTYyMiM1MSMkMSMkMCMkODkkMzgxMzUxIzExIyQxIyQ3IyQ3OSQ0NjEwMDIjNzEjJDEjJDgjJDgz,한림대학교동탄성심병원,general,경기,화성동탄구,"경기도 화성시 동탄구 큰재봉길 7, (석우동)",031-8086-3000,http://dongtan.hallym.or.kr/,37.2165141,127.0799502,303,20120914,5,"{""0"": [""0830"", ""1700""], ""1"": [""0830"", ""1700""], ""2"": [""0830"", ""1700""], ""3"": [""0830"", ""1700""], ""4"": [""0830"", ""1700""], ""5"": [""0830"", ""1200""]}",12:00~13:30,"08:30~12:00, 13:30~17:00",
JDQ4MTYyMiM4MSMkMSMkNCMkODkkMzgxMzUxIzExIyQxIyQzIyQ4MiQzNjEyMjIjNjEjJDEjJDQjJDgz,한일병원,general,경남,진주시,"경상남도 진주시 범골로 17, 한일병원 지하1 1~7층 (충무공동)",055-759-7777,,35.1669944,128.1285557,45,19930212,1,"{""0"": [""0900"", ""1710""], ""1"": [""0900"", ""1710""], ""2"": [""0900"", ""1710""], ""3"": [""0900"", ""1710""], ""4"": [""0900"", ""1710""], ""5"": [""0900"", ""1310""]}",12시30분~13시30분,[월~금]08시30분~17시10분,
JDQ4MTYyMiM4MSMkMSMkNCMkODkkMzgxMzUxIzExIyQxIyQzIyQ4MiQyNjE4MzIjNDEjJDEjJDgjJDgz,창원경상국립대학교병원,general,경남,창원성산구,"경상남도 창원시 성산구 삼정자로 11, (성주동, 창원경상대학교병원)",055-214-2000,,35.1990872,128.7078463,159,20160115,2,"{""0"": [""0900"", ""1800""], ""1"": [""0900"", ""1800""], ""2"": [""0900"", ""1800""], ""3"": [""0900"", ""1800""], ""4"": [""0900"", ""1800""]}",12시 00분 ~ 13시 30분,08시00분~17시00분,
JDQ4MTYyMiM4MSMkMSMkNCMkODkkMzgxMzUxIzExIyQxIyQzIyQ4OSQyNjEwMDIjODEjJDEjJDIjJDgz,창원파티마병원,general,경남,창원의창구,"경상남도 창원시 의창구 창이대로 45-45, (명서동)",055-270-1000,https://www.fatimahosp.co.kr/,35.237293,128.645913,109,19830202,3,,,,
JDQ4MTYyMiM4MSMkMSMkNCMkODkkMzgxMzUxIzExIyQxIyQzIyQ2MiQ0NjE0ODEjNzEjJDEjJDgjJDgz,창원한마음병원,general,경남,창원의창구,"경상남도 창원시 의창구 용동로57번길 8, (사림동)",055-225-0000,http://www.hanheart.co.kr,35.2379477,128.6990272,117,20020401,2,"{""0"": [""0900"", ""1800""], ""1"": [""0900"", ""1800""], ""2"": [""0900"", ""1800""], ""3"": [""0900"", ""1800""], ""4"": [""0900"", ""1800""], ""5"": [""0900"", ""1300""]}",13시00분~14시00분,08시00분~17시30분,"창원중앙역, 창원대학교(동문방향)"
JDQ4MTYyMiM4MSMkMSMkMCMkODkkMzgxMzUxIzExIyQxIyQzIyQ2MiQ0NjE0ODEjNTEjJDEjJDYjJDgz,의료법인 근원의료재단 경산중앙병원,general,경북,경산시,"경상북도 경산시 경안로 11,  (백천동)",053-715-0100,,35.8088799,128.7401912,32,20110225,0,"{""0"": [""0900"", ""1800""], ""1"": [""0900"", ""1800""], ""2"": [""0900"", ""1800""], ""3"": [""0900"", ""1800""], ""4"": [""0900"", ""1800""], ""5"": [""0900"", ""1300""]}",13시00분~14시00분,09시00분~18시00분,경북체육고등학교
JDQ4MTYyMiM4MSMkMSMkMCMkODkkMzgxMzUxIzExIyQxIyQzIyQ4MiQyNjE0ODEjNTEjJDEjJDIjJDgz,의료법인 서명의료재단 세명종합병원,general,경북,경산시,"경상북도 경산시 경안로 208, (중방동)",053-819-8800,http://www.smhospital.kr,35.8263331,128.7371689,38,20030925,1,"{""0"": [""0900"", ""1730""], ""1"": [""0900"", ""1730""], ""2"": [""0900"", ""1730""], ""3"": [""0900"", ""1730""], ""4"": [""0900"", ""1730""], ""5"": [""0900"", ""1300""]}",13시00분~14시00분,08시50분~17시30분,경산시 시외버스터미널
JDQ4MTYyMiM4MSMkMSMkMCMkODkkMzgxMzUxIzExIyQxIyQzIyQ5OSQyNjE0ODEjNTEjJDEjJDYjJDgz,동국대학교의과대학경주병원,general,경북,경주시,"경상북도 경주시 동대로 87,  (석장동)",054-748-9300,http://www.dumc.or.kr/index01.jsp,35.8583076,129.1966582,110,19910919,4,"{""0"": [""0900"", ""1730""], ""1"": [""0900"", ""1730""], ""2"": [""0900"", ""1730""], ""3"": [""0900"", ""1730""], ""4"": [""0900"", ""1730""], ""5"": [""0900"", ""1230""]}",12시30분~13시30분,08시30분~17시00분,동국대학교 경주캠퍼스
JDQ4MTYyMiM4MSMkMSMkMCMkODkkMzgxMzUxIzExIyQxIyQzIyQ2MiQzNjE0ODEjNDEjJDEjJDgjJDgz,순천향대학교 부속 구미병원,general,경북,구미시,"경상북도 구미시 1공단로 179,  (공단동)",054-468-9114,http://www.schmc.ac.kr/gumi/kor/index.do,36.1029182,128.3827377,89,19790918,1,,,,
JDQ4MTYyMiM4MSMkMSMkMCMkODkkMzgxMzUxIzExIyQyIyQzIyQwMCQzNjE0ODEjNTEjJDEjJDYjJDgz,차의과학대학교부속구미차병원,general,경북,구미시,"경상북도 구미시 신시로10길 12,  (형곡동)",054-450-9700,http://kumi.chamc.co.kr,36.1145324,128.3405414,81,19950617,1,"{""0"": [""0830"", ""1730""], ""1"": [""0830"", ""1730""], ""2"": [""0830"", ""1730""], ""3"": [""0830"", ""1730""], ""4"": [""0830"", ""1730""], ""5"": [""0830"", ""1230""]}",12:30~13:30,08:30~17:30,
JDQ4MTYyMiM4MSMkMSMkMCMkODkkMzgxMzUxIzExIyQyIyQzIyQwMCQ0NjEwMDIjNjEjJDEjJDAjJDgz,경상북도김천의료원,general,경북,김천시,"경상북도 김천시 모암길 24,  (모암동)",054-432-8901,http://www.gcmc.or.kr,36.1227232,128.1264391,41,19660426,1,"{""0"": [""0830"", ""1730""], ""1"": [""0830"", ""1730""], ""2"": [""0830"", ""1730""], ""3"": [""0830"", ""1730""], ""4"": [""0830"", ""1730""], ""5"": [""0830"", ""1230""]}",12시30분~13시30분,08시30~17시,김천시 자산동주민센터
JDQ4MTYyMiM4MSMkMSMkMCMkODkkMzgxMzUxIzExIyQxIyQzIyQ2MiQyNjEwMDIjNjEjJDEjJDgjJDgz,의료법인덕산의료재단김천제일병원,general,경북,김천시,"경상북도 김천시 신음1길 12,  (신음동)",054-420-9300,http://www.jeilh.com,36.1354003,128.1187923,35,19980529,1,"{""0"": [""0900"", ""1800""], ""1"": [""0900"", ""1800""], ""2"": [""0900"", ""1800""], ""3"": [""0900"", ""1800""], ""4"": [""0900"", ""1800""], ""5"": [""0900"", ""1300""]}",12:30~13:30,08:00~17:30,
JDQ4MTYyMiM4MSMkMSMkMCMkODkkMzgxMzUxIzExIyQyIyQzIyQwMCQzNjEwMDIjNDEjJDEjJDgjJDgz,경상북도안동의료원,general,경북,안동시,"경상북도 안동시 태사2길 55,  (북문동)",054-850-6000,http://amc.or.kr,36.5682206,128.7321116,32,19810831,1,"{""0"": [""0830"", ""1730""], ""1"": [""0830"", ""1730""], ""2"": [""0830"", ""1730""], ""3"": [""0830"", ""1730""], ""4"": [""0830"", ""1730""], ""5"": [""0830"", ""1230""]}",12시30분~13시30분,07시30분~17시00분,
JDQ4MTYyMiM4MSMkMSMkMCMkODkkMzgxMzUxIzExIyQxIyQzIyQ4OSQyNjEwMDIjNjEjJDEjJDAjJDgz,안동성소병원,general,경북,안동시,"경상북도 안동시 서동문로 99,  (금곡동)",054-850-8114,http://www.sungso.com,36.5672422,128.7228172,49,19810625,1,"{""0"": [""0900"", ""1730""], ""1"": [""0900"", ""1730""], ""2"": [""0900"", ""1730""], ""3"": [""0900"", ""1730""], ""4"": [""0900"", ""1730""], ""5"": [""0900"", ""1230""]}",12시30분~13시30분,08시00분~17시00분,안동시청
JDQ4MTYyMiM4MSMkMSMkMCMkODkkMzgxMzUxIzExIyQxIyQzIyQ4OSQyNjEyMjIjNTEjJDEjJDIjJDgz,의료법인안동병원,general,경북,안동시,"경상북도 안동시 앙실로 11,  (수상동)",054-840-1004,http://www.andonghospital.co.kr,36.5467408,128.7010976,106,19820520,1,"{""0"": [""0830"", ""1700""], ""1"": [""0830"", ""1700""], ""2"": [""0830"", ""1700""], ""3"": [""0830"", ""1700""], ""4"": [""0830"", ""1700""], ""5"": [""0830"", ""1230""]}",12:30 ~ 13:30,08:30 ~ 17:00,
JDQ4MTYyMiM4MSMkMSMkMCMkODkkMzgxMzUxIzExIyQyIyQzIyQwMCQyNjE4MzIjNjEjJDEjJDQjJDgz,영남대학교의과대학부속영천병원,general,경북,영천시,"경상북도 영천시 오수1길 10, (오수동)",054-338-9000,http://yumc.ac.kr/yc/00_main/main.htm,35.957285,128.913212,17,19990928,0,,,,
JDQ4MTYyMiM4MSMkMSMkMCMkODkkMzgxMzUxIzExIyQxIyQzIyQ5OSQyNjEwMDIjNDEjJDEjJDgjJDgz,의료법인한성재단포항세명기독병원,general,경북,포항남구,"경상북도 포항시 남구 포스코대로 351,  (대도동)",054-275-0005,http://www.phgidok.com/,36.0177172,129.3622256,128,19921221,0,"{""0"": [""0830"", ""1730""], ""1"": [""0830"", ""1730""], ""2"": [""0830"", ""1730""], ""3"": [""0830"", ""1730""], ""4"": [""0830"", ""1730""], ""5"": [""0830"", ""1230""]}",12시 30~13시 30분,8시 30분,
JDQ4MTYyMiM4MSMkMSMkMCMkODkkMzgxMzUxIzExIyQxIyQzIyQ3OSQzNjEyMjIjODEjJDEjJDIjJDgz,포항성모병원,general,경북,포항남구,"경상북도 포항시 남구 대잠동길 17,  (대잠동)",054-272-0151,www.pohangsmh.co.kr/,36.0159003,129.3399527,108,19770531,1,"{""0"": [""0900"", ""1730""], ""1"": [""0900"", ""1730""], ""2"": [""0900"", ""1730""], ""3"": [""0900"", ""1730""], ""4"": [""0900"", ""1730""], ""5"": [""0900"", ""1230""]}",12시 30분~13시 30분,08:00~17:00,포항시청
JDQ4MTYyMiM4MSMkMSMkMCMkODkkMzgxMzUxIzExIyQxIyQzIyQ3OSQzNjE0ODEjNDEjJDEjJDgjJDgz,경상북도포항의료원,general,경북,포항북구,"경상북도 포항시 북구 용흥로 36,  (용흥동)",054-247-0551,http://www.pmc.or.kr,36.0348814,129.3549409,29,19780727,1,,,,
JDQ4MTYyMiM4MSMkMSMkMCMkODkkMzgxMzUxIzExIyQxIyQzIyQ5OSQyNjEyMjIjNDEjJDEjJDQjJDgz,한국보훈복지의료공단 대구보훈병원,general,대구,대구달서구,"대구광역시 달서구 월곡로 60, (도원동)",053-630-7000,http://daegu.bohun.or.kr,35.8028206,128.5519785,49,19930210,3,,,,
JDQ4MTYyMiM4MSMkMSMkMCMkODkkMzgxMzUxIzExIyQxIyQzIyQ3OSQyNjE4MzIjNTEjJDEjJDYjJDgz,대구파티마병원,general,대구,대구동구,"대구광역시 동구 아양로 99, (신암동)",053-1688-7770,http://www.fatima.or.kr,35.8842611,128.6244071,199,19620822,5,"{""0"": [""0900"", ""1730""], ""1"": [""0900"", ""1730""], ""2"": [""0900"", ""1730""], ""3"": [""0900"", ""1730""], ""4"": [""0900"", ""1730""], ""5"": [""0900"", ""1230""]}",12시30분~13시30분,08시40분~16시30분(오전 11시30분 이후 접수시에는 오후진료만 가능합니다),동대구역
JDQ4MTYyMiM4MSMkMSMkMCMkODkkMzgxMzUxIzExIyQxIyQzIyQ4OSQ0NjE0ODEjNDEjJDEjJDgjJDgz,대구의료원,general,대구,대구서구,"대구광역시 서구 평리로 157, (중리동)",053-560-7575,http://www.daegumc.co.kr,35.85964,128.540587,44,19830228,0,,,,
JDQ4MTYyMiM4MSMkMSMkMCMkODkkMzgxMzUxIzExIyQxIyQzIyQ3MiQzNjEwMDIjNjEjJDEjJDgjJDgz,계명대학교대구동산병원,general,대구,대구중구,"대구광역시 중구 달성로 56, 계명대학교대구동산병원 (동산동)",053-250-8114,,35.8694728,128.5831323,39,20190329,2,,,,
JDQ4MTYyMiM2MSMkMSMkMiMkODkkMzgxMzUxIzExIyQxIyQzIyQ5OSQyNjE4MzIjNzEjJDEjJDgjJDgz,대전보훈병원,general,대전,대전대덕구,"대전광역시 대덕구 대청로82번길 147, 147",042-939-0111,http://daejeon.bohun.or.kr,36.4473355,127.4396417,38,19971031,1,,,,
JDQ4MTYyMiM2MSMkMSMkMiMkODkkMzgxMzUxIzExIyQxIyQzIyQ3OSQzNjE0ODEjNDEjJDEjJDgjJDgz,학교법인 을지학원 대전을지대학교병원,general,대전,대전서구,"대전광역시 서구 둔산서로 95, (둔산동)",042-611-3000,http://www.emc.ac.kr/default.asp,36.3553098,127.3819888,232,19810305,1,"{""0"": [""0830"", ""1730""], ""1"": [""0830"", ""1730""], ""2"": [""0830"", ""1730""], ""3"": [""0830"", ""1730""], ""4"": [""0830"", ""1730""], ""5"": [""0830"", ""1230""]}",12:00 ~ 13:00,08:30 ~ 17:30,대전광역시 서구청
JDQ4MTYyMiM2MSMkMSMkMiMkODkkMzgxMzUxIzExIyQxIyQzIyQ3OSQ0NjEwMDIjNDEjJDEjJDgjJDgz,의료법인 영훈의료재단 대전선병원,general,대전,대전중구,"대전광역시 중구 목중로 29, (목동)",042-220-8114,http://www.sunhospital.com/main/,36.3360668,127.4104138,74,19820630,0,"{""0"": [""0830"", ""1730""], ""1"": [""0830"", ""1730""], ""2"": [""0830"", ""1730""], ""3"": [""0830"", ""1730""], ""4"": [""0830"", ""1730""], ""5"": [""0830"", ""1230""]}",12:30~13:30,08시30분~17시30분,대전 출입국관리사무소
JDQ4MTYyMiM2MSMkMSMkMiMkODkkMzgxMzUxIzExIyQxIyQzIyQ3OSQyNjE4MzIjNTEjJDEjJDIjJDgz,학교법인 가톨릭학원 가톨릭대학교 대전성모병원,general,대전,대전중구,"대전광역시 중구 대흥로 64, (대흥동)",042-220-9114,http://www.cmcdj.or.kr/,36.323042,127.4201629,151,19800515,4,"{""0"": [""0830"", ""1700""], ""1"": [""0830"", ""1700""], ""2"": [""0830"", ""1700""], ""3"": [""0830"", ""1700""], ""4"": [""0830"", ""1700""], ""5"": [""0830"", ""1200""]}",12시30분 ~ 13시30분,08시00분 ~ 17시00분,대전광역시 중구청
JDQ4MTAxMiM1MSMkMSMkMCMkODkkMzgxMzUxIzExIyQxIyQzIyQ3OSQzNjEwMDIjNjEjJDEjJDQjJDgz,부산성모병원(재단법인 천주교부산교구유지재단),general,부산,부산남구,"부산광역시 남구 용호로232번길 25-14, (용호동)",051-933-7114,http://bsm.or.kr,35.1104571,129.109125,79,20060602,2,"{""0"": [""0830"", ""1730""], ""1"": [""0830"", ""1730""], ""2"": [""0830"", ""1730""], ""3"": [""0830"", ""1730""], ""4"": [""0830"", ""1730""], ""5"": [""0830"", ""1230""]}",12:30~13:30,08:30~17:30,부산 남부경찰서 용호지구대
JDQ4MTAxMiM1MSMkMSMkMCMkODkkMzgxMzUxIzExIyQxIyQzIyQ5OSQ0NjEwMDIjNTEjJDEjJDIjJDgz,한국보훈복지의료공단 부산보훈병원,general,부산,부산사상구,"부산광역시 사상구 백양대로 420, (주례동)",051-601-6000,http://busan.bohun.or.kr,35.1533821,129.006575,70,19920511,1,"{""0"": [""0820"", ""1730""], ""1"": [""0820"", ""1730""], ""2"": [""0820"", ""1730""], ""3"": [""0820"", ""1730""], ""4"": [""0820"", ""1730""]}",12시30분~13시30분,08시20분~17시00분,
JDQ4MTAxMiM1MSMkMSMkMCMkODkkMzgxMzUxIzExIyQxIyQzIyQ5OSQyNjEyMjIjNjEjJDEjJDQjJDgz,삼육부산병원,general,부산,부산서구,"부산광역시 서구 대티로 170, (서대신동2가)",242-9751,http://www.bah.kr,35.1127675,129.0110653,55,19740307,1,"{""0"": [""0845"", ""1700""], ""1"": [""0845"", ""1700""], ""2"": [""0845"", ""1700""], ""3"": [""0845"", ""1700""], ""4"": [""0845"", ""1210""], ""6"": [""0845"", ""1710""]}",12:30-13:30,"월-목 08:45-16:30, 금 08:45-11:45",부산광역시 서구 서대신1동 주민자치센터
JDQ4MTAxMiM1MSMkMSMkMCMkODkkMzgxMzUxIzExIyQxIyQzIyQ3MiQ0NjE0ODEjNjEjJDEjJDgjJDgz,의료법인 은성의료재단 좋은강안병원,general,부산,부산수영구,"부산광역시 수영구 수영로 493, (남천동)",051-625-0900,http://gang-an.or.kr/index.php,35.1500685,129.1106218,95,20050223,4,,12:30-13:30,09:00-18:00(월) / 09:00-17:00(화-금),부산 KBS
JDQ4MTAxMiM1MSMkMSMkMCMkODkkMzgxMzUxIzExIyQxIyQzIyQ5OSQyNjE0ODEjODEjJDEjJDYjJDgz,부산광역시의료원,general,부산,부산연제구,"부산광역시 연제구 월드컵대로 359, (거제동, 1동, 5동일부)",051-507-3000,http://www.busanmc.or.kr,35.1872821,129.0592351,73,19820630,1,"{""0"": [""0830"", ""1730""], ""1"": [""0830"", ""1730""], ""2"": [""0830"", ""1730""], ""3"": [""0830"", ""1730""], ""4"": [""0830"", ""1730""]}",12시30분~13시30분,08시30분~16시30분,
JDQ4MTAxMiM1MSMkMSMkMCMkODkkMzgxMzUxIzExIyQxIyQzIyQ3OSQyNjEwMDIjNTEjJDEjJDIjJDgz,재단법인천주교부산교구유지재단 메리놀병원,general,부산,부산중구,"부산광역시 중구 중구로 121, (대청동4가)",051-465-8801,http://www.maryknoll.co.kr,35.1076838,129.0324148,82,19740430,5,"{""0"": [""0930"", ""1630""], ""1"": [""0930"", ""1630""], ""2"": [""0930"", ""1630""], ""3"": [""0930"", ""1630""], ""4"": [""0930"", ""1630""], ""5"": [""0930"", ""1200""]}",12시30분-13시30분,8시40분-16시15분(응급실은 24시간),부산광역시 중구청
JDQ4MTAxMiM1MSMkMSMkMCMkODkkMzgxMzUxIzExIyQxIyQzIyQ4MiQyNjEwMDIjNjEjJDEjJDgjJDgz,의료법인 온그룹의료재단 온병원,general,부산,부산진구,"부산광역시 부산진구 가야대로 719, ,767,721,본관 지하3~11층 전부,12층 일부,13~14층 전부,15층 일부,신관 1층, 9층 일부 (당감동)",051-607-0114,http://www.onhospital.org,35.1574359,129.0504284,73,20100226,0,"{""0"": [""0900"", ""1800""], ""1"": [""0900"", ""1700""], ""2"": [""0900"", ""1700""], ""3"": [""0900"", ""1700""], ""4"": [""0900"", ""1700""], ""5"": [""0900"", ""1300""]}",12:30~13:30,,부산영어도서관
JDQ4MTAxMiM1MSMkMSMkMCMkODkkMzgxMzUxIzExIyQxIyQzIyQ2MiQyNjEwMDIjNDEjJDEjJDgjJDgz,학교법인)동의병원,general,부산,부산진구,"부산광역시 부산진구 양정로 62, 지상2ㆍ3ㆍ10층 각 일부/ 지하1ㆍ지상1ㆍ지상4~지상8층 전층 (양정동)",051-867-5101,http://www.demc.kr/,35.1698202,129.076514,69,19900421,0,"{""0"": [""0830"", ""1730""], ""1"": [""0830"", ""1730""], ""2"": [""0830"", ""1730""], ""3"": [""0830"", ""1730""], ""4"": [""0830"", ""1730""], ""5"": [""0830"", ""1300""]}",12시30분~13시30,08시30분~17시30분,동의대학교 한의과대학
JDQ4MTAxMiM1MSMkMSMkMCMkODkkMzgxMzUxIzExIyQxIyQzIyQ4MiQyNjE0ODEjODEjJDEjJDIjJDgz,인제대학교 해운대백병원,general,부산,부산해운대구,"부산광역시 해운대구 해운대로 875, (좌동)",051-797-0100,http://www.paik.ac.kr/haeundae/,35.173443,129.182013,330,20100210,5,"{""0"": [""0900"", ""1700""], ""1"": [""0900"", ""1700""], ""2"": [""0900"", ""1700""], ""3"": [""0900"", ""1700""], ""4"": [""0900"", ""1700""]}",12:20 ~13:20,08:00 ~16:00,"부흥고등학교, 해운대지역난방(부산환경공단해운대사업소)"
JDQ4MTg4MSM1MSMkMSMkMCMkODkkMzgxMzUxIzExIyQxIyQ3IyQ5OSQzNjE4MzIjNDEjJDEjJDQjJDgz,강동경희대학교병원,general,서울,강동구,"서울특별시 강동구 동남로 892, (상일동)",02-440-7114,http://www.khnmc.or.kr,37.553536,127.1576732,288,20060227,5,"{""0"": [""0830"", ""1730""], ""1"": [""0830"", ""1730""], ""2"": [""0830"", ""1730""], ""3"": [""0830"", ""1730""], ""4"": [""0830"", ""1730""], ""5"": [""0830"", ""1200""]}",12시~13시,09시00분~16시30분,
JDQ4MTg4MSM1MSMkMSMkMCMkODkkMzgxMzUxIzExIyQxIyQzIyQ5MiQyNjEyMjIjODEjJDEjJDYjJDgz,성심의료재단강동성심병원,general,서울,강동구,"서울특별시 강동구 성안로 150, (길동)",02-2224-2114,www.kdh.or.kr,37.5359971,127.135378,238,19861017,5,"{""0"": [""0830"", ""1730""], ""1"": [""0830"", ""1730""], ""2"": [""0830"", ""1730""], ""3"": [""0830"", ""1730""], ""4"": [""0830"", ""1730""], ""5"": [""0830"", ""1230""]}",12:30~13:30,08:00~17:30,
JDQ4MTg4MSM1MSMkMSMkMCMkODkkMzgxMzUxIzExIyQxIyQzIyQ5OSQyNjE4MzIjNDEjJDEjJDgjJDgz,한국보훈복지의료공단 중앙보훈병원,general,서울,강동구,"서울특별시 강동구 진황도로61길 53, (둔촌동)",02-2225-1111,http://seoul.bohun.or.kr,37.5303393,127.1478691,294,19831116,7,,,,
JDQ4MTg4MSM1MSMkMSMkMCMkODkkMzgxMzUxIzExIyQyIyQ3IyQwMCQzNjEyMjIjODEjJDEjJDYjJDgz,이화여자대학교의과대학부속서울병원,general,서울,강서구,"서울특별시 강서구 공항대로 260, 이화의대부속서울병원 (마곡동)",1522-7000,,37.5572394,126.8362575,293,20181226,4,"{""0"": [""0830"", ""1700""], ""1"": [""0830"", ""1700""], ""2"": [""0830"", ""1700""], ""3"": [""0830"", ""1700""], ""4"": [""0830"", ""1700""], ""5"": [""0900"", ""1200""]}",12시 00분~13시 00분,08시 00분~16시 45분,
JDQ4MTg4MSM1MSMkMSMkMCMkODkkMzgxMzUxIzExIyQxIyQ3IyQ3OSQyNjEwMDIjNjEjJDEjJDgjJDgz,노원을지대학교병원,general,서울,노원구,"서울특별시 노원구 한글비석로 68, 을지병원 (하계동)",02-970-8000,http://www.eulji.or.kr/default.asp,37.6364793,127.0699354,210,19950114,5,"{""0"": [""0830"", ""1730""], ""1"": [""0830"", ""1730""], ""2"": [""0830"", ""1730""], ""3"": [""0830"", ""1730""], ""4"": [""0830"", ""1730""], ""5"": [""0830"", ""1230""]}",12시 00분 ~ 13시 00분,08시 30분 ~ 16시 30분,을지대학교 을지병원
JDQ4MTg4MSM1MSMkMSMkMCMkODkkMzgxMzUxIzExIyQxIyQzIyQwMyQyNjEwMDIjODEjJDEjJDIjJDgz,인제대학교 상계백병원,general,서울,노원구,"서울특별시 노원구 동일로 1342, 상계백병원 (상계동)",02-950-1114,http://www.paik.ac.kr/sanggye,37.6485408,127.0629909,232,19890814,6,"{""0"": [""0830"", ""1700""], ""1"": [""0830"", ""1700""], ""2"": [""0830"", ""1700""], ""3"": [""0830"", ""1700""], ""4"": [""0830"", ""1700""], ""5"": [""0830"", ""1200""]}",,08시30분~17시00분,
JDQ4MTg4MSM1MSMkMSMkMCMkODkkMzgxMzUxIzExIyQxIyQ3IyQ5OSQ0NjEwMDIjNjEjJDEjJDgjJDgz,한국원자력의학원원자력병원,general,서울,노원구,"서울특별시 노원구 노원로 75, 한국원자력의학원 (공릉동)",02-970-2114,http://www.kcch.re.kr,37.6288667,127.0824198,148,19851129,1,"{""0"": [""0900"", ""1730""], ""1"": [""0900"", ""1730""], ""2"": [""0900"", ""1730""], ""3"": [""0900"", ""1730""], ""4"": [""0900"", ""1730""]}",12시:00분~13시:00분,,
JDQ4MTg4MSM1MSMkMSMkMCMkODkkMzgxMzUxIzExIyQxIyQ3IyQ4OSQ0NjEwMDIjODEjJDEjJDYjJDgz,의료법인한전의료재단 한일병원,general,서울,도봉구,"서울특별시 도봉구 우이천로 308, 한일병원 (쌍문동)",02-901-3114,http://www.kepcomedi.co.kr,37.6461401,127.0291228,114,19740328,1,"{""0"": [""0830"", ""1730""], ""1"": [""0830"", ""1730""], ""2"": [""0830"", ""1730""], ""3"": [""0830"", ""1730""], ""4"": [""0830"", ""1730""], ""5"": [""0830"", ""1230""]}",12:30 ~ 13:30,08:30 ~ 17:00,
JDQ4MTg4MSM1MSMkMSMkMCMkODkkMzgxMzUxIzExIyQxIyQzIyQ4OSQzNjE0ODEjNDEjJDEjJDgjJDgz,삼육서울병원,general,서울,동대문구,"서울특별시 동대문구 망우로 82, (휘경동)",02-2244-0191,http://www.symcs.co.kr,37.5879909,127.0653065,107,19660107,4,"{""0"": [""0900"", ""1700""], ""1"": [""0900"", ""1700""], ""2"": [""0900"", ""1700""], ""3"": [""0900"", ""1700""], ""4"": [""0900"", ""1200""], ""6"": [""0900"", ""1700""]}","12시 30분~1시 30분, 금요일은 오전근무","(월~목)오전8:30~11:30, 오후1:30~4:30, (금) 오전8:30~11:30,",시조사 삼거리
JDQ4MTg4MSM1MSMkMSMkMCMkODkkMzgxMzUxIzExIyQxIyQzIyQ4OSQyNjE4MzIjNTEjJDEjJDYjJDgz,서울특별시 동부병원,general,서울,동대문구,"서울특별시 동대문구 무학로 124, (용두동)",02-920-9114,http://www.dbhosp.go.kr,37.5753681,127.0313409,29,19790701,1,,,,
JDQ4MTg4MSM1MSMkMSMkMCMkODkkMzgxMzUxIzExIyQxIyQzIyQ5OSQzNjE0ODEjODEjJDEjJDYjJDgz,서울특별시보라매병원,general,서울,동작구,"서울특별시 동작구 보라매로5길 20, (신대방동)",02-870-2114,http://www.brmh.org,37.4934414,126.9239058,270,19911116,6,,,,
JDQ4MTg4MSM1MSMkMSMkMCMkODkkMzgxMzUxIzExIyQxIyQzIyQ4OSQzNjE4MzIjNjEjJDEjJDgjJDgz,경찰병원,general,서울,송파구,"서울특별시 송파구 송이로 123, 국립경찰병원 (가락동)",02-3400-1114,http://www.nph.go.kr,37.4963836,127.1235089,99,19710220,2,"{""0"": [""0900"", ""1730""], ""1"": [""0900"", ""1700""], ""2"": [""0900"", ""1700""], ""3"": [""0900"", ""1700""], ""4"": [""0900"", ""1700""], ""5"": [""0900"", ""1300""]}",12시00분~13시00분,08시30분~16시30분,
JDQ4MTg4MSM1MSMkMSMkMCMkODkkMzgxMzUxIzExIyQxIyQzIyQxMyQyNjEyMjIjNTEjJDEjJDYjJDgz,홍익병원,general,서울,양천구,"서울특별시 양천구 목동로 225, 홍익병원본관 (신정동)",02-2693-5555,www.hih.or.kr/,37.5284838,126.8636551,51,19930820,0,"{""0"": [""0900"", ""1800""], ""1"": [""0900"", ""1700""], ""2"": [""0900"", ""1700""], ""3"": [""0900"", ""1700""], ""4"": [""0900"", ""1700""], ""5"": [""0900"", ""1300""]}",12시30분~13시30분,"월:08시30분~18시00분, 화~금:08시30분~17시00분",목동역
JDQ4MTg4MSM1MSMkMSMkMCMkODkkMzgxMzUxIzExIyQxIyQzIyQ3OSQyNjEyMjIjODEjJDEjJDIjJDgz,가톨릭대학교 여의도성모병원,general,서울,영등포구,"서울특별시 영등포구 63로 10, 여의도성모병원 (여의도동)",1661-7575,http://www.cmcujb.or.kr/,37.5183253,126.9367517,218,19860820,13,"{""0"": [""0830"", ""1700""], ""1"": [""0830"", ""1700""], ""2"": [""0830"", ""1700""], ""3"": [""0830"", ""1700""], ""4"": [""0830"", ""1700""], ""5"": [""0830"", ""1200""]}",12:30 ~ 13:30,08:00 ~ 16:30,
JDQ4MTg4MSM1MSMkMSMkMCMkODkkMzgxMzUxIzExIyQyIyQzIyQwMCQ0NjEwMDIjNzEjJDEjJDgjJDgz,성애의료재단 성애병원,general,서울,영등포구,"서울특별시 영등포구 여의대방로53길 22, (신길동, 성애병원)",02-840-7114,http://www.sungae.co.kr,37.5120022,126.9224327,56,19820930,1,"{""0"": [""0830"", ""1730""], ""1"": [""0830"", ""1730""], ""2"": [""0830"", ""1730""], ""3"": [""0830"", ""1730""], ""4"": [""0830"", ""1730""], ""5"": [""0830"", ""1300""]}",12시30분~13시30분,08시00분~17시00분,
JDQ4MTg4MSM1MSMkMSMkMCMkODkkMzgxMzUxIzExIyQyIyQzIyQwMCQyNjE0ODEjNTEjJDEjJDYjJDgz,한림대학교 강남성심병원,general,서울,영등포구,"서울특별시 영등포구 신길로 1, (대림동, 강남성심병원)",02-829-5114,http://kangnam.hallym.or.kr,37.4937262,126.9086527,246,19800111,7,"{""0"": [""0830"", ""1730""], ""1"": [""0830"", ""1730""], ""2"": [""0830"", ""1730""], ""3"": [""0830"", ""1730""], ""4"": [""0830"", ""1730""], ""5"": [""0830"", ""1330""], ""6"": [""0000"", ""2400""]}",12시00분~13시30분,08시00분~16시30분,
JDQ4MTg4MSM1MSMkMSMkMCMkODkkMzgxMzUxIzExIyQxIyQzIyQ5OSQzNjEwMDIjNzEjJDEjJDgjJDgz,한림대학교 한강성심병원,general,서울,영등포구,"서울특별시 영등포구 버드나루로7길 12, (영등포동7가, 한강성심병원)",02-2639-5114,http://hangang.hallym.or.kr,37.5231702,126.9096811,22,19820419,0,"{""0"": [""0830"", ""1630""], ""1"": [""0830"", ""1630""], ""2"": [""0830"", ""1630""], ""3"": [""0830"", ""1630""], ""4"": [""0830"", ""1630""], ""5"": [""0000"", ""2400""], ""6"": [""0000"", ""2400""]}",12:00~13:30,00시01분 ~ 24시00분,"건강검진, 채용검진 (한강성심병원 본관2층)"
JDQ4MTg4MSM1MSMkMSMkMCMkODkkMzgxMzUxIzExIyQxIyQzIyQ5OSQyNjEyMjIjNTEjJDEjJDIjJDgz,순천향대학교 부속 서울병원,general,서울,용산구,"서울특별시 용산구 대사관로 59, (한남동)",02-709-9114,http://www.schmc.ac.kr/seoul/kor/index.do,37.533804,127.0042579,368,19780223,9,,,,
JDQ4MTg4MSM1MSMkMSMkMCMkODkkMzgxMzUxIzExIyQxIyQzIyQ4OSQzNjEwMDIjNDEjJDEjJDQjJDgz,가톨릭대학교 은평성모병원,general,서울,은평구,"서울특별시 은평구 통일로 1021, (진관동)",02-1811-7755,http://www.cmcep.or.kr/,37.6334945,126.9161912,282,19610515,9,,,,
JDQ4MTg4MSM1MSMkMSMkMCMkODkkMzgxMzUxIzExIyQxIyQzIyQ4OSQyNjE0ODEjODEjJDEjJDYjJDgz,서울적십자병원,general,서울,종로구,"서울특별시 종로구 새문안로 9, 적십자병원 (평동)",02-2002-8000,https://www.rch.or.kr/web/rchseoul/main/,37.5671805,126.9669974,42,19770401,1,"{""0"": [""0900"", ""1700""], ""1"": [""0900"", ""1700""], ""2"": [""0900"", ""1700""], ""3"": [""0900"", ""1700""], ""4"": [""0900"", ""1700""]}",12:30~13:30,"08:30~12:00, 13:00~17:00",중앙대학교 평동캠퍼스
JDQ4MTg4MSM1MSMkMSMkMCMkODkkMzgxMzUxIzExIyQxIyQ3IyQ3OSQzNjEwMDIjODEjJDEjJDYjJDgz,세란병원,general,서울,종로구,"서울특별시 종로구 통일로 256, (무악동)",02-737-0181,http://www.seran.co.kr/,37.5751835,126.9574606,55,19870424,2,,,,
JDQ4MTg4MSM1MSMkMSMkMCMkODkkMzgxMzUxIzExIyQyIyQ3IyQwMCQyNjEwMDIjODEjJDEjJDIjJDgz,국립중앙의료원,general,서울,중구,"서울특별시 중구 을지로 245, 국립중앙의료원 (을지로6가)",02-2260-7114,http://www.nmc.or.kr,37.5672137,127.0056709,221,20100402,5,,,,
JDQ4MTg4MSM1MSMkMSMkMCMkODkkMzgxMzUxIzExIyQyIyQ3IyQwMCQyNjEyMjIjNjEjJDEjJDgjJDgz,서울특별시서울의료원,general,서울,중랑구,"서울특별시 중랑구 신내로 156, (신내동)",02-2276-7000,http://www.seoulmc.or.kr,37.6132762,127.0978309,221,20110309,1,"{""0"": [""0900"", ""1730""], ""1"": [""0900"", ""1730""], ""2"": [""0900"", ""1730""], ""3"": [""0900"", ""1730""], ""4"": [""0900"", ""1730""], ""5"": [""0900"", ""1230""]}",,08:30 - 16:30,
JDQ4MTYyMiM2MSMkMSMkMiMkODkkMzgxMzUxIzExIyQxIyQzIyQ2MiQyNjEwMDIjNjEjJDEjJDQjJDgz,세종충남대학교병원,general,세종시,세종시,"세종특별자치시 보듬7로 20, 세종충남대학교병원 (도담동)",1800-3114,,36.5195133,127.2579427,129,20200623,3,,,,
JDQ4MTYyMiM4MSMkMSMkNCMkODkkMzgxMzUxIzExIyQyIyQzIyQwMCQyNjEyMjIjNDEjJDEjJDgjJDgz,울산병원,general,울산,울산남구,"울산광역시 남구 월평로171번길 13, (신정동)",052-259-5000,http://www.ush.kr,35.5462648,129.3231103,55,19950821,1,"{""0"": [""0900"", ""1800""], ""1"": [""0900"", ""1800""], ""2"": [""0900"", ""1800""], ""3"": [""0900"", ""1800""], ""4"": [""0900"", ""1800""], ""5"": [""0900"", ""1300""]}",13:00~14:00,09:00~18:00,
JDQ4MTYyMiM4MSMkMSMkNCMkODkkMzgxMzUxIzExIyQxIyQzIyQ3OSQ0NjE0ODEjODEjJDEjJDIjJDgz,의료법인 동강의료재단 동강병원,general,울산,울산중구,"울산광역시 중구 태화로 239, (태화동)",052-241-1114,http://www.dkmc.or.kr,35.553426,129.3019631,83,19810622,0,"{""0"": [""0830"", ""1730""], ""1"": [""0830"", ""1730""], ""2"": [""0830"", ""1730""], ""3"": [""0830"", ""1730""], ""4"": [""0830"", ""1730""], ""5"": [""0900"", ""1230""]}",12시30분~13시30분,08시30분~17시00분,울산광역시 중구 태화로 239 동강병원
JDQ4MTYyMiM1MSMkMSMkMCMkODkkMzgxMzUxIzExIyQyIyQ3IyQwMCQyNjE4MzIjNDEjJDEjJDQjJDgz,비에스종합병원,general,인천,인천강화군,"인천광역시 강화군 강화읍 충렬사로 31-0,",032-290-0001,,37.7360478,126.4859924,19,20181106,1,,,,
JDQ4MTYyMiM1MSMkMSMkMCMkODkkMzgxMzUxIzExIyQxIyQ3IyQ5OSQzNjEyMjIjNzEjJDEjJDgjJDgz,인천세종병원,general,인천,인천계양구,"인천광역시 계양구 계양문화로 20-0, 인천세종병원",032-240-8000,,37.5324735,126.7368717,105,20170208,1,"{""0"": [""0830"", ""1730""], ""1"": [""0830"", ""1730""], ""2"": [""0830"", ""1730""], ""3"": [""0830"", ""1730""], ""4"": [""0830"", ""1730""], ""5"": [""0830"", ""1230""]}",12:30 - 13:30,08:30 - 16:30,
JDQ4MTYyMiM1MSMkMSMkMCMkODkkMzgxMzUxIzExIyQxIyQzIyQwMyQyNjE4MzIjNDEjJDEjJDQjJDgz,한림병원,general,인천,인천계양구,"인천광역시 계양구 장제로 722, (작전동)",032-540-9114,http://www.hallym.net/,37.5320982,126.7343513,86,20030801,1,,,,
JDQ4MTYyMiM1MSMkMSMkMCMkODkkMzgxMzUxIzExIyQxIyQzIyQ4MiQyNjEwMDIjODEjJDEjJDYjJDgz,의료법인 인천사랑병원,general,인천,인천미추홀구,"인천광역시 미추홀구 미추홀대로 726-0, 인천사랑병원",032-457-2000,http://www.saranghospital.com,37.462204,126.6807094,65,19981125,1,"{""0"": [""0830"", ""1730""], ""1"": [""0830"", ""1730""], ""2"": [""0830"", ""1730""], ""3"": [""0830"", ""1730""], ""4"": [""0830"", ""1730""], ""5"": [""0830"", ""1230""]}",12시30분~13시30분,08시30분~17시00분,
JDQ4MTYyMiM1MSMkMSMkMCMkODkkMzgxMzUxIzExIyQxIyQ3IyQ4OSQzNjEyMjIjNDEjJDEjJDQjJDgz,현대유비스병원,general,인천,인천미추홀구,"인천광역시 미추홀구 독배로 503-0, 현대유비스병원",032-888-7575,,37.4615989,126.6429995,46,20130701,1,"{""0"": [""0000"", ""2400""], ""1"": [""0000"", ""2400""], ""2"": [""0000"", ""2400""], ""3"": [""0000"", ""2400""], ""4"": [""0000"", ""2400""], ""5"": [""0000"", ""2400""], ""6"": [""0000"", ""2400""]}",12:30~13:30,08:30~17:30,
JDQ4MTYyMiM1MSMkMSMkMCMkODkkMzgxMzUxIzExIyQxIyQ3IyQ4OSQ0NjE0ODEjNjEjJDEjJDgjJDgz,가톨릭관동대학교 국제성모병원,general,인천,인천서해구,"인천광역시 서해구 심곡로100번길 25-0, 인천국제성모병원",032-1600-8291,www.ish.or.kr,37.5423431,126.6835685,213,20140117,3,"{""0"": [""0830"", ""1700""], ""1"": [""0830"", ""1700""], ""2"": [""0830"", ""1700""], ""3"": [""0830"", ""1700""], ""4"": [""0830"", ""1700""], ""5"": [""0830"", ""1200""]}",12시00분~13시30분,08시00분~17시00분,
JDQ4MTYyMiM1MSMkMSMkMCMkODkkMzgxMzUxIzExIyQxIyQzIyQ5MiQyNjEyMjIjNjEjJDEjJDAjJDgz,의료법인루가의료재단 나은병원,general,인천,인천서해구,"인천광역시 서해구 원적로 23, 23",032-584-0114,,37.489059,126.6797833,93,20000814,2,"{""0"": [""0830"", ""1730""], ""1"": [""0830"", ""1730""], ""2"": [""0830"", ""1730""], ""3"": [""0830"", ""1730""], ""4"": [""0830"", ""1730""], ""5"": [""0830"", ""1230""]}",13시00분~14시00분,08시30분~17시30분,
JDQ4MTYyMiM1MSMkMSMkMCMkODkkMzgxMzUxIzExIyQxIyQzIyQ3OSQyNjEwMDIjNjEjJDEjJDQjJDgz,인천광역시의료원,general,인천,인천제물포구,"인천광역시 제물포구 방축로 217, 217",032-580-6000,https://www.icmc.or.kr,37.4787429,126.66875,44,19850629,1,"{""0"": [""0830"", ""1730""], ""1"": [""0830"", ""1730""], ""2"": [""0830"", ""1730""], ""3"": [""0830"", ""1730""], ""4"": [""0830"", ""1730""], ""5"": [""0830"", ""1230""]}",12시30분~13시30분,08시30분~17시30분,인천광역시의료원
JDQ4MTYyMiM3MSMkMSMkMCMkODkkMzgxMzUxIzExIyQxIyQzIyQ5OSQyNjE0ODEjNDEjJDEjJDQjJDgz,전라남도 강진의료원,general,전남광주,강진군,"전남광주통합특별시 강진군 강진읍 탐진로 5, (강진읍)",061-433-2167,,34.6368113,126.7578653,19,19900207,0,,,,
JDQ4MTYyMiM3MSMkMSMkMCMkODkkMzgxMzUxIzExIyQxIyQzIyQ4OSQyNjE4MzIjNzEjJDEjJDgjJDgz,광주보훈병원,general,전남광주,광주광산구,"전남광주통합특별시 광산구 첨단월봉로 99,  (산월동)",062-602-6114,http://gwangju.bohun.or.kr,35.2079032,126.8496719,76,19870326,2,,,,
JDQ4MTYyMiM3MSMkMSMkMCMkODkkMzgxMzUxIzExIyQyIyQzIyQwMCQzNjE0ODEjNDEjJDEjJDQjJDgz,하남성심병원,general,전남광주,광주광산구,"전남광주통합특별시 광산구 용아로 259,  (산정동)",062-953-6000,http://www.sungshim.co.kr/,35.1666556,126.8009586,26,19930308,1,"{""0"": [""0900"", ""1730""], ""1"": [""0900"", ""1730""], ""2"": [""0900"", ""1730""], ""3"": [""0900"", ""1730""], ""4"": [""0900"", ""1730""], ""5"": [""0900"", ""1300""]}",13시00분~14시00,09시00분~17시30분,
JDQ4MTYyMiM3MSMkMSMkMCMkODkkMzgxMzUxIzExIyQxIyQzIyQ5OSQyNjEyMjIjNjEjJDEjJDgjJDgz,목포시의료원,general,전남광주,목포시,"전남광주통합특별시 목포시 이로로 18,  (용해동)",061-260-6500,http://www.mokpomc.or.kr,34.8039838,126.4053626,24,19921201,0,"{""0"": [""0830"", ""1730""], ""1"": [""0830"", ""1730""], ""2"": [""0830"", ""1730""], ""3"": [""0830"", ""1730""], ""4"": [""0830"", ""1730""]}",12시30분~13시30분,08시10분~17시30분,목포이로초등학교
JDQ4MTYyMiM3MSMkMSMkMCMkODkkMzgxMzUxIzExIyQxIyQzIyQwMyQzNjEwMDIjNjEjJDEjJDAjJDgz,의료법인목포구암의료재단 목포중앙병원,general,전남광주,목포시,"전남광주통합특별시 목포시 영산로 623,  (석현동)",061-280-3000,,34.8213916,126.4210249,36,19990309,2,,,,
JDQ4MTYyMiM3MSMkMSMkMCMkODkkMzgxMzUxIzExIyQyIyQzIyQwMCQyNjE4MzIjNDEjJDEjJDgjJDgz,성가롤로병원,general,전남광주,순천시,"전남광주통합특별시 순천시 순광로 221,  (조례동)",061-720-2000,http://www.stcarollo.or.kr,34.9647333,127.5437073,105,19980307,0,,,,
JDQ4MTYyMiM3MSMkMSMkMCMkODkkMzgxMzUxIzExIyQxIyQzIyQxMyQzNjE4MzIjODEjJDEjJDIjJDgz,전라남도 순천의료원,general,전남광주,순천시,"전남광주통합특별시 순천시 서문성터길 2,  (매곡동)",061-759-9440,,34.9579097,127.483468,21,19960517,0,,,,
JDQ4MTYyMiM3MSMkMSMkMCMkODkkMzgxMzUxIzExIyQxIyQzIyQ2MiQzNjE4MzIjNDEjJDEjJDgjJDgz,여수전남병원,general,전남광주,여수시,"전남광주통합특별시 여수시 좌수영로 49,  (광무동)",061-640-7128,http://www.yscnhosp.com,34.7450673,127.7280181,52,19880702,0,"{""0"": [""0900"", ""1800""], ""1"": [""0900"", ""1700""], ""2"": [""0900"", ""1700""], ""3"": [""0900"", ""1700""], ""4"": [""0900"", ""1700""], ""5"": [""0900"", ""1300""]}",13:00~14:00,08:30~18:00(월) 08:30~17:00(화~금),여수시민회관
JDQ4MTYyMiM2MSMkMSMkNiMkODkkMzgxMzUxIzExIyQxIyQzIyQ3OSQ0NjEwMDIjNjEjJDEjJDQjJDgz,전북특별자치도 군산의료원,general,전북,군산시,"전북특별자치도 군산시 의료원로 27, (지곡동, 군산의료원)",063-472-5000,www.gunmed.or.kr/,35.9549526,126.7117406,53,19831217,1,"{""0"": [""0900"", ""1700""], ""1"": [""0900"", ""1700""], ""2"": [""0900"", ""1700""], ""3"": [""0900"", ""1700""], ""4"": [""0900"", ""1700""], ""5"": [""0900"", ""1300""]}",12시30분~13시30분,동절기:09시00분~17시00분/하절기:09시00분~18시00분,전라북도 군산의료원
JDQ4MTYyMiM2MSMkMSMkNiMkODkkMzgxMzUxIzExIyQxIyQzIyQ3OSQ0NjE0ODEjNzEjJDEjJDgjJDgz,전북특별자치도 남원의료원,general,전북,남원시,"전북특별자치도 남원시 충정로 365, (고죽동)",063-620-1114,http://www.namwonmed.or.kr,35.4318755,127.4073171,38,19831027,0,"{""0"": [""0830"", ""1730""], ""1"": [""0830"", ""1730""], ""2"": [""0830"", ""1730""], ""3"": [""0830"", ""1730""], ""4"": [""0830"", ""1730""]}",12시30분~13시30분,08시30분~17시00분,88고속도로톨게이트
JDQ4MTYyMiM2MSMkMSMkNiMkODkkMzgxMzUxIzExIyQxIyQzIyQ5OSQ0NjE0ODEjNDEjJDEjJDgjJDgz,대자인병원,general,전북,전주덕진구,"전북특별자치도 전주시 덕진구 견훤로 390, (우아동3가)",063-240-2000,,35.8459659,127.1534706,121,20160107,0,"{""0"": [""0830"", ""1700""], ""1"": [""0830"", ""1700""], ""2"": [""0830"", ""1700""], ""3"": [""0830"", ""1700""], ""4"": [""0830"", ""1700""], ""5"": [""0830"", ""1200""]}",12시30분~13시30분,,
JDQ4MTYyMiM2MSMkMSMkNiMkODkkMzgxMzUxIzExIyQxIyQzIyQ3OSQyNjEyMjIjODEjJDEjJDIjJDgz,재단법인예수병원유지재단예수병원,general,전북,전주완산구,"전북특별자치도 전주시 완산구 서원로 365, (중화산동1가, 예수병원)",063-230-8114,http://www.jesushospital.com,35.8143916,127.1332292,225,19740509,2,,,,
JDQ4MTYyMiM4MSMkMSMkOCMkODkkMzgxMzUxIzExIyQxIyQzIyQ4OSQzNjE4MzIjNDEjJDEjJDgjJDgz,의료법인 중앙의료재단 중앙병원,general,제주,제주시,"제주특별자치도 제주시 월랑로 91-0, 중앙병원",064-786-7000,,33.4923256,126.470529,28,20130304,0,,,,
JDQ4MTYyMiM4MSMkMSMkOCMkODkkMzgxMzUxIzExIyQxIyQzIyQ4OSQyNjE0ODEjNTEjJDEjJDYjJDgz,제주대학교병원,general,제주,제주시,"제주특별자치도 제주시 아란13길 15-0,  0동 0층 0호 (아라일동,제주대학교병원)",064-717-1114,http://www.jejunuh.co.kr/main.jsp,33.4672085,126.545201,227,19651002,5,,,,
JDQ4MTYyMiM4MSMkMSMkOCMkODkkMzgxMzUxIzExIyQxIyQzIyQ3OSQyNjEyMjIjNTEjJDEjJDIjJDgz,제주한라병원,general,제주,제주시,"제주특별자치도 제주시 도령로 65,  (연동)",064-740-5000,http://www.hallahosp.co.kr,33.4899609,126.4850403,124,19831029,2,,,,
JDQ4MTYyMiM2MSMkMSMkMiMkODkkMzgxMzUxIzExIyQxIyQzIyQ4OSQyNjE4MzIjNDEjJDEjJDQjJDgz,충청남도 공주의료원,general,충남,공주시,"충청남도 공주시 무령로 77,  (웅진동)",041-962-1111,http://www.gjmc.or.kr,36.4588777,127.1094955,32,19830721,0,"{""0"": [""0830"", ""1730""], ""1"": [""0830"", ""1730""], ""2"": [""0830"", ""1730""], ""3"": [""0830"", ""1730""], ""4"": [""0830"", ""1730""]}",12시30분~13시30분,08시30분~17시30분,공주의료원
JDQ4MTYyMiM2MSMkMSMkMiMkODkkMzgxMzUxIzExIyQxIyQzIyQ3OSQzNjEyMjIjNzEjJDEjJDgjJDgz,의료법인 백제병원,general,충남,논산시,"충청남도 논산시 시민로294번길 14,  (취암동)",041-733-2191,http://www.bjhosp.co.kr/index.asp,36.1921929,127.0944739,50,19820504,1,"{""0"": [""0830"", ""0530""], ""1"": [""0830"", ""0530""], ""2"": [""0830"", ""0530""], ""3"": [""0830"", ""0530""], ""4"": [""0830"", ""0530""], ""5"": [""0830"", ""1230""], ""6"": [""0000"", ""0000""]}",12시30분~13시30분,08시30분~5시30분,논산문화예술회관
JDQ4MTYyMiM2MSMkMSMkMiMkODkkMzgxMzUxIzExIyQxIyQzIyQ4OSQzNjEyMjIjNjEjJDEjJDAjJDgz,충청남도 서산의료원,general,충남,서산시,"충청남도 서산시 중앙로 149,  (석림동)",041-689-7000,http://www.seosanmc.or.kr,36.7755835,126.4652578,38,19890321,0,"{""0"": [""0830"", ""1730""], ""1"": [""0830"", ""1730""], ""2"": [""0830"", ""1730""], ""3"": [""0830"", ""1730""], ""4"": [""0830"", ""1730""]}",12시30분~13시30분,08시30분~17시30분,
JDQ4MTYyMiM2MSMkMSMkMiMkODkkMzgxMzUxIzExIyQyIyQzIyQwMCQzNjE0ODEjNTEjJDEjJDIjJDgz,아산충무병원,general,충남,아산시,"충청남도 아산시 문화로 381,  (모종동)",041-536-6666,,36.7792647,127.0198062,71,20150303,1,"{""0"": [""0830"", ""1730""], ""1"": [""0830"", ""1730""], ""2"": [""0830"", ""1730""], ""3"": [""0830"", ""1730""], ""4"": [""0830"", ""1730""], ""5"": [""0830"", ""1230""]}",12:30~13:30,08:30~17:30,아산충무병원
JDQ4MTYyMiM2MSMkMSMkMiMkODkkMzgxMzUxIzExIyQxIyQzIyQ5OSQ0NjEwMDIjNjEjJDEjJDgjJDgz,순천향대학교부속 천안병원,general,충남,천안동남구,"충청남도 천안시 동남구 순천향6길 31,  5동 (봉명동,순천향대학교병원)",041-570-2114,http://www.schmc.ac.kr/cheonan/kor/index.do,36.8027381,127.1358588,351,19820625,5,"{""0"": [""0900"", ""1700""], ""1"": [""0900"", ""1700""], ""2"": [""0900"", ""1700""], ""3"": [""0900"", ""1700""], ""4"": [""0900"", ""1700""], ""5"": [""0900"", ""1200""]}",12:30~13:30,09:00~17:00(전화예약시 08:00~17:00),천안여자상업고등학교
JDQ4MTYyMiM2MSMkMSMkMiMkODkkMzgxMzUxIzExIyQxIyQzIyQ4OSQzNjEwMDIjNjEjJDEjJDgjJDgz,충청남도 천안의료원,general,충남,천안동남구,"충청남도 천안시 동남구 충절로 537,  (삼룡동)",041-570-7200,http://camc.or.kr,36.7754908,127.1794126,34,19880524,0,,,,
JDQ4MTYyMiM2MSMkMSMkMiMkODkkMzgxMzUxIzExIyQxIyQzIyQ5OSQzNjEwMDIjNTEjJDEjJDYjJDgz,의료법인 영서의료재단 천안충무병원,general,충남,천안서북구,"충청남도 천안시 서북구 다가말3길 8,  (쌍용동)",041-570-7555,http://cmhos.co.kr,36.7974082,127.1314943,72,19960501,0,,,,
JDQ4MTYyMiM2MSMkMSMkMiMkODkkMzgxMzUxIzExIyQxIyQzIyQ4OSQyNjEyMjIjNDEjJDEjJDgjJDgz,충청남도 홍성의료원,general,충남,홍성군,"충청남도 홍성군 홍성읍 조양로 224, (홍성읍)",041-630-6114,http://www.hsmc.or.kr/,36.5992203,126.6743787,52,19830726,1,"{""0"": [""0820"", ""1730""], ""1"": [""0820"", ""1730""], ""2"": [""0820"", ""1730""], ""3"": [""0820"", ""1730""], ""4"": [""0820"", ""1730""]}",13시00분~14시00분,08시00분~17시30분,홍성역
JDQ4MTYyMiM1MSMkMSMkOCMkODkkMzgxMzUxIzExIyQxIyQzIyQ3OSQyNjEwMDIjNTEjJDEjJDIjJDgz,충청북도 청주의료원,general,충북,청주서원구,"충청북도 청주시 서원구 흥덕로 48-0, 청주의료원",043-279-2300,http://www.cjmc.or.kr,36.6402026,127.4730326,49,19780519,0,"{""0"": [""0830"", ""1730""], ""1"": [""0830"", ""1730""], ""2"": [""0830"", ""1730""], ""3"": [""0830"", ""1730""], ""4"": [""0830"", ""1730""]}",12시30분~13시30분,08시30분~17시30분,
JDQ4MTYyMiM1MSMkMSMkOCMkODkkMzgxMzUxIzExIyQxIyQzIyQ4OSQzNjEyMjIjNDEjJDEjJDgjJDgz,청주성모병원,general,충북,청주청원구,"충청북도 청주시 청원구 주성로 173-19, 청주성모병원",043-219-8000,http://www.ccmc.or.kr,36.6737973,127.4856545,71,19980221,1,"{""0"": [""0900"", ""1730""], ""1"": [""0900"", ""1730""], ""2"": [""0900"", ""1730""], ""3"": [""0900"", ""1730""], ""4"": [""0900"", ""1730""], ""5"": [""0900"", ""1230""]}",12시30분 ~ 13시30분,08시30분 ~ 17시00분,주중초등학교
JDQ4MTYyMiM1MSMkMSMkOCMkODkkMzgxMzUxIzExIyQxIyQzIyQ4OSQyNjE4MzIjNjEjJDEjJDgjJDgz,건국대학교 충주병원,general,충북,충주시,"충청북도 충주시 국원대로 82-0, 건국대학교충주병원",043-840-8200,http://www.kuh.co.kr,36.9789801,127.9288169,46,19890725,1,"{""0"": [""0830"", ""1730""], ""1"": [""0830"", ""1730""], ""2"": [""0830"", ""1730""], ""3"": [""0830"", ""1730""], ""4"": [""0830"", ""1730""], ""5"": [""0830"", ""1230""]}",12시00분~13시30분,08시30분~16시30분,건국대학교충주병원
JDQ4MTYyMiM1MSMkMSMkOCMkODkkMzgxMzUxIzExIyQxIyQzIyQ3OSQzNjEyMjIjNTEjJDEjJDYjJDgz,충청북도 충주의료원,general,충북,충주시,"충청북도 충주시 안림로 239-50, 충청북도충주의료원",043-871-0114,http://www.cjmct.or.kr,36.9796506,127.9706116,38,19980702,0,,,,
JDQ4MTYyMiM1MSMkMSMkNCMkOTkkMzgxMzUxIzExIyQyIyQzIyQwMCQyNjEwMDIjNjEjJDEjJDQjJDgz,국군강릉병원,general,강원,강릉시,"강원특별자치도 강릉시 주문진읍 동해대로 4371-34, 4371",02-1688-9165,,37.8687639,128.8310611,25,19940520,1,"{""0"": [""0830"", ""1730""], ""1"": [""0830"", ""1730""], ""2"": [""0830"", ""1730""], ""3"": [""0830"", ""1730""], ""4"": [""0830"", ""1730""]}",11시45분~13시00분,8시30분~17시30분,국군강릉병원
JDQ4MTYyMiM1MSMkMSMkNCMkOTkkMzgxMzUxIzExIyQxIyQzIyQwMyQyNjEwMDIjNDEjJDEjJDgjJDgz,푸른사랑병원,general,강원,영월군,"강원특별자치도 영월군 영월읍 중앙로 10,",033-374-7575,,37.1833275,128.4650393,2,20110718,0,"{""0"": [""0830"", ""2200""], ""1"": [""0830"", ""2200""], ""2"": [""0820"", ""2200""], ""3"": [""0830"", ""2200""], ""4"": [""0830"", ""2200""], ""6"": [""0830"", ""2200""]}",,,
JDQ4MTYyMiM1MSMkMSMkNCMkOTkkMzgxMzUxIzExIyQxIyQzIyQ5OSQ0NjEwMDIjNTEjJDEjJDYjJDgz,국군춘천병원,general,강원,춘천시,"강원특별자치도 춘천시 방고개길 57, 57",033-244-0130,,37.9386827,127.7328308,31,19940516,1,,,,
JDQ4MTYyMiM1MSMkMSMkMCMkOTkkMzgxMzUxIzExIyQxIyQ3IyQ3MiQzNjEwMDIjNjEjJDEjJDQjJDgz,국군고양병원,general,경기,고양덕양구,"경기도 고양시 덕양구 혜음로 215, (벽제동)",031-963-6657,,37.7193675,126.8981955,26,19940607,1,,,,
JDQ4MTYyMiM1MSMkMSMkMCMkOTkkMzgxMzUxIzUxIyQxIyQxIyQ3MiQyNjE4MzIjNTEjJDEjJDYjJDgz,의료법인 세경의료재단 새빛안과병원,general,경기,고양일산동구,"경기도 고양시 일산동구 중앙로 1065, (백석동)",031-900-7700,http://www.saeviteye.com,37.6442729,126.7857545,21,20051019,15,"{""0"": [""0900"", ""1730""], ""1"": [""0900"", ""1730""], ""2"": [""0900"", ""1730""], ""3"": [""0900"", ""1730""], ""4"": [""0900"", ""1730""], ""5"": [""0900"", ""1300""]}",13시00분~14시00분,,지하철 3호선 백석역
JDQ4MTYyMiM1MSMkMSMkMCMkOTkkMzgxOTYxIzExIyQxIyQ3IyQwMyQ0NjE0ODEjNzEjJDEjJDgjJDgz,누네안과병원,general,경기,남양주시,"경기도 남양주시 진접읍 해밀예당1로 28, 진접농협 4층, 5층 501호",031-522-5292,,37.7112584,127.1861806,8,20220126,8,,,,
JDQ4MTYyMiM1MSMkMSMkMCMkOTkkMzgxOTYxIzExIyQxIyQ3IyQ4OSQzNjE4MzIjODEjJDEjJDIjJDgz,아이맘어린이병원,general,경기,남양주시,"경기도 남양주시 다산중앙로 105-8, 성산플레이스 4차 3~5층,10층 (다산동)",031-563-9999,,37.6227086,127.1529071,3,20190604,0,"{""0"": [""0900"", ""2300""], ""1"": [""0900"", ""2300""], ""2"": [""0900"", ""2300""], ""3"": [""0900"", ""2300""], ""4"": [""0900"", ""2300""], ""5"": [""0900"", ""1800""], ""6"": [""0900"", ""1800""]}",12시30분~14시00분,09시00분~22시00분,다산역1번출구 391m
JDQ4MTYyMiM1MSMkMSMkMCMkOTkkMzgxMzUxIzMxIyQxIyQzIyQ5MiQyNjE0ODEjNjEjJDEjJDAjJDgz,동두천중앙성모병원,general,경기,동두천시,"경기도 동두천시 동광로 53, (생연동)",031-863-0550,http://www.djsh.co.kr/,37.9089295,127.0539649,20,20070831,1,,,,
JDQ4MTYyMiM1MSMkMSMkMCMkOTkkMzgxOTYxIzExIyQxIyQzIyQ4OSQyNjE0ODEjNjEjJDEjJDAjJDgz,부천서울어린이병원,general,경기,부천원미구,"경기도 부천시 원미구 송내대로265번길 19, 4,5층 (상동, 대신프라자)",1600-3875,,37.5064919,126.7578805,3,20160101,0,,,,
JDQ4MTYyMiM1MSMkMSMkMCMkOTkkMzgxMzUxIzExIyQxIyQ3IyQ4MiQ0NjE0ODEjNzEjJDEjJDgjJDgz,수원중앙병원,general,경기,수원권선구,"경기도 수원시 권선구 권선로 654, (권선동)",031-229-9777,http://www.cheongpa.or.kr,37.2599858,127.022579,14,19940102,0,"{""0"": [""0900"", ""1800""], ""1"": [""0900"", ""1800""], ""2"": [""0900"", ""1800""], ""3"": [""0900"", ""1800""], ""4"": [""0900"", ""1800""], ""5"": [""0900"", ""1300""]}",13시00분~14시00분,09시00분~18:00분,
JDQ4MTYyMiM1MSMkMSMkMCMkOTkkMzgxMzUxIzUxIyQyIyQxIyQwMCQzNjEyMjIjNTEjJDEjJDYjJDgz,서울성모안과병원,general,경기,수원영통구,"경기도 수원시 영통구 중부대로271번길 4, (원천동)",031-226-8321,,37.2745068,127.0458487,8,20120102,7,"{""0"": [""0900"", ""1800""], ""1"": [""0900"", ""1800""], ""2"": [""0900"", ""1800""], ""3"": [""0900"", ""1800""], ""4"": [""0900"", ""1800""], ""5"": [""0830"", ""1230""]}",,8:30 ~ 17:30,아주대삼거리 ~ 구법원사거리 사이
JDQ4MTYyMiM1MSMkMSMkMCMkOTkkMzgxMzUxIzExIyQxIyQ3IyQ3MiQzNjE0ODEjNzEjJDEjJDgjJDgz,국군양주병원,general,경기,양주시,"경기도 양주시 은현면 화합로 1133, (은현면)",031-857-0963,,37.8509796,127.0415874,52,19940523,1,,,,
JDQ4MTYyMiM1MSMkMSMkMCMkOTkkMzgxMzUxIzUxIyQxIyQ1IyQ4MiQyNjE0ODEjNTEjJDEjJDIjJDgz,국립교통재활병원,general,경기,양평군,"경기도 양평군 양평읍 중앙로 260, (양평읍)",031-580-5555,http://www.ntrh.or.kr,37.4895692,127.5187697,13,20140801,0,"{""0"": [""0900"", ""1630""], ""1"": [""0900"", ""1630""], ""2"": [""0900"", ""1630""], ""3"": [""0900"", ""1630""], ""4"": [""0900"", ""1630""]}",12시00분~13시30분,08시30분~16시30분,양평시외버스 터미널
JDQ4MTYyMiM1MSMkMSMkMCMkOTkkMzgxOTYxIzExIyQxIyQzIyQ5OSQzNjEwMDIjNTEjJDEjJDIjJDgz,오산세종병원,general,경기,오산시,"경기도 오산시 오산로 8, (갈곶동)",031-1670-8971,,37.1276122,127.0672026,3,20090820,0,,,,
JDU4MTI3MSM1MSMkMSMkNCMkOTkkMzgxMzUxIzExIyQxIyQzIyQ3OSQyNjEyMjIjNjEjJDEjJDAjJDgz,하늘빛어린이병원,general,경기,용인수지구,"경기도 용인시 수지구 수풍로 65, 1층 101-114호, 2층201-210호호 (풍덕천동)",031-8019-9833,,37.3298257,127.0923388,1,20250623,0,,,,
JDU4MTI3MSM1MSMkMSMkNCMkOTkkMzgxMzUxIzExIyQxIyQzIyQ4OSQzNjEwMDIjNjEjJDEjJDgjJDgz,365키즈병원,general,경기,의왕시,"경기도 의왕시 평의길 34, 5층 601-602호 (내손동)",031-423-5575,,37.3904482,126.9771734,6,20260526,0,,,,
JDQ4MTYyMiM1MSMkMSMkMCMkOTkkMzgxMzUxIzUxIyQxIyQxIyQ2MiQ0NjEwMDIjNjEjJDEjJDQjJDgz,튼튼어린이병원,general,경기,의정부시,"경기도 의정부시 평화로 647, 미건메디컬프라자 B1,2,3,5층 201호 (의정부동)",031-951-7500,,37.7497206,127.0446218,4,20171020,0,"{""0"": [""0900"", ""2300""], ""1"": [""0900"", ""2300""], ""2"": [""0900"", ""2300""], ""3"": [""0900"", ""2300""], ""4"": [""0900"", ""2300""], ""5"": [""0900"", ""2300""], ""6"": [""0900"", ""2300""]}",12시30분~14시00분,09시00분~20시30분,
JDQ4MTYyMiM1MSMkMSMkMCMkOTkkMzgxMzUxIzUxIyQxIyQxIyQwMyQyNjE4MzIjNjEjJDEjJDQjJDgz,파주미래아동병원,general,경기,파주시,"경기도 파주시 와석순환로 133, 5,6층 (동패동, 형성프라자)",070-4702-2500,,37.712113,126.7451347,4,20121008,0,"{""0"": [""0900"", ""2100""], ""1"": [""0900"", ""2100""], ""2"": [""0900"", ""2100""], ""3"": [""0900"", ""2100""], ""4"": [""0900"", ""2100""], ""5"": [""0900"", ""1800""], ""6"": [""0900"", ""1800""]}",12시30분~14:00분,09시00분~20시30분,운정이마트
JDQ4MTYyMiM1MSMkMSMkMCMkOTkkMzgxMzUxIzExIyQxIyQ3IyQ3MiQyNjE4MzIjODEjJDEjJDYjJDgz,국군포천병원,general,경기,포천시,"경기도 포천시 화현면 화동로 564, 564",031-530-1203,,37.9159818,127.3103582,31,19940517,1,,,,
JDQ4MTYyMiM4MSMkMSMkNCMkOTkkMzgxMzUxIzIxIyQxIyQ5IyQwMyQzNjEyMjIjNDEjJDEjJDQjJDgz,대우아동병원,general,경남,거제시,"경상남도 거제시 옥포대첩로 38, 유라빌딩 2,3,4,6층 (옥포동)",055-687-8595,,34.8935336,128.6918078,1,20140120,0,"{""0"": [""0900"", ""1800""], ""1"": [""0900"", ""1300""], ""2"": [""0900"", ""1800""], ""3"": [""0900"", ""1300""], ""4"": [""0900"", ""1800""], ""5"": [""0900"", ""1300""]}","월,수,금-13:00~14:00",,
JDQ4MTYyMiM4MSMkMSMkNCMkOTkkMzgxMzUxIzMxIyQxIyQ3IyQ3OSQzNjE0ODEjODEjJDEjJDIjJDgz,중앙메디컬병원,general,경남,거창군,"경상남도 거창군 거창읍 거창대로1길 7-2, 2~7층",055-942-7575,http://jungangmedical.co.kr/,35.6873041,127.9167346,5,20200330,0,"{""0"": [""0800"", ""1800""], ""1"": [""0800"", ""1800""], ""2"": [""0800"", ""1800""], ""3"": [""0800"", ""1800""], ""4"": [""0800"", ""1800""], ""5"": [""0800"", ""1230""]}",12:30~13:30,08시00분~18시00분,
JDQ4MTYyMiM4MSMkMSMkNCMkOTkkMzgxMzUxIzIxIyQxIyQ1IyQ5OSQ0NjE0ODEjNjEjJDEjJDgjJDgz,밀양병원,general,경남,밀양시,"경상남도 밀양시 밀양대로 1823, (삼문동)",055-351-3993,http://my-hospital.co.kr,35.4871692,128.7486481,10,20071017,1,"{""0"": [""0900"", ""1730""], ""1"": [""0900"", ""1730""], ""2"": [""0900"", ""1700""], ""3"": [""0900"", ""1730""], ""4"": [""0900"", ""1730""], ""5"": [""0900"", ""1200""]}",12시30분~13시30분,08시40분~17시00분,
JDQ4MTYyMiM4MSMkMSMkNCMkOTkkMzgxMzUxIzMxIyQxIyQzIyQ5OSQzNjEwMDIjNjEjJDEjJDAjJDgz,이레 아이병원,general,경남,양산시,"경상남도 양산시 물금읍 청운로 185, 504~507, 601~605호",055-781-1175,,35.3172103,129.0028103,3,20161019,0,,,,
JDQ4MTYyMiM4MSMkMSMkNCMkOTkkMzgxMzUxIzIxIyQxIyQ1IyQwMyQyNjEwMDIjNTEjJDEjJDIjJDgz,공군교육사 기지병원,general,경남,진주시,"경상남도 진주시 금산면 송백로 46, 46",055-750-2603,,35.2036255,128.1456409,13,20090618,0,"{""0"": [""0850"", ""1600""], ""1"": [""0850"", ""1600""], ""2"": [""0850"", ""1500""], ""3"": [""0850"", ""1600""], ""4"": [""0850"", ""1600""]}",11시 30분~13시,"08시 45분 ~ 11시, 13시 ~ 16시",
JDQ4MTYyMiM4MSMkMSMkNCMkOTkkMzgxMzUxIzMxIyQxIyQzIyQ4MiQyNjE0ODEjNTEjJDEjJDIjJDgz,예담소아청소년과병원,general,경남,진주시,"경상남도 진주시 충의로 20-33, 동행빌딩2층,1층116호,117호 (충무공동)",055-755-3311,,35.1758876,128.1481905,3,20190327,0,"{""0"": [""0900"", ""2100""], ""1"": [""0900"", ""2100""], ""2"": [""0900"", ""2100""], ""3"": [""0900"", ""2100""], ""4"": [""0900"", ""2100""], ""5"": [""0800"", ""1200""], ""6"": [""0800"", ""1200""]}",점심시간 12시30분~ 14시00분 /저녁시간 18시00~ 18시30분,09시00분 ~21시00,동행빌딩 2층
JDQ4MTYyMiM4MSMkMSMkNCMkOTkkMzgxMzUxIzMxIyQxIyQzIyQwMyQzNjEwMDIjODEjJDEjJDIjJDgz,키즈웰소아청소년과병원,general,경남,창원마산회원구,"경상남도 창원시 마산회원구 용마로 130, 메트로센텀 5,11층 (양덕동)",055-715-2500,,35.2235828,128.5860884,4,20191128,0,"{""0"": [""0900"", ""2100""], ""1"": [""0900"", ""2100""], ""2"": [""0900"", ""2100""], ""3"": [""0900"", ""2100""], ""4"": [""0900"", ""2100""], ""5"": [""0900"", ""1300""], ""6"": [""0900"", ""1300""]}",,,
JDQ4MTYyMiM4MSMkMSMkNCMkOTkkMzgxMzUxIzIxIyQxIyQ5IyQxMyQyNjE0ODEjODEjJDEjJDIjJDgz,굿모닝내과병원,general,경남,창원의창구,"경상남도 창원시 의창구 사화로 6, (팔용동)",055-265-2800,,35.2572597,128.6086412,5,20140911,0,"{""0"": [""0830"", ""1800""], ""1"": [""0830"", ""1800""], ""2"": [""0830"", ""1800""], ""3"": [""0830"", ""1800""], ""4"": [""0830"", ""1800""], ""5"": [""0830"", ""1300""], ""6"": [""0830"", ""1230""]}",12시30분~14시00분,,창원역
JDQ4MTYyMiM4MSMkMSMkNCMkOTkkMzgxMzUxIzMxIyQxIyQzIyQ4MiQ0NjEwMDIjNjEjJDEjJDgjJDgz,창원더키움병원,general,경남,창원의창구,"경상남도 창원시 의창구 중동중앙로 95, 2층, 3층일부, 5~7층 (중동)",055-810-8000,,35.2595478,128.6287999,5,20211015,0,,,,
JDQ4MTYyMiM4MSMkMSMkNCMkOTkkMzgxMzUxIzMxIyQxIyQ3IyQ3OSQyNjE4MzIjNDEjJDEjJDQjJDgz,창원튼튼i병원,general,경남,창원의창구,"경상남도 창원시 의창구 원이대로 53, (도계동)",055-265-8277,,35.2576778,128.6343924,5,20230629,0,"{""0"": [""0900"", ""2000""], ""1"": [""0900"", ""2000""], ""2"": [""0900"", ""2000""], ""3"": [""0900"", ""2000""], ""4"": [""0900"", ""2000""], ""5"": [""0900"", ""1600""], ""6"": [""0900"", ""1300""]}",13시00분 ~ 14시00분,09시00분 ~ 20시00분,창원튼튼i병원
JDQ4MTYyMiM4MSMkMSMkNCMkOTkkMzgxMzUxIzExIyQxIyQzIyQxMyQ0NjE0ODEjODEjJDEjJDIjJDgz,해군해양의료원,general,경남,창원진해구,"경상남도 창원시 진해구 진해대로963번길 35, (자은동)",055-907-6996,,35.1463306,128.7129153,28,19940517,1,,,,
JDQ4MTYyMiM4MSMkMSMkMCMkOTkkMzgxMzUxIzExIyQxIyQzIyQ4MiQzNjE4MzIjNjEjJDEjJDAjJDgz,국군대구병원,general,경북,경산시,"경상북도 경산시 하양읍 대경로 425-41, (하양읍)",053-750-1777,,35.9024753,128.7887916,16,19941217,1,,,,
JDQ4MTYyMiM4MSMkMSMkMCMkOTkkMzgxMzUxIzExIyQxIyQ3IyQ4MiQyNjE0ODEjNTEjJDEjJDYjJDgz,울진군의료원,general,경북,울진군,"경상북도 울진군 울진읍 현내항길 71, (울진읍)",054-785-7015,www.umc.or.kr/,36.9926961,129.4095737,21,20030213,0,"{""0"": [""0900"", ""1730""], ""1"": [""0900"", ""1730""], ""2"": [""0900"", ""1730""], ""3"": [""0900"", ""1730""], ""4"": [""0900"", ""1730""]}",12:30~13:30,08:30~17:10 (금요일 : 17:00),울진군청
JDQ4MTYyMiM4MSMkMSMkMCMkOTkkMzgxMzUxIzExIyQxIyQzIyQ3MiQyNjE0ODEjNDEjJDEjJDQjJDgz,의료법인건용의료재단 왜관병원,general,경북,칠곡군,"경상북도 칠곡군 왜관읍 군청2길 10, (왜관읍)",054-971-1002,,35.996085,128.401513,6,19880524,0,"{""0"": [""0900"", ""1800""], ""1"": [""0900"", ""1800""], ""2"": [""0900"", ""1800""], ""3"": [""0900"", ""1800""], ""4"": [""0900"", ""1800""], ""5"": [""0900"", ""1300""]}",12시30분~13시30분,09시~18시,칠곡군청
JDQ4MTYyMiM4MSMkMSMkMCMkOTkkMzgxMzUxIzExIyQxIyQzIyQ4MiQ0NjE0ODEjNTEjJDEjJDIjJDgz,해군포항병원,general,경북,포항남구,"경상북도 포항시 남구 오천읍 충무로 70, (오천읍)",054-299-2494,,35.9751779,129.4183025,21,19940525,1,,,,
JDQ4MTYyMiM4MSMkMSMkMCMkOTkkMzgxMzUxIzExIyQxIyQzIyQxMyQzNjEwMDIjNDEjJDEjJDQjJDgz,제일안과병원,general,대구,대구동구,"대구광역시 동구 아양로 1, (신암동)",053-959-1751,http://eyehosp.co.kr/,35.8817704,128.6146147,14,19980613,11,"{""0"": [""0900"", ""1730""], ""1"": [""0900"", ""1730""], ""2"": [""0900"", ""1730""], ""3"": [""0900"", ""1730""], ""4"": [""0900"", ""1730""], ""5"": [""0900"", ""1200""]}",13:00 ~ 14:00,08:30 ~ 17:30,제일안과병원
JDQ4MTYyMiM4MSMkMSMkMCMkOTkkMzgxOTYxIzExIyQxIyQzIyQ4OSQ0NjE0ODEjNDEjJDEjJDgjJDgz,누네안과병원,general,대구,대구중구,"대구광역시 중구 달구벌대로 2179, 눈빌딩 1층~8층 (삼덕동2가)",053-715-3300,,35.8637626,128.6019288,22,20110224,21,,,,
JDQ4MTYyMiM2MSMkMSMkMiMkOTkkMzgxMzUxIzExIyQxIyQzIyQ2MiQ0NjEwMDIjNjEjJDEjJDQjJDgz,의료법인 의명의료재단 대전병원,general,대전,대전대덕구,"대전광역시 대덕구 대전로 1215-0, 대전병원",042-625-0700,,36.3625801,127.4177803,3,19891229,0,"{""0"": [""0830"", ""1800""], ""1"": [""0830"", ""1800""], ""2"": [""0830"", ""1800""], ""3"": [""0830"", ""1800""], ""4"": [""0830"", ""1800""], ""5"": [""0830"", ""1230""]}",12시30분~13시30분,,
JDQ4MTYyMiM2MSMkMSMkMiMkOTkkMzgxMzUxIzIxIyQxIyQ1IyQ5OSQzNjE0ODEjODEjJDEjJDYjJDgz,밝은누리안과병원,general,대전,대전서구,"대전광역시 서구 둔산로 61, (둔산동)",042-485-6644,,36.3515725,127.3807636,10,20210507,10,"{""0"": [""0930"", ""1830""], ""1"": [""0930"", ""1830""], ""2"": [""0930"", ""1830""], ""3"": [""0930"", ""1830""], ""4"": [""0930"", ""2030""], ""5"": [""0900"", ""1500""]}",13시00분~14시00분,8시30분~18:00분,아이빌딩
JDQ4MTYyMiM2MSMkMSMkMiMkOTkkMzgxMzUxIzExIyQxIyQzIyQ2MiQzNjEyMjIjNDEjJDEjJDgjJDgz,국군대전병원,general,대전,대전유성구,"대전광역시 유성구 자운로 90-0,  (자운동)",042-1688-9152,,36.3992697,127.3495957,46,19980121,1,"{""0"": [""0830"", ""1730""], ""1"": [""0830"", ""1730""], ""2"": [""0830"", ""1530""], ""3"": [""0830"", ""1730""], ""4"": [""0830"", ""1730""]}",11시45분 ~ 13시00분,08시30분 ~ 16시30분,자운사거리
JDQ4MTYyMiM2MSMkMSMkMiMkOTkkMzgxMzUxIzIxIyQxIyQ1IyQ4OSQyNjE0ODEjODEjJDEjJDYjJDgz,봉키병원,general,대전,대전유성구,"대전광역시 유성구 계룡로 120-0, (봉명동)",042-1522-6705,,36.3526462,127.3437349,5,20190513,0,,,,
JDQ4MTYyMiM2MSMkMSMkMiMkOTkkMzgxMzUxIzExIyQxIyQzIyQwMyQzNjEyMjIjNDEjJDEjJDQjJDgz,이안과병원,general,대전,대전중구,"대전광역시 중구 대종로 468-0,  9층 (대흥동,천우빌딩)",042-220-5500,,36.3263069,127.4276336,5,19930901,5,"{""0"": [""0900"", ""1800""], ""1"": [""0900"", ""1800""], ""2"": [""0900"", ""1800""], ""3"": [""0900"", ""1800""], ""4"": [""0900"", ""1800""], ""5"": [""0900"", ""1300""]}",13:00~14:00,09시00분~17시45분,대흥동 천주교 성당
JDQ4MTAxMiM1MSMkMSMkMCMkOTkkMzgxMzUxIzIxIyQxIyQ5IyQ2MiQyNjEwMDIjNDEjJDEjJDgjJDgz,에스병원(S병원),general,부산,부산영도구,"부산광역시 영도구 동삼로 55-1, 지하2층, 2층~8층, 9층 일부 (동삼동)",051-412-7000,,35.0783081,129.0700426,0,20200110,0,,,,
JDQ4MTAxMiM1MSMkMSMkMCMkOTkkMzgxMzUxIzIxIyQxIyQ5IyQwMyQzNjEwMDIjNTEjJDEjJDYjJDgz,건강만세365병원,general,부산,부산중구,"부산광역시 중구 대청로 105, 건강만세365병원 -1,1~9층 (대청동2가)",051-711-0365,,35.1031753,129.0313991,9,20200103,0,,,,
JDQ4MTAxMiM1MSMkMSMkMCMkOTkkMzgxMzUxIzIxIyQxIyQ5IyQ3OSQyNjE0ODEjNjEjJDEjJDAjJDgz,밝은눈안과병원,general,부산,부산진구,"부산광역시 부산진구 가야대로 729, (부암동)",051-1670-3993,,35.1579106,129.0513538,7,20170403,7,,,,
JDQ4MTAxMiM1MSMkMSMkMCMkOTkkMzgxMzUxIzIxIyQxIyQ5IyQ4MiQzNjE4MzIjNjEjJDEjJDQjJDgz,새길병원,general,부산,부산진구,"부산광역시 부산진구 새싹로14번길 14, 4,5,7~11층 (부전동)",051-948-1000,,35.1594588,129.0586819,4,20090525,1,,,,
JDQ4MTAxMiM1MSMkMSMkMCMkOTkkMzgxMzUxIzIxIyQxIyQ5IyQ3MiQ0NjE0ODEjNjEjJDEjJDgjJDgz,에덴어린이병원,general,부산,부산진구,"부산광역시 부산진구 가야대로 649, 6~15층 (가야동)",051-710-3181,,35.1561758,129.0426109,4,20211224,0,,,,
JDQ4MTAxMiM1MSMkMSMkMCMkOTkkMzgxMzUxIzIxIyQxIyQ1IyQ2MiQyNjEyMjIjNTEjJDEjJDYjJDgz,정근안과병원,general,부산,부산진구,"부산광역시 부산진구 가야대로 767, 서면메디칼센터 1~4층(부전동) (부전동)",051-668-8000,http://www.jlasik.co.kr,35.1580587,129.0555001,6,20130207,6,,,,
JDQ4MTAxMiM1MSMkMSMkMCMkOTkkMzgxMzUxIzExIyQxIyQzIyQxMyQ0NjE0ODEjNDEjJDEjJDQjJDgz,부산성모안과병원,general,부산,부산해운대구,"부산광역시 해운대구 해운대로 409, (우동)",051-743-0775,http://www.sungmo.co.kr,35.1675364,129.1409696,22,19920930,15,"{""0"": [""0900"", ""1730""], ""1"": [""0900"", ""1730""], ""2"": [""0900"", ""1730""], ""3"": [""0900"", ""1730""], ""4"": [""0900"", ""1730""], ""5"": [""0900"", ""1200""]}",,08시20분~17시30분,벡스코
JDQ4MTAxMiM1MSMkMSMkMCMkOTkkMzgxMzUxIzIxIyQyIyQ1IyQwMCQ0NjEwMDIjNTEjJDEjJDYjJDgz,센텀아동병원,general,부산,부산해운대구,"부산광역시 해운대구 해운대로 407, 6층 (우동, 신세계프라자)",743-1588,,35.1678259,129.1406828,4,20130110,0,"{""0"": [""0900"", ""2000""], ""1"": [""0900"", ""2000""], ""2"": [""0900"", ""2000""], ""3"": [""0900"", ""2000""], ""4"": [""0900"", ""2000""], ""5"": [""0900"", ""1500""], ""6"": [""0930"", ""1300""]}",12시 30분~14시,08시40분,부산 해운대구 해운대로 407 신세계프라자 6층
JDQ4MTAxMiM1MSMkMSMkMCMkOTkkMzgxMzUxIzIxIyQxIyQ5IyQxMyQzNjEwMDIjNDEjJDEjJDgjJDgz,한마음병원,general,부산,부산해운대구,"부산광역시 해운대구 달맞이길 30, 포디움동 2층 (중동, 엘시티)",051-744-1004,https://www.han1004.co.kr/,35.1610639,129.1683764,0,20240906,0,,,,
JDQ4MTg4MSM1MSMkMSMkMCMkOTkkMzgxMzUxIzIxIyQxIyQ5IyQ4MiQzNjEwMDIjNjEjJDEjJDgjJDgz,누네안과병원,general,서울,강남구,"서울특별시 강남구 테헤란로 408, 대치빌딩 지상9층~지상17층 (대치동)",02-1661-1175,http://www.noon.co.kr,37.5044651,127.0504171,30,20061220,25,"{""0"": [""0830"", ""1700""], ""1"": [""0830"", ""1700""], ""2"": [""0830"", ""1700""], ""3"": [""0830"", ""1700""], ""4"": [""0830"", ""1700""], ""5"": [""0900"", ""1300""]}",,,선릉역
JDQ4MTg4MSM1MSMkMSMkMCMkOTkkMzgxMzUxIzIxIyQxIyQxIyQ5OSQzNjEwMDIjNjEjJDEjJDAjJDgz,윤호병원,general,서울,강남구,"서울특별시 강남구 압구정로 304, 윤호병원 (지하1층,지하2층,1층~4층,7층)  (신사동)",02-512-0500,http://www.yoonhohospital.co.kr,37.5288504,127.0344243,3,19920715,0,"{""0"": [""0930"", ""1800""], ""1"": [""0930"", ""1800""], ""2"": [""0930"", ""1800""], ""3"": [""0930"", ""1800""], ""4"": [""0930"", ""1800""], ""5"": [""0930"", ""1430""], ""6"": [""0000"", ""0000""]}",,09시30분~18시00분,
JDQ4MTg4MSM1MSMkMSMkMCMkOTkkMzgxMzUxIzQxIyQxIyQ3IyQ4MiQzNjE0ODEjNzEjJDEjJDgjJDgz,공안과병원,general,서울,강동구,"서울특별시 강동구 풍성로37길 45, (성내동)",02-480-5000,,37.533932,127.1260445,10,20120102,9,,,,
JDQ4MTg4MSM1MSMkMSMkMCMkOTkkMzgxMzUxIzIxIyQxIyQxIyQ2MiQ0NjE0ODEjNTEjJDEjJDYjJDgz,국립재활원,general,서울,강북구,"서울특별시 강북구 삼각산로 58, 국립재활원 (수유동)",02-901-1700,http://www.nrc.go.kr,37.6388781,127.0105162,28,19940221,0,,,,
JDQ4MTg4MSM1MSMkMSMkMCMkOTkkMzgxMzUxIzExIyQxIyQ3IyQ4MiQ0NjEwMDIjNDEjJDEjJDQjJDgz,실로암안과병원,general,서울,강서구,"서울특별시 강서구 등촌로 181, (등촌동, 실로암안과병원)",02-2650-0700,http://www.siloam.co.kr,37.5460226,126.8622776,12,19860218,11,"{""0"": [""0900"", ""1730""], ""1"": [""0900"", ""1730""], ""2"": [""0900"", ""1730""], ""3"": [""0900"", ""1730""], ""4"": [""0900"", ""1730""], ""5"": [""0900"", ""1250""]}",12시30분 ~ 13시30분,08시45분 ~ 17시15분,강서구의회
JDQ4MTg4MSM1MSMkMSMkMCMkOTkkMzgxMzUxIzMxIyQxIyQ3IyQwMyQzNjEyMjIjNDEjJDEjJDgjJDgz,의료법인 우리아이들 의료재단 우리아이들병원,general,서울,구로구,"서울특별시 구로구 새말로 15, 2~10층,11층 일부호 (구로동, 삼전 솔하임)",02-858-0100,,37.5021368,126.88244,26,20130422,0,"{""0"": [""0000"", ""2400""], ""1"": [""0000"", ""2400""], ""2"": [""0000"", ""2400""], ""3"": [""0000"", ""2400""], ""4"": [""0000"", ""2400""], ""5"": [""0000"", ""2400""], ""6"": [""0000"", ""2400""]}","점심 : 13시 00분 ~ 14시 00분, 저녁 : 18시00분 ~ 19시00분",00시00분 ~ 24시00분 (24시간 진료),구로역
JDQ4MTg4MSM1MSMkMSMkMCMkOTkkMzgxMzUxIzIxIyQxIyQ5IyQ2MiQ0NjE0ODEjNjEjJDEjJDgjJDgz,사회복지법인 성가소비녀회 성가복지병원,general,서울,성북구,"서울특별시 성북구 종암로 191, (하월곡동)",02-940-1500,http://www.sgbokji.or.kr,37.6069387,127.0307411,5,19851202,0,,,,
JDQ4MTg4MSM1MSMkMSMkMCMkOTkkMzgxMzUxIzQxIyQxIyQ3IyQ5OSQ0NjEwMDIjODEjJDEjJDYjJDgz,성북우리아이들병원,general,서울,성북구,"서울특별시 성북구 동소문로46길 10, (하월곡동)",02-912-0100,,37.6068633,127.0293592,22,20180223,0,"{""0"": [""0000"", ""2400""], ""1"": [""0000"", ""2400""], ""2"": [""0000"", ""2400""], ""3"": [""0000"", ""2400""], ""4"": [""0000"", ""2400""], ""5"": [""0000"", ""2400""], ""6"": [""0000"", ""2400""]}","점심 : 13시00분 ~ 14시00분, 저녁 : 18시00분 ~ 19시00분",00시00분~24시00분 (24시간 진료),성북우체국
JDQ4MTg4MSM1MSMkMSMkMCMkOTkkMzgxMzUxIzQxIyQxIyQ3IyQ3OSQ0NjEwMDIjNjEjJDEjJDAjJDgz,혜민안과병원,general,서울,송파구,"서울특별시 송파구 중대로 122, (가락동)",02-3012-1800,,37.4938555,127.1219354,5,20161222,5,,,,
JDQ4MTg4MSM1MSMkMSMkMCMkOTkkMzgxMzUxIzIxIyQxIyQxIyQ5OSQzNjEyMjIjNTEjJDEjJDIjJDgz,건양의료재단 김안과병원,general,서울,영등포구,"서울특별시 영등포구 영신로 136, (영등포동4가)",1577-2639,http://www.kimeye.com/kimeye/,37.5197392,126.9014955,61,19920801,47,"{""0"": [""0830"", ""1700""], ""1"": [""0830"", ""1700""], ""2"": [""0830"", ""1700""], ""3"": [""0830"", ""1700""], ""4"": [""0830"", ""1700""], ""5"": [""0830"", ""1230""], ""6"": [""0830"", ""1230""]}",12시30분~1시30분,08시00분~17시00분,영등포청과시장사거리
JDQ4MTg4MSM1MSMkMSMkMCMkOTkkMzgxMzUxIzExIyQxIyQ3IyQ5MiQzNjE0ODEjNjEjJDEjJDgjJDgz,서울송도병원,general,서울,중구,"서울특별시 중구 다산로 78, 송도병원 (신당동)",02-2231-0900,http://www.isongdo.com,37.5513137,127.0082458,38,19940225,0,"{""0"": [""0900"", ""1730""], ""1"": [""0900"", ""1730""], ""2"": [""0900"", ""1730""], ""3"": [""0900"", ""1730""], ""4"": [""0900"", ""1730""], ""5"": [""0900"", ""1200""]}",12시00분~13시30분,08시00분~17시00분,신당3동사무소
JDQ4MTYyMiM4MSMkMSMkNCMkOTkkMzgxMzUxIzMxIyQxIyQzIyQ4MiQyNjE4MzIjNzEjJDEjJDgjJDgz,좋은의사들안과병원,general,울산,울산남구,"울산광역시 남구 삼산로 213, 웰빙메디타워 2~7, 10층 (달동)",052-276-3500,,35.5383306,129.3304127,3,20190530,3,,,,
JDQ4MTYyMiM4MSMkMSMkNCMkOTkkMzgxMzUxIzIxIyQxIyQ5IyQ3OSQzNjEwMDIjNTEjJDEjJDYjJDgz,아이윤병원,general,울산,울산중구,"울산광역시 중구 번영로 371, 3,6,7,12층 (학산동)",052-291-0087,,35.5582223,129.3268217,4,20161231,2,,,,
JDQ4MTYyMiM1MSMkMSMkMCMkOTkkMzgxOTYxIzExIyQxIyQzIyQxMyQzNjEyMjIjNDEjJDEjJDgjJDgz,한국보훈복지의료공단 인천보훈병원,general,인천,인천미추홀구,"인천광역시 미추홀구 인주대로 138, 인천보훈병원 지(1,2),1~7층 (용현동)",032-363-9800,,37.4557641,126.652438,16,20180820,1,,,,
JDQ4MTYyMiM1MSMkMSMkMCMkOTkkMzgxMzUxIzIxIyQxIyQxIyQxMyQzNjE0ODEjNTEjJDEjJDIjJDgz,의료법인한길의료재단한길안과병원,general,인천,인천부평구,"인천광역시 부평구 부평대로 35, 1층일부,2층~10층 (부평동, 정명빌딩)",032-503-3322,http://www.hangileye.co.kr,37.494578,126.722362,43,19980801,36,"{""0"": [""0830"", ""1700""], ""1"": [""0830"", ""1700""], ""2"": [""0830"", ""1700""], ""3"": [""0830"", ""1700""], ""4"": [""0830"", ""1700""], ""5"": [""0830"", ""1300""]}",12시30분~13시30분,,한길안과병원
JDQ4MTYyMiM3MSMkMSMkMCMkOTkkMzgxMzUxIzExIyQxIyQzIyQ2MiQzNjEwMDIjNDEjJDEjJDQjJDgz,국립소록도병원,general,전남광주,고흥군,"전남광주통합특별시 고흥군 도양읍 소록해안길 65, (도양읍)",061-840-0512,http://www.sorokdo.go.kr,34.511657,127.1213743,7,19860722,0,,,,
JDQ4MTYyMiM3MSMkMSMkMCMkOTkkMzgxMzUxIzIxIyQxIyQ5IyQ3MiQzNjEyMjIjNDEjJDEjJDgjJDgz,예사랑아동병원,general,전남광주,광주남구,"전남광주통합특별시 남구 서문대로 683, (진월동)",062-651-2500,yesarang.net,35.1202426,126.8985624,5,20171016,0,"{""0"": [""0700"", ""1800""], ""1"": [""0700"", ""1800""], ""2"": [""0700"", ""1800""], ""3"": [""0700"", ""1800""], ""4"": [""0700"", ""1800""], ""5"": [""0700"", ""1800""]}",12시30분~14시00분,07시00분~18시00분(점심시간12:30~14:00),
JDQ4MTYyMiM3MSMkMSMkMCMkOTkkMzgxMzUxIzIxIyQyIyQ1IyQwMCQzNjEwMDIjNDEjJDEjJDgjJDgz,밝은안과21병원,general,전남광주,광주서구,"전남광주통합특별시 서구 무진대로 950, (농성동, 주식회사명안빌딩)",062-364-9000,http://www.happyeye.co.kr,35.1608879,126.8844886,10,20101231,10,,,,
JDQ4MTYyMiM3MSMkMSMkMCMkOTkkMzgxMzUxIzMxIyQxIyQzIyQ2MiQzNjE0ODEjNTEjJDEjJDYjJDgz,보라안과병원,general,전남광주,광주서구,"전남광주통합특별시 서구 상무자유로 170, 3~7층 (치평동)",062-380-5800,,35.1512682,126.8527076,7,20031216,7,,,,
JDQ4MTYyMiM3MSMkMSMkMCMkOTkkMzgxMzUxIzExIyQxIyQzIyQ5MiQ0NjEwMDIjNjEjJDEjJDAjJDgz,의료법인인성의료재단 함평성심병원,general,전남광주,함평군,"전남광주통합특별시 함평군 함평읍 영수길 132, (함평읍)",061-324-0001,,35.0619249,126.5198749,3,19921101,0,"{""0"": [""0830"", ""1730""], ""1"": [""0830"", ""1730""], ""2"": [""0830"", ""1730""], ""3"": [""0830"", ""1730""], ""4"": [""0830"", ""1730""], ""5"": [""0830"", ""1230""]}",12시30분~13시30분,,
JDQ4MTYyMiM2MSMkMSMkNiMkOTkkMzgxMzUxIzIxIyQyIyQxIyQwMCQzNjE4MzIjODEjJDEjJDIjJDgz,온누리안과병원,general,전북,전주완산구,"전북특별자치도 전주시 완산구 백제대로 325-0,  1동 (중화산동2가,온누리안과)",063-277-2774,,35.8223109,127.1223559,5,20180903,5,"{""0"": [""0900"", ""1800""], ""1"": [""0900"", ""1800""], ""2"": [""0900"", ""1800""], ""3"": [""0900"", ""1800""], ""4"": [""0900"", ""1800""], ""5"": [""0900"", ""1300""]}",12시 30분~13시 30분,,전주화산체육관(빙상경기장)
JDQ4MTYyMiM4MSMkMSMkOCMkOTkkMzgxMzUxIzExIyQyIyQzIyQwMCQzNjEyMjIjNDEjJDEjJDgjJDgz,제주선한병원,general,제주,제주시,"제주특별자치도 제주시 중앙로 616, 2~4층 (아라일동)",064-722-0054,,33.4687624,126.5470331,3,20180123,1,"{""0"": [""0900"", ""1700""], ""1"": [""0900"", ""1700""], ""2"": [""0900"", ""1700""], ""3"": [""0900"", ""1700""], ""4"": [""0900"", ""1700""]}",12시30분~13시30분,08시30분~16시30분,제주대학교병원 입구
JDQ4MTYyMiM2MSMkMSMkMiMkOTkkMzgxMzUxIzExIyQxIyQzIyQ2MiQzNjE4MzIjODEjJDEjJDYjJDgz,육군훈련소 지구병원,general,충남,논산시,"충청남도 논산시 연무읍 득안대로 450-8, (연무읍)",041-740-7814,http://,36.110917,127.0996297,14,19940611,1,,,,
JDQ4MTYyMiM2MSMkMSMkMiMkOTkkMzgxMzUxIzIxIyQxIyQ1IyQ3OSQyNjE0ODEjNDEjJDEjJDgjJDgz,마디손병원,general,충남,천안서북구,"충청남도 천안시 서북구 불당34길 18, 1층,3~5층 (불당동)",041-581-9999,,36.8064529,127.1064318,4,20180724,0,,,,
JDQ4MTYyMiM1MSMkMSMkOCMkOTkkMzgxMzUxIzExIyQxIyQzIyQxMyQyNjEwMDIjNTEjJDEjJDIjJDgz,공군항공우주의료원,general,충북,청주상당구,"충청북도 청주시 상당구 남일면 단재로 635-0,",043-290-6676,,36.5796793,127.5273823,31,19990903,3,,,,
JDQ4MTYyMiM1MSMkMiMkNCMkMDAkMzgxMTkxIzExIyQxIyQzIyQ4OSQ0NjEwMDIjNDEjJDEjJDgjJDgz,강릉성모안과의원,clinic,강원,강릉시,"강원특별자치도 강릉시 경강로 2089, 1층 (임당동)",033-645-7337,,37.754583,128.8955034,1,20160203,1,"{""0"": [""0900"", ""1800""], ""1"": [""0900"", ""1800""], ""2"": [""0900"", ""1800""], ""3"": [""0900"", ""1800""], ""4"": [""0900"", ""1800""], ""5"": [""0900"", ""1300""]}",,,
JDQ4MTYyMiM1MSMkMiMkNCMkMDAkMzgxMzUxIzUxIyQxIyQ1IyQ5OSQ0NjEwMDIjNjEjJDEjJDQjJDgz,박민형안과의원,clinic,강원,강릉시,"강원특별자치도 강릉시 경강로 2109, 4층 (임당동, 문선빌딩)",033-643-3133,,37.7556928,128.8972549,1,19960209,1,"{""0"": [""0900"", ""1730""], ""1"": [""0900"", ""1730""], ""2"": [""0900"", ""1730""], ""3"": [""0900"", ""1730""], ""4"": [""0900"", ""1730""]}",오후 01시~02시,오전 09시~오후 05시30분,문선빌딩 4층
JDQ4MTYyMiM1MSMkMiMkNCMkMDAkMzgxOTYxIzQxIyQxIyQ3IyQ3MiQ0NjEwMDIjNDEjJDEjJDQjJDgz,베스트안과의원,clinic,강원,강릉시,"강원특별자치도 강릉시 경강로 2110, (임당동)",033-647-6166~7,,37.7553336,128.8976716,2,20050802,2,,,,
JDQ4MTYyMiM1MSMkMiMkNCMkMDAkMzgxMTkxIzExIyQxIyQ3IyQ5OSQ0NjE0ODEjNzEjJDEjJDgjJDgz,서울안과의원,clinic,강원,강릉시,"강원특별자치도 강릉시 경강로 2108, 3층 (임당동)",033-644-0707,,37.7552401,128.8974907,1,20190408,1,"{""0"": [""0900"", ""1730""], ""1"": [""0900"", ""1730""], ""2"": [""0900"", ""1730""], ""3"": [""0900"", ""1300""], ""4"": [""0900"", ""1730""], ""5"": [""0800"", ""1200""]}",13시00분~14시00분,08시30분~17시00분,시내 롯데리아와 하나은행 사이건물 3층
JDQ4MTYyMiM1MSMkMiMkNCMkMDAkMzgxOTYxIzUxIyQxIyQ1IyQ2MiQzNjEyMjIjNDEjJDEjJDgjJDgz,솔빛안과의원,clinic,강원,강릉시,"강원특별자치도 강릉시 경강로 2120, 5층 518호 (옥천동)",033-646-7572,,37.7556996,128.8986261,1,20140314,1,"{""0"": [""0900"", ""1730""], ""1"": [""0900"", ""1730""], ""2"": [""0900"", ""1230""], ""3"": [""0900"", ""1730""], ""4"": [""0900"", ""1730""]}",12:30~14:00,,
JDQ4MTYyMiM1MSMkMiMkNCMkMDAkMzgxMTkxIzIxIyQxIyQxIyQ4OSQyNjEwMDIjODEjJDEjJDYjJDgz,이안과의원,clinic,강원,강릉시,"강원특별자치도 강릉시 주문진읍 항구로 48, 6층",033-662-9799,,37.8931667,128.8267222,1,20210915,1,"{""0"": [""0900"", ""1800""], ""1"": [""0900"", ""1800""], ""2"": [""0900"", ""1800""], ""3"": [""0900"", ""1800""], ""4"": [""0900"", ""1800""]}",13;00-14;00,,
JDQ4MTYyMiM1MSMkMiMkNCMkMDAkMzgxMTkxIzExIyQxIyQ3IyQ5OSQyNjEwMDIjNDEjJDEjJDQjJDgz,조은안과의원,clinic,강원,강릉시,"강원특별자치도 강릉시 율곡로 2827, 그랜드치과타워빌딩 2층 (옥천동)",033-655-0741,,37.7565441,128.8982458,3,20181219,3,"{""0"": [""0900"", ""1640""], ""1"": [""0900"", ""1640""], ""2"": [""0900"", ""1640""], ""3"": [""0900"", ""1640""], ""4"": [""0900"", ""1640""]}",,,
JDQ4MTYyMiM1MSMkMiMkNCMkMDAkMzgxOTYxIzIxIyQxIyQxIyQ5MiQzNjE4MzIjNjEjJDEjJDgjJDgz,한빛안과의원,clinic,강원,강릉시,"강원특별자치도 강릉시 경강로 2100, 신영빌딩2관 6층 (임당동)",033-642-6429,,37.7547828,128.8966951,1,20010224,1,"{""0"": [""0900"", ""1700""], ""1"": [""0900"", ""1700""], ""2"": [""0900"", ""1200""], ""3"": [""0900"", ""1700""], ""4"": [""0900"", ""1700""]}",12:30 - 14:00,,강원특별자치도 강릉시 경강로 2100 6층
JDQ4MTYyMiM1MSMkMiMkNCMkMDAkMzgxOTYxIzQxIyQxIyQ3IyQ5OSQyNjE4MzIjODEjJDEjJDYjJDgz,서울베스트안과의원,clinic,강원,동해시,"강원특별자치도 동해시 중앙로 237, (천곡동)",033-531-6162,,37.5220356,129.113774,1,20080523,1,,,,
JDQ4MTYyMiM1MSMkMiMkNCMkMDAkMzgxOTYxIzMxIyQxIyQzIyQ2MiQyNjE0ODEjNjEjJDEjJDgjJDgz,성모안과의원,clinic,강원,동해시,"강원특별자치도 동해시 천곡로 76, 다나빌딩 2층 201호 (천곡동)",033-533-1285,,37.5229022,129.1132361,1,20041207,1,"{""0"": [""0900"", ""1700""], ""1"": [""0900"", ""1700""], ""2"": [""0900"", ""1300""], ""3"": [""0900"", ""1700""], ""4"": [""0900"", ""1700""], ""5"": [""0900"", ""1300""]}",13시00분 ~ 14시00분,09시00분 ~ 17시00분,다나빌딩
JDQ4MTYyMiM1MSMkMiMkNCMkMDAkMzgxOTYxIzQxIyQxIyQ3IyQ3MiQzNjEwMDIjNzEjJDEjJDgjJDgz,김윤호안과의원,clinic,강원,삼척시,"강원특별자치도 삼척시 진주로 5, (남양동,2층)",033-575-9900,,37.4413375,129.1639203,1,20090422,1,"{""0"": [""0900"", ""1800""], ""1"": [""0900"", ""1800""], ""2"": [""0900"", ""1800""], ""3"": [""0900"", ""1300""], ""4"": [""0900"", ""1800""], ""5"": [""0900"", ""1200""]}",13시00분~14시00분,,삼척의료원 맞은편 그린라이프약국
JDQ4MTYyMiM1MSMkMiMkNCMkMDAkMzgxOTYxIzMxIyQxIyQ3IyQ4OSQ0NjEwMDIjNjEjJDEjJDAjJDgz,우리안과의원,clinic,강원,삼척시,"강원특별자치도 삼척시 진주로 29, 동일빌딩 302호 (남양동)",033-573-7582,,37.4432875,129.1637643,1,19990423,1,,,,
JDQ4MTYyMiM1MSMkMiMkNCMkMDAkMzgxOTYxIzUxIyQxIyQxIyQ4OSQyNjE4MzIjODEjJDEjJDIjJDgz,본안과의원,clinic,강원,속초시,"강원특별자치도 속초시 중앙로 20, 2층 201호 (교동)",033-637-9100,,38.1982739,128.5795054,1,20101028,1,,,,
JDQ4MTYyMiM1MSMkMiMkNCMkMDAkMzgxMzUxIzUxIyQxIyQxIyQxMyQyNjE4MzIjNDEjJDEjJDgjJDgz,속초밝은안과의원,clinic,강원,속초시,"강원특별자치도 속초시 중앙로 51, (교동)",033-632-3700,,38.2006245,128.5820095,1,19950426,1,,,,
JDQ4MTYyMiM1MSMkMiMkNCMkMDAkMzgxOTYxIzIxIyQxIyQxIyQxMyQzNjEwMDIjNjEjJDEjJDAjJDgz,연세안과의원,clinic,강원,속초시,"강원특별자치도 속초시 동해대로 4177, 3층 (조양동)",033-632-3289,,38.1921319,128.5785904,1,20020701,1,"{""0"": [""0900"", ""1800""], ""1"": [""0900"", ""1800""], ""2"": [""0900"", ""1200""], ""3"": [""0900"", ""1800""], ""4"": [""0900"", ""1800""]}",12시30분부터 2시까지,9시부터 5시40분까지. 점심시간 12시반-2시,장수메디칼건물
JDQ4MTYyMiM1MSMkMiMkNCMkMDAkMzgxMzUxIzUxIyQxIyQxIyQ4OSQzNjE0ODEjNDEjJDEjJDgjJDgz,조관식안과의원,clinic,강원,속초시,"강원특별자치도 속초시 중앙로 124, (금호동)",033-633-7229,,38.2022034,128.5897061,1,19930504,1,"{""0"": [""0930"", ""1700""], ""1"": [""0930"", ""1700""], ""2"": [""0930"", ""1100""], ""3"": [""0930"", ""1700""], ""4"": [""0930"", ""1700""], ""5"": [""0930"", ""1100""]}",12시  ~ 2시,"월화목금 09시30분 ~ 16시30분, 수 09시30분~10시30분",
JDQ4MTYyMiM1MSMkMiMkNCMkMDAkMzgxOTYxIzUxIyQxIyQxIyQxMyQyNjE4MzIjNjEjJDEjJDgjJDgz,밝은김안과의원,clinic,강원,영월군,"강원특별자치도 영월군 영월읍 중앙1로 23, (시외버스터미널 2층)",033-373-0075,,37.1829585,128.4652752,1,20121025,1,,,,
JDQ4MTYyMiM1MSMkMiMkNCMkMDAkMzgxOTYxIzQxIyQxIyQ3IyQwMyQyNjE4MzIjNTEjJDEjJDIjJDgz,남부밝은안과의원,clinic,강원,원주시,"강원특별자치도 원주시 남원로 667-1, (명륜동)",033-766-9100,,37.3422494,127.9542488,1,20160421,1,"{""0"": [""0900"", ""1800""], ""1"": [""0900"", ""1800""], ""2"": [""0900"", ""1800""], ""3"": [""0900"", ""1800""], ""4"": [""0900"", ""1800""], ""5"": [""0900"", ""1300""]}",12:30~13:30,09:00 ~18:00,남부시장 옆 남부약국 2층
JDQ4MTYyMiM1MSMkMiMkNCMkMDAkMzgxOTYxIzMxIyQxIyQzIyQ5MiQyNjEyMjIjNjEjJDEjJDAjJDgz,드림연세안과의원,clinic,강원,원주시,"강원특별자치도 원주시 원일로 120, 2층 (중앙동)",033-742-0101,http://www.oklasek.co.kr/,37.3503162,127.9484763,2,20050411,2,"{""0"": [""0900"", ""1800""], ""1"": [""0900"", ""1800""], ""2"": [""0900"", ""1800""], ""3"": [""0900"", ""1230""], ""4"": [""0900"", ""1800""], ""5"": [""0900"", ""1200""]}",오후 12시 30분~오후 1시 30분,오전9시,강원도 원주시 일산동 59-14 중앙빌딩 5층 드림연세안과
JDQ4MTYyMiM1MSMkMiMkNCMkMDAkMzgxOTYxIzExIyQxIyQ3IyQ2MiQzNjE4MzIjODEjJDEjJDIjJDgz,손안과의원,clinic,강원,원주시,"강원특별자치도 원주시 서원대로 170, 재영빌딩 6층 (단계동)",033-764-6494,,37.343921,127.9302984,1,19990422,1,,,,
JDQ4MTYyMiM1MSMkMiMkNCMkMDAkMzgxMTkxIzIxIyQxIyQ1IyQ4OSQ0NjE0ODEjNTEjJDEjJDIjJDgz,연세더봄안과의원,clinic,강원,원주시,"강원특별자치도 원주시 남원로534번길 14, 3층 (단구동)",033-762-7577,,37.330781,127.9481548,1,20260225,1,,,,
JDQ4MTYyMiM1MSMkMiMkNCMkMDAkMzgxOTYxIzExIyQxIyQ3IyQ3OSQ0NjEwMDIjNjEjJDEjJDQjJDgz,연세안과의원,clinic,강원,원주시,"강원특별자치도 원주시 원일로 119, 2층 (일산동)",033-731-0505,,37.3502521,127.9480053,1,20010725,1,"{""0"": [""0900"", ""1730""], ""1"": [""0900"", ""1730""], ""2"": [""0900"", ""1230""], ""3"": [""0900"", ""1730""], ""4"": [""0900"", ""1730""], ""5"": [""0900"", ""1230""]}",12시30분~13시30분,,
JDQ4MTYyMiM1MSMkMiMkNCMkMDAkMzgxOTYxIzMxIyQxIyQ3IyQwMyQyNjEyMjIjODEjJDEjJDIjJDgz,연세프라임안과의원,clinic,강원,원주시,"강원특별자치도 원주시 원일로 89, 대림빌딩 2층 (일산동)",033-731-2753,,37.3486308,127.9498072,2,20070705,2,"{""0"": [""0900"", ""1800""], ""1"": [""0900"", ""1800""], ""2"": [""0900"", ""1800""], ""3"": [""0900"", ""1800""], ""4"": [""0900"", ""1800""], ""5"": [""0900"", ""1230""]}",12시30분~13시30분,,대림빌딩 2층
JDQ4MTYyMiM1MSMkMiMkNCMkMDAkMzgxOTYxIzIxIyQxIyQ5IyQxMyQyNjEwMDIjNjEjJDEjJDAjJDgz,우리안과의원,clinic,강원,원주시,"강원특별자치도 원주시 시청로 31, 2~5층 601, 608~612호 (무실동)",033-746-0212,http://www.woorieyes.com,37.3400563,127.9237027,5,20040315,5,"{""0"": [""0900"", ""1800""], ""1"": [""0900"", ""1800""], ""2"": [""0900"", ""1800""], ""3"": [""0900"", ""1800""], ""4"": [""0900"", ""1800""], ""5"": [""0900"", ""1300""]}",12:30~14:00,,
JDQ4MTYyMiM1MSMkMiMkNCMkMDAkMzgxOTYxIzQxIyQyIyQ3IyQwMCQyNjEyMjIjODEjJDEjJDIjJDgz,원주김안과의원,clinic,강원,원주시,"강원특별자치도 원주시 능라동길 70, 3층 306호 (무실동)",033-747-2300,,37.3337964,127.9302031,1,20190510,1,,,,
JDQ4MTYyMiM1MSMkMiMkNCMkMDAkMzgxMTkxIzIxIyQxIyQxIyQ5OSQyNjE4MzIjNTEjJDEjJDIjJDgz,원주밝은안과의원,clinic,강원,원주시,"강원특별자치도 원주시 서원대로 406, 5층 (단구동, 리더스타워)",033-766-9000,,37.3302107,127.9496766,2,20071204,1,,,,
JDQ4MTYyMiM1MSMkMiMkNCMkMDAkMzgxMzUxIzMxIyQxIyQ3IyQ4MiQzNjEwMDIjNTEjJDEjJDIjJDgz,이상진안과의원,clinic,강원,원주시,"강원특별자치도 원주시 북원로 2245, (단계동)",033-743-9344,,37.3462285,127.9333351,1,20240112,1,,,,
JDQ4MTYyMiM1MSMkMiMkNCMkMDAkMzgxMzUxIzUxIyQxIyQ1IyQ4OSQyNjE0ODEjNjEjJDEjJDAjJDgz,조안과의원,clinic,강원,원주시,"강원특별자치도 원주시 원일로115번길 12, 2층 (일산동)",033-746-8005,,37.3495291,127.9474327,1,19951122,1,"{""0"": [""0900"", ""1730""], ""1"": [""0900"", ""1730""], ""2"": [""0900"", ""1300""], ""3"": [""0900"", ""1730""], ""4"": [""0900"", ""1730""], ""5"": [""0900"", ""1300""]}",,,
JDQ4MTYyMiM1MSMkMiMkNCMkMDAkMzgxOTYxIzQxIyQxIyQ3IyQ5OSQyNjE0ODEjNjEjJDEjJDAjJDgz,강남아이원안과의원,clinic,강원,철원군,"강원특별자치도 철원군 갈말읍 명성로 184, 1층",033-455-7501,,38.1479295,127.3081914,1,20140205,1,,,,
JDQ4MTYyMiM1MSMkMiMkNCMkMDAkMzgxOTYxIzMxIyQxIyQ3IyQwMyQzNjE4MzIjODEjJDEjJDYjJDgz,YS김안과의원,clinic,강원,춘천시,"강원특별자치도 춘천시 후석로 22, 5층 (석사동, 남부새마을금고석사지점)",033-261-4411,,37.8567396,127.7402992,1,20170906,1,"{""0"": [""0900"", ""1730""], ""1"": [""0900"", ""1730""], ""2"": [""0900"", ""1730""], ""3"": [""0900"", ""1730""], ""4"": [""0900"", ""1730""], ""5"": [""0900"", ""1230""]}",12:30 ~ 14:00,08:30 ~ 17:00,강원도 춘천시 후석로 22.   5층
JDQ4MTYyMiM1MSMkMiMkNCMkMDAkMzgxOTYxIzUxIyQxIyQ1IyQ2MiQ0NjEwMDIjNjEjJDEjJDQjJDgz,그랜드우리안과의원,clinic,강원,춘천시,"강원특별자치도 춘천시 중앙로 68, 2층 (중앙로2가)",033-911-3355,,37.8795065,127.7262581,2,20200427,2,,,,
JDQ4MTYyMiM1MSMkMiMkNCMkMDAkMzgxOTYxIzUxIyQxIyQ1IyQxMyQ0NjE0ODEjNTEjJDEjJDYjJDgz,드림아이안과의원,clinic,강원,춘천시,"강원특별자치도 춘천시 방송길 98, 3층 (온의동)",033-241-0025,,37.8679122,127.7201749,1,20151001,1,"{""0"": [""0900"", ""1800""], ""1"": [""0900"", ""1800""], ""2"": [""0900"", ""1800""], ""3"": [""0900"", ""1800""], ""4"": [""0900"", ""1800""], ""5"": [""0900"", ""1300""]}",12시30분~14시00분,,제이진빌딩3층
JDQ4MTYyMiM1MSMkMiMkNCMkMDAkMzgxMTkxIzExIyQxIyQzIyQ3OSQzNjE0ODEjNTEjJDEjJDYjJDgz,류수정안과의원,clinic,강원,춘천시,"강원특별자치도 춘천시 지석로 85, 2층 203,204호 (석사동)",033-262-6500,,37.851124,127.7448581,1,20160104,1,"{""0"": [""0900"", ""1800""], ""1"": [""0900"", ""1800""], ""2"": [""0900"", ""1300""], ""3"": [""0900"", ""1800""], ""4"": [""0900"", ""1800""], ""5"": [""0900"", ""1300""]}",,,
JDQ4MTYyMiM1MSMkMiMkNCMkMDAkMzgxMTkxIzExIyQxIyQ3IyQ4MiQzNjEyMjIjNDEjJDEjJDQjJDgz,비앤비이승준안과의원,clinic,강원,춘천시,"강원특별자치도 춘천시 춘천로17번길 37, 4층 (온의동)",033-252-1080,,37.8676873,127.7179875,1,20200330,1,"{""0"": [""0900"", ""1800""], ""1"": [""0900"", ""1800""], ""2"": [""0900"", ""1800""], ""3"": [""0900"", ""1800""], ""4"": [""0900"", ""1800""]}",,,
JDQ4MTYyMiM1MSMkMiMkNCMkMDAkMzgxOTYxIzMxIyQxIyQ3IyQ4MiQ0NjEwMDIjNDEjJDEjJDgjJDgz,사랑샘안과의원,clinic,강원,춘천시,"강원특별자치도 춘천시 후석로 284-1, (후평동)",033-241-6484,,37.8769163,127.7523788,1,20070501,1,,,,
JDQ4MTYyMiM1MSMkMiMkNCMkMDAkMzgxOTYxIzIxIyQxIyQ1IyQ4OSQzNjE4MzIjODEjJDEjJDYjJDgz,석사성심안과의원,clinic,강원,춘천시,"강원특별자치도 춘천시 퇴계농공로 22, (석사동)",033-262-7566,,37.8512402,127.7441194,1,20041206,1,"{""0"": [""0900"", ""1800""], ""1"": [""0900"", ""1800""], ""2"": [""0900"", ""1800""], ""3"": [""0900"", ""1800""], ""4"": [""0900"", ""1800""], ""5"": [""0900"", ""1400""]}",12시30분~14시00분,,
JDQ4MTYyMiM1MSMkMiMkNCMkMDAkMzgxOTYxIzQxIyQxIyQ3IyQxMyQyNjEwMDIjNTEjJDEjJDYjJDgz,성심안과의원,clinic,강원,춘천시,"강원특별자치도 춘천시 금강로 69, (조양동)",033-256-7585,,37.8791348,127.7292441,1,20010702,1,,,,
JDQ4MTYyMiM1MSMkMiMkNCMkMDAkMzgxMTkxIzExIyQxIyQ3IyQxMyQ0NjEwMDIjNjEjJDEjJDgjJDgz,연세조안과의원,clinic,강원,춘천시,"강원특별자치도 춘천시 금강로 72, 4,5층 (조양동)",033-243-0309,,37.8788481,127.7289024,2,19970115,2,"{""0"": [""0800"", ""1700""], ""1"": [""0800"", ""1700""], ""2"": [""0800"", ""1700""], ""3"": [""0800"", ""1700""], ""4"": [""0800"", ""1700""], ""5"": [""0800"", ""1200""]}",수/목 12시 30분~13시 30분,,
JDQ4MTYyMiM1MSMkMiMkNCMkMDAkMzgxOTYxIzUxIyQxIyQ1IyQ4OSQyNjEyMjIjNjEjJDEjJDgjJDgz,춘천밝은안과의원,clinic,강원,춘천시,"강원특별자치도 춘천시 중앙로 136, 4층 (소양로4가)",033-257-1110,,37.876118,127.7201096,1,20130419,1,"{""0"": [""0900"", ""1800""], ""1"": [""0900"", ""1800""], ""2"": [""0900"", ""1800""], ""3"": [""0900"", ""1230""], ""4"": [""0900"", ""1800""], ""5"": [""0900"", ""1230""]}",,,
JDQ4MTYyMiM1MSMkMiMkNCMkMDAkMzgxOTYxIzUxIyQxIyQ1IyQ5OSQyNjEwMDIjNjEjJDEjJDQjJDgz,춘천채안과의원,clinic,강원,춘천시,"강원특별자치도 춘천시 중앙로 69-1, (중앙로2가)",033-254-2684,,37.8790396,127.7263742,1,19750804,1,,12:30~14:00,09:30~5:00,
JDQ4MTYyMiM1MSMkMiMkNCMkMDAkMzgxOTYxIzUxIyQxIyQ1IyQ3OSQzNjEyMjIjNDEjJDEjJDgjJDgz,태백밝은안과의원,clinic,강원,태백시,"강원특별자치도 태백시 황지로 169, (황지동)",033-554-0071,,37.1734339,128.9910273,2,20070305,2,"{""0"": [""0900"", ""0540""], ""1"": [""0900"", ""0540""], ""2"": [""0900"", ""0540""], ""3"": [""0900"", ""0540""], ""4"": [""0900"", ""0540""], ""5"": [""0900"", ""1130""]}",12:30~1:30,9시00분~5시30뷴,구종점
JDQ4MTYyMiM1MSMkMiMkNCMkMDAkMzgxOTYxIzMxIyQxIyQ3IyQ5OSQzNjEyMjIjNzEjJDEjJDgjJDgz,서울안과의원,clinic,강원,홍천군,"강원특별자치도 홍천군 홍천읍 홍천로 356, (홍천읍)",033-433-8270,,37.688697,127.8850218,1,20060421,1,,,,
JDQ4MTYyMiM1MSMkMiMkNCMkMDAkMzgxOTYxIzExIyQxIyQzIyQwMyQzNjE0ODEjNjEjJDEjJDgjJDgz,홍천연세안과의원,clinic,강원,홍천군,"강원특별자치도 홍천군 홍천읍 홍천로 318, 3층",033-435-9009,,37.6882798,127.8805521,1,20000421,1,"{""0"": [""0900"", ""1730""], ""1"": [""0900"", ""1730""], ""2"": [""0930"", ""1730""], ""3"": [""1430"", ""1730""], ""4"": [""0900"", ""1730""], ""5"": [""0900"", ""1200""]}",13시00분~14시00분,09시00분~17시00분,
JDQ4MTYyMiM1MSMkMiMkNCMkMDAkMzgxOTYxIzMxIyQxIyQ3IyQxMyQyNjE0ODEjODEjJDEjJDYjJDgz,성심안과의원,clinic,강원,횡성군,"강원특별자치도 횡성군 횡성읍 횡성로 409, 2층",033-345-2800,,37.4894301,127.9858918,0,20071224,0,,,,
JDU4MTI3MSM1MSMkMiMkMCMkMDAkMzgxOTYxIzQxIyQxIyQ3IyQ5MiQyNjE4MzIjNjEjJDEjJDAjJDgz,연세안과의원,clinic,경기,가평군,"경기도 가평군 청평면 청평중앙로 53-1, 3층",031-582-3338,,37.7384,127.4202416,1,20070827,1,,,,
JDU4MTI3MSM1MSMkMiMkMCMkMDAkNTgxMzUxIzExIyQxIyQ3IyQ5MiQyNjE0ODEjNDEjJDEjJDQjJDgz,고양신세계안과의원,clinic,경기,고양덕양구,"경기도 고양시 덕양구 충장로 126, 6층 (행신동)",031-8076-9999,,37.6237787,126.8343319,6,20220126,6,,,,
JDQ4MTYyMiM1MSMkMiMkMCMkMDAkNDgxMzUxIzIxIyQxIyQ1IyQ5OSQyNjEyMjIjODEjJDEjJDIjJDgz,권안과의원,clinic,경기,고양덕양구,"경기도 고양시 덕양구 무원로 63, 305호 (행신동, 무원마을상가)",031-970-3003,,37.6184485,126.8305345,1,19950310,1,,,,
JDU4MTI3MSM1MSMkMiMkMCMkMDAkMzgxOTYxIzIxIyQxIyQxIyQxMyQzNjEwMDIjNTEjJDEjJDYjJDgz,맑은아침안과의원,clinic,경기,고양덕양구,"경기도 고양시 덕양구 삼송로 88, 5층 501호 (삼송동, 오성프라자)",02-381-8775,,37.6507456,126.8840222,1,20170405,1,,,,
JDU4MTI3MSM1MSMkMiMkMCMkMDAkNTgxOTYxIzMxIyQyIyQ3IyQwMCQzNjE4MzIjNjEjJDEjJDQjJDgz,미소안과의원,clinic,경기,고양덕양구,"경기도 고양시 덕양구 지축로 56, 성산타워 601호~606호 (지축동)",02-381-7542,,37.6497835,126.9143221,1,20221028,1,,,,
JDQ4MTYyMiM1MSMkMiMkMCMkMDAkNTgxMzUxIzQxIyQxIyQ3IyQ4MiQyNjE0ODEjODEjJDEjJDIjJDgz,밝은빛안과의원,clinic,경기,고양덕양구,"경기도 고양시 덕양구 중앙로 554, 302,303호 (행신동, 희성프라자)",031-970-1181,,37.6237134,126.8358968,1,20020925,1,"{""0"": [""0900"", ""1830""], ""1"": [""0900"", ""1830""], ""2"": [""0900"", ""1830""], ""3"": [""0900"", ""1830""], ""4"": [""0900"", ""1830""], ""5"": [""0900"", ""1300""]}",12시30분~14시00분,,
JDQ4MTYyMiM1MSMkMiMkMCMkMDAkNDgxNzAyIzMxIyQxIyQ3IyQwMyQ0NjE0ODEjNjEjJDEjJDgjJDgz,밝은연세안과의원,clinic,경기,고양덕양구,"경기도 고양시 덕양구 통일로 795, 2층 (관산동, 류진빌딩)",031-969-0806,,37.688465,126.8621859,1,20090106,1,,,,
JDU4MTI3MSM1MSMkMiMkMCMkMDAkNTgxMzUxIzIxIyQxIyQxIyQ2MiQzNjE0ODEjNzEjJDEjJDgjJDgz,비앤씨안과의원,clinic,경기,고양덕양구,"경기도 고양시 덕양구 화정로 65-1, 우리프라자 202, 203, 302호 (화정동)",031-812-8080,,37.6353688,126.8331705,4,20220304,4,,,,
JDU4MTI3MSM1MSMkMiMkMCMkMDAkMzgxNzAyIzMxIyQxIyQ3IyQ2MiQzNjE0ODEjNjEjJDEjJDQjJDgz,서울성모안과의원,clinic,경기,고양덕양구,"경기도 고양시 덕양구 삼송로 12, 4층 401, 402호 (원흥동, 반도유스퀘어)",031-967-5354,,37.6496167,126.8755307,1,20170407,1,,,,
JDU4MTI3MSM1MSMkMiMkMCMkMDAkNDgxOTYxIzUxIyQxIyQ1IyQ5MiQyNjE0ODEjNjEjJDEjJDAjJDgz,서울안과의원,clinic,경기,고양덕양구,"경기도 고양시 덕양구 호국로 792, (성사동)",031-964-6424,,37.6566317,126.8366454,1,19890522,1,,,,
JDU4MTI3MSM1MSMkMiMkMCMkMDAkNTgxMzUxIzExIyQxIyQ3IyQxMyQyNjE0ODEjNjEjJDEjJDAjJDgz,엠에스안과의원,clinic,경기,고양덕양구,"경기도 고양시 덕양구 향기로 123, 센타프라자 306~311호 (향동동)",02-6941-0014,,37.6006777,126.894271,1,20230829,1,,,,
JDQ4MTYyMiM1MSMkMiMkMCMkMDAkNTgxMzUxIzUxIyQxIyQ1IyQ4OSQ0NjEwMDIjODEjJDEjJDIjJDgz,예빛안과의원,clinic,경기,고양덕양구,"경기도 고양시 덕양구 화신로272번길 58, 영프라자빌딩 402,403,412,413,414호 (화정동)",031-979-6388,www.yeabiteye.com,37.6336275,126.8321555,2,20030106,2,"{""0"": [""0930"", ""1830""], ""1"": [""0930"", ""1830""], ""2"": [""0930"", ""1830""], ""3"": [""0930"", ""1830""], ""4"": [""0930"", ""1830""], ""5"": [""0930"", ""1300""]}",13:00 ~ 14:00,9:30~18:30 *접수마감 평일:오전 12시/오후 6시,영프라자
JDQ4MTYyMiM1MSMkMiMkMCMkMDAkNTgxOTYxIzMxIyQxIyQzIyQwMyQzNjEyMjIjNjEjJDEjJDAjJDgz,우리안과의원,clinic,경기,고양덕양구,"경기도 고양시 덕양구 호국로790번길 17, 403호 (성사동, 영프라자)",031-965-1331,,37.6562844,126.8372919,2,20031128,2,,,,
JDU4MTI3MSM1MSMkMiMkMCMkMDAkMzgxMTkxIzMxIyQxIyQ3IyQ4MiQ0NjEwMDIjNjEjJDEjJDQjJDgz,참밝은안과의원,clinic,경기,고양덕양구,"경기도 고양시 덕양구 중앙로 452, 502호 (행신동, 메디스타원)",031-938-6050,,37.6185446,126.845218,1,20090804,1,,,,
JDQ4MTYyMiM1MSMkMiMkMCMkMDAkNDgxMzUxIzUxIyQxIyQxIyQxMyQ0NjEwMDIjODEjJDEjJDIjJDgz,화정성모안과의원,clinic,경기,고양덕양구,"경기도 고양시 덕양구 화정로 53, 4층 (화정동, 새롬프라자)",031-967-8520,,37.6351911,126.8319146,1,19960506,1,"{""0"": [""0930"", ""1800""], ""1"": [""0930"", ""1800""], ""2"": [""0930"", ""1800""], ""3"": [""0930"", ""1800""], ""4"": [""0930"", ""1800""], ""5"": [""0930"", ""1300""]}",13시00~14시까지,09시30분~17시50분까지,화정역3번출구
JDU4MTI3MSM1MSMkMiMkMCMkMDAkMzgxOTYxIzIxIyQyIyQxIyQwMCQyNjEwMDIjNzEjJDEjJDgjJDgz,고양성모안과의원,clinic,경기,고양일산동구,"경기도 고양시 일산동구 일산로 211, 2층 (마두동)",031-905-1811,,37.6549527,126.7893901,1,20021220,1,,,,
JDU4MTI3MSM1MSMkMiMkMCMkMDAkNDgxMzUxIzExIyQyIyQzIyQwMCQyNjE0ODEjNTEjJDEjJDIjJDgz,밝은김안과의원,clinic,경기,고양일산동구,"경기도 고양시 일산동구 숲속마을1로 73, 502호 (풍동, 신성메디칼 타운)",031-907-1002,,37.6676488,126.7998884,1,20120907,1,"{""0"": [""0900"", ""1830""], ""1"": [""0900"", ""1830""], ""2"": [""0900"", ""1830""], ""3"": [""0900"", ""1830""], ""4"": [""0900"", ""1830""], ""5"": [""0900"", ""1430""]}",13시00분~14시00분,,풍동농협 건너편
JDU4MTI3MSM1MSMkMiMkMCMkMDAkMzgxMzUxIzExIyQxIyQzIyQ4OSQzNjEyMjIjNjEjJDEjJDQjJDgz,제일안과의원,clinic,경기,고양일산동구,"경기도 고양시 일산동구 중앙로 1171, 현대프리젠트 208,211호 (장항동)",031-905-3357,,37.6514281,126.7775794,2,19960214,2,"{""0"": [""0930"", ""1800""], ""1"": [""0930"", ""1800""], ""2"": [""0930"", ""1800""], ""3"": [""0930"", ""1800""], ""4"": [""0930"", ""1800""], ""5"": [""0930"", ""1300""]}",13시00분~14시00분,,그랜드메디컬프라자
JDQ4MTYyMiM1MSMkMiMkMCMkMDAkNDgxMzUxIzMxIyQxIyQ3IyQ4OSQzNjE0ODEjNjEjJDEjJDgjJDgz,강남성모안과의원,clinic,경기,고양일산서구,"경기도 고양시 일산서구 강선로 59, 동신파크 307호308호 (주엽동)",031-917-6258,,37.6695383,126.7643313,1,19951106,1,,,,
JDQ4MTYyMiM1MSMkMiMkMCMkMDAkNDgxNzAyIzExIyQxIyQ3IyQ3MiQzNjE4MzIjNjEjJDEjJDAjJDgz,김대호안과의원,clinic,경기,고양일산서구,"경기도 고양시 일산서구 일현로 56, 203호 (탄현동, 삼정프라자)",031-922-7585,,37.6919338,126.7637324,1,20001206,1,"{""0"": [""0930"", ""1800""], ""1"": [""0930"", ""1800""], ""2"": [""0930"", ""1800""], ""3"": [""0930"", ""1800""], ""4"": [""0930"", ""1800""], ""5"": [""0930"", ""1400""]}",13시00분~14시00분,09시30분~17시30분,
JDQ4MTYyMiM1MSMkMiMkMCMkMDAkNDgxMzUxIzMxIyQxIyQzIyQ3OSQyNjE0ODEjNDEjJDEjJDQjJDgz,명안과의원,clinic,경기,고양일산서구,"경기도 고양시 일산서구 대산로 117, (주엽동, 강선프라자 3층)",031-914-0075,,37.6739648,126.7643098,1,19950616,1,"{""0"": [""0900"", ""1700""], ""1"": [""0900"", ""1700""], ""2"": [""0900"", ""1700""], ""3"": [""0900"", ""1600""], ""4"": [""0900"", ""1700""], ""5"": [""0900"", ""1200""]}",12시~14시,마감시간 30분전,
JDU4MTI3MSM1MSMkMiMkMCMkMDAkMzgxMTkxIzMxIyQxIyQzIyQ5OSQyNjEwMDIjNjEjJDEjJDAjJDgz,예원안과의원,clinic,경기,고양일산서구,"경기도 고양시 일산서구 중앙로 1573, 킨텍스프라자 5층 (대화동)",912-2727,http://www.rainboweye.kr,37.675977,126.7470427,2,20090326,2,"{""0"": [""0930"", ""1800""], ""1"": [""0930"", ""1800""], ""2"": [""0930"", ""1800""], ""3"": [""0930"", ""1800""], ""4"": [""0930"", ""1800""], ""5"": [""0930"", ""1300""]}",13시00분 ~ 14시00분,09시 30분 ~ 17시50분,지하철3호선 대화역 2번출구
JDU4MTI3MSM1MSMkMiMkMCMkMDAkMzgxMTkxIzExIyQxIyQzIyQ5MiQzNjEwMDIjNDEjJDEjJDgjJDgz,일산맑은안과의원,clinic,경기,고양일산서구,"경기도 고양시 일산서구 일산로 526, 3층 (일산동, 진송빌딩)",031-922-7573,,37.6772811,126.7695985,1,20080320,1,,,,
JDU4MTI3MSM1MSMkMiMkMCMkMDAkMzgxOTYxIzIxIyQxIyQ1IyQ5MiQyNjE4MzIjODEjJDEjJDYjJDgz,주엽성모안과의원,clinic,경기,고양일산서구,"경기도 고양시 일산서구 중앙로 1437, 405호 (주엽동, 화성프라자)",031-918-0057,,37.6700654,126.7605203,1,19970319,1,,,,
JDQ4MTYyMiM1MSMkMiMkMCMkMDAkNTgxOTYxIzExIyQxIyQzIyQ3MiQyNjEyMjIjODEjJDEjJDIjJDgz,푸른안과의원,clinic,경기,고양일산서구,"경기도 고양시 일산서구 일중로 46, 3층 (일산동)",031-975-0903,,37.6836134,126.7753756,1,20050203,1,,,,
JDQ4MTYyMiM1MSMkMiMkMCMkMDAkNTgxMzUxIzIxIyQxIyQxIyQ3OSQyNjEyMjIjODEjJDEjJDYjJDgz,한사랑성모안과의원,clinic,경기,고양일산서구,"경기도 고양시 일산서구 중앙로 1416, 302,305호 (주엽동, 한사랑빌딩)",031-919-0277,,37.6698137,126.7629904,1,20020302,1,,,,
JDQ4MTYyMiM1MSMkMiMkMCMkMDAkMzgxNzAyIzIxIyQxIyQ5IyQxMyQyNjE0ODEjNTEjJDEjJDYjJDgz,해오름안과의원,clinic,경기,고양일산서구,"경기도 고양시 일산서구 중앙로 1426, (주엽동, 일송노블레스 403~405호)",031-913-4011,http://haeoreumeye.com,37.6702816,126.7619659,1,19930226,1,"{""0"": [""0930"", ""1800""], ""1"": [""0930"", ""1800""], ""2"": [""1400"", ""1800""], ""3"": [""0930"", ""1800""], ""4"": [""0930"", ""1800""], ""5"": [""0930"", ""1200""]}",13시~14시,,
JDU4MTI3MSM1MSMkMiMkMCMkMDAkNTgxOTYxIzQxIyQyIyQ3IyQwMCQ0NjE0ODEjNDEjJDEjJDQjJDgz,과천스마트안과의원,clinic,경기,과천시,"경기도 과천시 새술막길 39, kt과천스마트타워 4층 (중앙동)",02-502-1088,,37.4291759,126.9920725,2,20241029,2,"{""0"": [""0900"", ""1800""], ""1"": [""0900"", ""1800""], ""2"": [""0900"", ""1800""], ""3"": [""0900"", ""1800""], ""4"": [""0900"", ""1900""], ""5"": [""0830"", ""1300""]}",13시00분~14시00분,,KT과천스마트타워
JDU4MTI3MSM1MSMkMiMkNCMkMDAkMzgxMzUxIzIxIyQxIyQxIyQ4MiQzNjEwMDIjNDEjJDEjJDQjJDgz,엠에스안과의원,clinic,경기,과천시,"경기도 과천시 별양상가3로 14, e편한세상 시티 과천 202호, 210호 (별양동)",02-6949-1188,,37.4257851,126.9912685,1,20260401,1,,,,
JDU4MTI3MSM1MSMkMiMkMCMkMDAkNDgxOTYxIzMxIyQxIyQ3IyQ4MiQ0NjE0ODEjNTEjJDEjJDYjJDgz,예연세안과의원,clinic,경기,과천시,"경기도 과천시 별양상가3로 11, 8층 813호 (별양동, 이마트과천점)",02-507-0096,,37.4263042,126.9918723,1,20160818,1,,,,
JDQ4MTYyMiM1MSMkMiMkMCMkMDAkMzgxMTkxIzMxIyQxIyQ3IyQ3MiQyNjEwMDIjNDEjJDEjJDQjJDgz,임동균안과의원,clinic,경기,과천시,"경기도 과천시 별양상가1로 25, (별양동, 렉스타운 409호~410호)",02-502-1919,,37.4282715,126.992544,1,19900625,1,"{""0"": [""0930"", ""1800""], ""1"": [""0930"", ""1800""], ""2"": [""0930"", ""1800""], ""3"": [""0930"", ""1800""], ""4"": [""0930"", ""1800""], ""5"": [""0930"", ""1300""]}",12:30 ~ 14:00,,그레이스호텔 건너편.과천 KT 길 건너편.
JDU4MTI3MSM1MSMkMiMkMCMkMDAkMzgxMzUxIzUxIyQxIyQ1IyQxMyQzNjE0ODEjNjEjJDEjJDAjJDgz,강남안과의원,clinic,경기,광명시,"경기도 광명시 오리로 857, 3층 301/305호 (철산동, 일청빌딩)",02-2684-8800,,37.4748952,126.8662988,1,20031203,1,,,,
JDU4MTI3MSM1MSMkMiMkMCMkMDAkNDgxOTYxIzUxIyQxIyQxIyQxMyQ0NjEwMDIjNjEjJDEjJDgjJDgz,광명김안과의원,clinic,경기,광명시,"경기도 광명시 오리로 346, 2층 204호 (소하동, 행운드림프라자)",02-6959-0305,,37.4332917,126.8797979,1,20170202,1,,,,
JDQ4MTYyMiM1MSMkMiMkMCMkMDAkNTgxMzUxIzUxIyQxIyQxIyQ5OSQyNjEwMDIjNTEjJDEjJDYjJDgz,광명서울안과의원,clinic,경기,광명시,"경기도 광명시 광명로 907, 4층 (광명동, 광명빌딩)",02-2625-9009,,37.4798885,126.8543332,1,20021201,1,,,,
JDQ4MTYyMiM1MSMkMiMkMCMkMDAkNTgxMzUxIzIxIyQxIyQ1IyQ3MiQyNjEyMjIjNDEjJDEjJDgjJDgz,광명연세안과의원,clinic,경기,광명시,"경기도 광명시 광명로 896, 5층 503호 (광명동)",02-2618-7318,,37.4788841,126.8545131,1,20020425,1,,,,
JDU4MTI3MSM1MSMkMiMkMCMkMDAkNDgxMzUxIzIxIyQxIyQxIyQ4MiQyNjEwMDIjNjEjJDEjJDQjJDgz,더밝은안과의원,clinic,경기,광명시,"경기도 광명시 오리로 870, 4층 (철산동, 스타힐스빌딩)",02-2614-1114,,37.4760713,126.8659802,1,20130429,1,,,,
JDU4MTI3MSM1MSMkMiMkMCMkMDAkNDgxNzAyIzMxIyQyIyQ3IyQwMCQzNjEwMDIjODEjJDEjJDIjJDgz,미래안과의원,clinic,경기,광명시,"경기도 광명시 금하로 458, 웅신아트 3층 306,307호 (소하동)",02-899-9110,,37.448378,126.8833202,1,20201223,1,,,,
JDU4MTI3MSM1MSMkMiMkMCMkMDAkNDgxNzAyIzIxIyQxIyQxIyQ5OSQzNjEyMjIjNTEjJDEjJDYjJDgz,밝은빛안과의원,clinic,경기,광명시,"경기도 광명시 광명로 906, 현대아이타워 601~602호 (광명동)",02-2617-1175,,37.4797367,126.8548946,1,20191219,1,,,,
JDQ4MTYyMiM1MSMkMiMkMCMkMDAkMzgxNzAyIzUxIyQxIyQ1IyQ4OSQzNjE0ODEjNDEjJDEjJDQjJDgz,서울안과의원,clinic,경기,광명시,"경기도 광명시 철산로 15, 웅진빌딩 1층 (철산동)",02-2686-3451,,37.4764576,126.8677139,2,20010613,1,,,,
JDU4MTI3MSM1MSMkMiMkNCMkMDAkMzgxMzUxIzExIyQxIyQ3IyQxMyQzNjEyMjIjNTEjJDEjJDYjJDgz,서울원안과의원,clinic,경기,광명시,"경기도 광명시 디지털로 19, 오렌지에비뉴 신관 5층 (철산동)",02-6953-0822,,37.4740378,126.8696883,2,20251219,2,,,,
JDQ4MTYyMiM1MSMkMiMkMCMkMDAkMzgxNzAyIzIxIyQxIyQxIyQwMyQyNjE4MzIjODEjJDEjJDIjJDgz,성모안과의원,clinic,경기,광명시,"경기도 광명시 오리로 957, 2층 (광명동, 누가빌딩)",02-2618-7703,,37.4784733,126.8567321,1,19920507,1,"{""0"": [""0930"", ""1830""], ""1"": [""0930"", ""1830""], ""2"": [""0930"", ""1830""], ""3"": [""0930"", ""1830""], ""4"": [""0930"", ""1830""], ""5"": [""0930"", ""1300""]}",13시~14시,,
JDU4MTI3MSM1MSMkMiMkMCMkMDAkNTgxMzUxIzIxIyQxIyQxIyQ2MiQyNjE0ODEjNjEjJDEjJDAjJDgz,아이민트안과의원,clinic,경기,광명시,"경기도 광명시 양지로 21, 3층 301-305호, 316호 (일직동)",02-6949-1199,,37.4176904,126.8822104,1,20220308,1,,,,
JDU4MTI3MSM1MSMkMiMkNCMkMDAkMzgxMzUxIzExIyQxIyQ3IyQ4MiQyNjEwMDIjNDEjJDEjJDgjJDgz,연세스마일안과의원,clinic,경기,광명시,"경기도 광명시 오리로 976, 4층 (광명동)",02-6951-5888,https://yssmileeye.com,37.4795248,126.8549137,1,20251031,1,,,,
JDU4MTI3MSM1MSMkMiMkMCMkMDAkMzgxMTkxIzQxIyQxIyQ3IyQ5MiQ0NjEwMDIjODEjJDEjJDYjJDgz,우리안과의원,clinic,경기,광명시,"경기도 광명시 하안로 295, 4층 (하안동, 노벨빌딩)",02-898-4181,http://blog.daum.net/wooree-eye,37.4619716,126.8799705,1,20091117,1,,,,
JDQ4MTYyMiM1MSMkMiMkMCMkMDAkMzgxMTkxIzUxIyQxIyQxIyQ3MiQ0NjE0ODEjNDEjJDEjJDQjJDgz,유안과의원,clinic,경기,광명시,"경기도 광명시 범안로 1055, 2층 203호 (하안동, 세일빌딩)",02-802-7900,,37.4629744,126.8797656,1,19910316,1,,,,
JDQ4MTYyMiM1MSMkMiMkMCMkMDAkNDgxMTkxIzExIyQxIyQzIyQ4MiQyNjEyMjIjODEjJDEjJDYjJDgz,전앤김광명안과의원,clinic,경기,광명시,"경기도 광명시 하안로 298, (하안동, 현대빌딩 301,302호)",02-809-1006,,37.4622207,126.8803776,2,19981130,2,,,,
JDQ4MTYyMiM1MSMkMiMkMCMkMDAkMzgxOTYxIzUxIyQxIyQxIyQ2MiQyNjEwMDIjNDEjJDEjJDQjJDgz,최안과의원,clinic,경기,광명시,"경기도 광명시 철산로30번길 9, 3층 308호 (철산동, 광명프라자)",02-2684-0637,,37.4756317,126.8701724,1,19941004,1,,,,
JDU4MTI3MSM1MSMkMiMkMCMkMDAkNTgxMzUxIzMxIyQxIyQzIyQ5MiQyNjE0ODEjNjEjJDEjJDQjJDgz,탑플러스안과의원,clinic,경기,광명시,"경기도 광명시 철산로 16, 5층 (철산동)",02-2613-8801,,37.4757231,126.8680271,2,20220818,2,,,,
JDQ4MTYyMiM1MSMkMiMkMCMkMDAkNTgxOTYxIzMxIyQyIyQzIyQwMCQzNjE4MzIjNjEjJDEjJDgjJDgz,강남성모안과의원,clinic,경기,광주시,"경기도 광주시 중앙로 95-3, 3층 (역동)",031-798-3366,,37.4080781,127.2585792,1,20031120,1,,,,
JDU4MTI3MSM1MSMkMiMkNCMkMDAkMzgxMzUxIzExIyQxIyQ3IyQ4OSQyNjE0ODEjNjEjJDEjJDgjJDgz,광주연세안과의원,clinic,경기,광주시,"경기도 광주시 광주대로 31, 301-303, 305-310호 (경안동)",031-763-3672,,37.4093844,127.2602612,3,20120320,3,,,,
JDQ4MTYyMiM1MSMkMiMkMCMkMDAkNDgxMTkxIzIxIyQxIyQ5IyQ4MiQ0NjEwMDIjNDEjJDEjJDgjJDgz,박종철안과의원,clinic,경기,광주시,"경기도 광주시 중앙로 101, 6층 (경안동)",031-768-1885,,37.4087951,127.2584122,2,20140211,2,,,,
JDQ4MTYyMiM1MSMkMiMkMCMkMDAkNDgxMzUxIzIxIyQxIyQ5IyQxMyQzNjE0ODEjNDEjJDEjJDgjJDgz,장안과의원,clinic,경기,광주시,"경기도 광주시 경안로 17, (경안동)",031-763-6476,,37.4097068,127.2588682,1,20020501,1,,,,
JDU4MTI3MSM1MSMkMiMkMCMkMDAkNDgxMTkxIzUxIyQyIyQxIyQwMCQyNjE0ODEjNjEjJDEjJDAjJDgz,태전김안과의원,clinic,경기,광주시,"경기도 광주시 태전동로 23, 메디프라자 2층 204호 (태전동)",031-699-3000,,37.3866584,127.2339738,2,20190306,2,,,,
JDU4MTI3MSM1MSMkMiMkMCMkMDAkNDgxMTkxIzMxIyQyIyQzIyQwMCQzNjEyMjIjNjEjJDEjJDAjJDgz,태전밝은안과의원,clinic,경기,광주시,"경기도 광주시 태봉로43번길 6, 1층 (태전동)",031-765-7515,,37.3888874,127.2300769,1,20180627,1,,,,
JDU4MTI3MSM1MSMkMiMkMCMkMDAkMzgxMzUxIzUxIyQxIyQxIyQ2MiQzNjEwMDIjNDEjJDEjJDQjJDgz,푸른안과의원,clinic,경기,광주시,"경기도 광주시 곤지암읍 곤지암로 54, (곤지암읍)",031-763-4200,,37.3498254,127.3407386,1,20060207,1,"{""0"": [""0900"", ""1800""], ""1"": [""0900"", ""1800""], ""2"": [""0900"", ""1300""], ""3"": [""0900"", ""1800""], ""4"": [""0900"", ""1800""], ""5"": [""0900"", ""1300""]}",13시00분-14시00분,"12시45분, 17시45분",곤지암롯데리아2층
JDU4MTI3MSM1MSMkMiMkMCMkMDAkNDgxOTYxIzMxIyQyIyQzIyQwMCQyNjE4MzIjNjEjJDEjJDAjJDgz,구리강남밝은안과의원,clinic,경기,구리시,"경기도 구리시 장자대로 7, 3층 (교문동)",031-553-7888,,37.5878403,127.1312082,1,20160502,1,,,,
JDU4MTI3MSM1MSMkMiMkOCMkMDAkMzgxMzUxIzExIyQxIyQzIyQ5OSQzNjEwMDIjNDEjJDEjJDgjJDgz,눈NOON안과의원,clinic,경기,구리시,"경기도 구리시 경춘로 219, 골든브릿지 501,601호 (인창동)",031-565-2002,https://http://www.eyenoon.co.kr/,37.6008591,127.1397057,5,20240109,5,,,,
JDU4MTI3MSM1MSMkMiMkOCMkMDAkMzgxMzUxIzExIyQyIyQzIyQwMCQyNjEwMDIjNjEjJDEjJDgjJDgz,서울라온안과의원,clinic,경기,구리시,"경기도 구리시 검배로 3, 신경기빌딩 2,3층 (수택동)",031-522-6100,https://laoneye.com/,37.600759,127.1417559,3,20250929,3,,,,
JDQ4MTYyMiM1MSMkMiMkMCMkMDAkMzgxNzAyIzMxIyQxIyQ3IyQ4MiQ0NjE0ODEjNDEjJDEjJDQjJDgz,서울이안과의원,clinic,경기,구리시,"경기도 구리시 경춘로 229, 402호 (인창동, 쌍용센스타워플리티넘)",031-550-6660,,37.6011493,127.1407261,1,19930703,1,,,,
JDQ4MTYyMiM1MSMkMiMkMCMkMDAkMzgxMTkxIzMxIyQxIyQzIyQ3OSQyNjEyMjIjNjEjJDEjJDQjJDgz,성모안과의원,clinic,경기,구리시,"경기도 구리시 경춘로 239, 리맥스빌딩 504-1,507~511,513호 (인창동)",031-554-7575,,37.6016252,127.1416566,7,19900227,7,,,,
JDU4MTI3MSM1MSMkMiMkMCMkMDAkMzgxMTkxIzUxIyQxIyQ1IyQ2MiQzNjE4MzIjNTEjJDEjJDYjJDgz,연세안과의원,clinic,경기,구리시,"경기도 구리시 장자대로 72, 301호 (수택동, 미림프라자)",031-567-8575,,37.587267,127.1384755,1,20110503,1,,,,
JDU4MTI3MSM1MSMkMiMkMCMkMDAkNTgxMzUxIzUxIyQxIyQ1IyQ4MiQzNjE4MzIjNDEjJDEjJDgjJDgz,임안과의원,clinic,경기,구리시,"경기도 구리시 이문안로 86, 하나로마트 구리농협 402호 (수택동)",031-522-6475,,37.5917943,127.1410746,1,20230515,1,,,,
JDQ4MTYyMiM1MSMkMiMkMCMkMDAkMzgxNzAyIzMxIyQyIyQzIyQwMCQ0NjEwMDIjNDEjJDEjJDQjJDgz,김안과의원,clinic,경기,군포시,"경기도 군포시 산본로323번길 16-15, 306호 (산본동, 광림빌딩)",031-396-6737,,37.3594286,126.9315879,1,19930412,1,,,,
JDQ4MTYyMiM1MSMkMiMkMCMkMDAkNTgxOTYxIzQxIyQxIyQ3IyQ5MiQzNjEwMDIjNDEjJDEjJDgjJDgz,산본연세안과의원,clinic,경기,군포시,"경기도 군포시 산본천로 62, 407,408호 (산본동, 인베스텔)",031-343-3431,http://www.thelasik.co.kr/,37.3605683,126.9304786,2,20040403,2,,,,
JDU4MTI3MSM1MSMkMiMkMCMkMDAkNDgxOTYxIzExIyQxIyQzIyQxMyQyNjE4MzIjNjEjJDEjJDgjJDgz,삼성안과의원,clinic,경기,군포시,"경기도 군포시 산본로323번길 15, 동산상가 301~307, 501~502호 (산본동)",031-348-8275,,37.3586387,126.9322587,5,20150528,5,,,,
JDQ4MTYyMiM1MSMkMiMkMCMkMDAkNDgxOTYxIzExIyQxIyQzIyQxMyQyNjEyMjIjNjEjJDEjJDQjJDgz,손기태안과의원,clinic,경기,군포시,"경기도 군포시 광정로 80, 402호 (산본동, 신원빌딩)",031-398-9993,,37.3602927,126.9295611,1,19961209,1,,,,
JDQ4MTYyMiM1MSMkMiMkMCMkMDAkNDgxOTYxIzQxIyQxIyQ3IyQ5OSQyNjEyMjIjODEjJDEjJDYjJDgz,손안과의원,clinic,경기,군포시,"경기도 군포시 군포로 494, 302호 (당동, 당동빌딩)",031-458-3937,,37.3504501,126.9448551,1,19980319,1,,,,
JDQ4MTYyMiM1MSMkMiMkMCMkMDAkNTgxMzUxIzQxIyQxIyQ3IyQ4MiQzNjEwMDIjODEjJDEjJDYjJDgz,송안과의원,clinic,경기,군포시,"경기도 군포시 금산로 114, 302호 (산본동)",031-396-1874,,37.3719271,126.9362398,1,19950427,1,,,,
JDQ4MTYyMiM1MSMkMiMkMCMkMDAkNDgxNzAyIzIxIyQxIyQxIyQwMyQzNjE0ODEjODEjJDEjJDIjJDgz,우리안과의원,clinic,경기,군포시,"경기도 군포시 산본로323번길 16-36, 302호 (산본동, 삼정빌딩)",031-391-6200,,37.3603431,126.9314603,1,20010221,1,,,,
JDU4MTI3MSM1MSMkMiMkMCMkMDAkNTgxMzUxIzExIyQxIyQ3IyQ5MiQzNjE4MzIjNzEjJDEjJDgjJDgz,젊은눈안과의원,clinic,경기,군포시,"경기도 군포시 금산로 104, 태영빌딩 5층 (산본동)",031-396-0001,,37.3712289,126.93665,1,20220208,1,"{""0"": [""0900"", ""1800""], ""1"": [""0900"", ""1800""], ""2"": [""0900"", ""1800""], ""3"": [""0900"", ""1800""], ""4"": [""0900"", ""1800""], ""5"": [""0900"", ""1300""]}",09시00분~13시00분,,
JDU4MTI3MSM1MSMkMiMkMCMkMDAkNTgxMzUxIzMxIyQxIyQ3IyQ4OSQzNjEwMDIjODEjJDEjJDYjJDgz,김포밝은안과의원,clinic,경기,김포시,"경기도 김포시 김포한강4로 507, 807호 (구래동)",031-991-0090,,37.6461192,126.6275368,1,20220921,1,,,,
JDU4MTI3MSM1MSMkMiMkMCMkMDAkNDgxMzUxIzExIyQxIyQ3IyQxMyQzNjEwMDIjNTEjJDEjJDYjJDgz,김포연세안과의원,clinic,경기,김포시,"경기도 김포시 김포한강4로 117, 608호 (장기동, 홍우프라자)",031-986-7375,,37.6441798,126.667992,3,20130308,3,,,,
JDU4MTI3MSM1MSMkMiMkMCMkMDAkNDgxNzAyIzIxIyQxIyQxIyQ5OSQ0NjE0ODEjNDEjJDEjJDQjJDgz,드림서울안과의원,clinic,경기,김포시,"경기도 김포시 김포한강4로135번길 11, 골든프라자 6층 601,602호 (장기동)",031-991-1100,,37.6447272,126.6663166,1,20191212,1,,,,
JDQ4MTYyMiM1MSMkMiMkMCMkMDAkNDgxOTYxIzIxIyQxIyQ5IyQ5OSQzNjE4MzIjNDEjJDEjJDgjJDgz,민홍기안과의원,clinic,경기,김포시,"경기도 김포시 김포대로 859, 202호 (사우동, 하나메디칼센터)",031-984-0220,,37.6204139,126.7183629,1,19970802,1,,,,
JDU4MTI3MSM1MSMkMiMkMCMkMDAkMzgxNzAyIzUxIyQyIyQxIyQwMCQyNjE4MzIjNTEjJDEjJDIjJDgz,바른안과의원,clinic,경기,김포시,"경기도 김포시 김포한강8로 378, 6층 604,605호 (구래동, 웅신프라자)",031-990-5354,,37.6436587,126.6270102,2,20150528,2,,,,
JDU4MTI3MSM1MSMkMiMkMCMkMDAkNDgxNzAyIzIxIyQxIyQ5IyQ5OSQyNjEyMjIjNTEjJDEjJDYjJDgz,서울아산안과의원,clinic,경기,김포시,"경기도 김포시 김포대로 709, 퍼스트블루 602~3호 (풍무동)",031-997-3040,,37.6122466,126.7318476,1,20200525,1,,,,
JDU4MTI3MSM1MSMkMiMkMCMkMDAkMzgxMzUxIzIxIyQxIyQ5IyQ4OSQyNjE0ODEjNDEjJDEjJDgjJDgz,서울안과의원,clinic,경기,김포시,"경기도 김포시 통진읍 김포대로2244번길 20, 301호 (마송프라자)",031-997-4875,,37.6909308,126.5975881,1,20050406,1,,,,
JDU4MTI3MSM1MSMkMiMkMCMkMDAkMzgxMTkxIzQxIyQxIyQ3IyQ3MiQ0NjE0ODEjNjEjJDEjJDgjJDgz,씨엘서울안과의원,clinic,경기,김포시,"경기도 김포시 중봉로 15, 4층 (감정동, 청담메디컬빌딩)",031-988-5117,,37.6236961,126.6969246,1,20090107,1,,1시~2시,9시45분~6시,감정동 홈플러스
JDU4MTI3MSM1MSMkMiMkMCMkMDAkNDgxNzAyIzIxIyQxIyQxIyQ5OSQ0NjEwMDIjODEjJDEjJDIjJDgz,아산안과의원,clinic,경기,김포시,"경기도 김포시 김포한강4로 113, 신한프라자 4층 402, 406호 (장기동)",031-992-0083,,37.6439449,126.6683697,1,20191211,1,,,,
JDU4MTI3MSM1MSMkMiMkMCMkMDAkNTgxOTYxIzExIyQxIyQ3IyQ3OSQyNjEyMjIjNDEjJDEjJDgjJDgz,엠에스안과의원,clinic,경기,김포시,"경기도 김포시 고촌읍 김포대로 337, 1동 4층 401호",031-981-1106,,37.6006489,126.7703415,1,20240216,1,,,,
JDU4MTI3MSM1MSMkMiMkMCMkMDAkNDgxMzUxIzUxIyQxIyQ1IyQ5OSQzNjE0ODEjNjEjJDEjJDQjJDgz,청담더블유안과의원,clinic,경기,김포시,"경기도 김포시 김포한강11로 288-27, 1동 401호 (운양동, 한강프라자)",031-981-3021,,37.6547929,126.6834196,1,20150115,1,"{""0"": [""0930"", ""1830""], ""2"": [""0930"", ""1830""], ""3"": [""0930"", ""1830""], ""4"": [""0930"", ""1830""], ""5"": [""0930"", ""1400""]}",,,
JDQ4MTYyMiM1MSMkMiMkMCMkMDAkMzgxMTkxIzMxIyQxIyQzIyQ5OSQzNjE0ODEjNjEjJDEjJDgjJDgz,한길안과의원,clinic,경기,김포시,"경기도 김포시 김포대로 835, 3층 (사우동, 이프라자)",031-989-6622,www.g-hangileye.co.kr/,37.619275,126.7205542,7,20020318,7,"{""0"": [""0930"", ""1800""], ""1"": [""0930"", ""1800""], ""2"": [""0930"", ""1800""], ""3"": [""0930"", ""1800""], ""4"": [""0930"", ""1800""], ""5"": [""0900"", ""1300""]}",13:00~14:00,09:30~17:30,공설운동장
JDU4MTI3MSM1MSMkMiMkMCMkMDAkMzgxMTkxIzIxIyQyIyQxIyQwMCQyNjE0ODEjNjEjJDEjJDAjJDgz,해뜸안과의원,clinic,경기,김포시,"경기도 김포시 풍무로 105, 201호 (풍무동, 풍무프라자)",031-983-1361,http://www.eyelovesun.com/,37.6049379,126.721868,1,20080703,1,,,,
JDQ4MTYyMiM1MSMkMiMkMCMkMDAkNDgxOTYxIzIxIyQxIyQxIyQwMyQzNjEyMjIjNTEjJDEjJDYjJDgz,김안과의원,clinic,경기,남양주시,"경기도 남양주시 와부읍 덕소로97번길 4, 303호 (중앙프라자)",031-576-5335,,37.5855683,127.2127168,1,19970418,1,,,,
JDU4MTI3MSM1MSMkMiMkMCMkMDAkNTgxOTYxIzExIyQxIyQzIyQ4MiQyNjE0ODEjNDEjJDEjJDgjJDgz,다산수안과의원,clinic,경기,남양주시,"경기도 남양주시 도농로 24, 사랑관동 216일부,218호 (다산동, 부영애시앙)",031-567-0675,,37.6087966,127.15859,1,20230718,1,,,,
JDQ4MTYyMiM1MSMkMiMkMCMkMDAkNDgxOTYxIzQxIyQxIyQ3IyQ5MiQ0NjE0ODEjNjEjJDEjJDAjJDgz,덕소밝은안과의원,clinic,경기,남양주시,"경기도 남양주시 와부읍 덕소로97번길 9, 206호 (일신프라자)",031-576-7552,,37.586152,127.2132956,1,20030207,1,,,,
JDU4MTI3MSM1MSMkMiMkMCMkMDAkNDgxMTkxIzIxIyQyIyQ5IyQwMCQzNjEyMjIjODEjJDEjJDIjJDgz,드림삼성안과의원,clinic,경기,남양주시,"경기도 남양주시 별내3로 340, 306호 (별내동)",1565-7575,,37.6677031,127.1166463,1,20180405,1,,,,
JDQ4MTYyMiM1MSMkMiMkMCMkMDAkNDgxOTYxIzExIyQxIyQ3IyQ3MiQzNjEyMjIjNjEjJDEjJDQjJDgz,마석허안과의원,clinic,경기,남양주시,"경기도 남양주시 화도읍 마석중앙로28번길 19, (화도읍)",031-594-8275,http://www.goodlasik.net,37.6523052,127.3042044,2,19970227,2,,,,
JDU4MTI3MSM1MSMkMiMkMCMkMDAkMzgxMTkxIzExIyQxIyQ3IyQwMyQyNjE0ODEjNjEjJDEjJDAjJDgz,밝은김안과의원,clinic,경기,남양주시,"경기도 남양주시 퇴계원면 퇴계원로 46, 5층 (신한빌딩)",031-575-1399,,37.6507296,127.1420076,1,20080602,1,,,,
JDU4MTI3MSM1MSMkMiMkMCMkMDAkNDgxMzUxIzMxIyQxIyQzIyQ3OSQyNjEyMjIjODEjJDEjJDYjJDgz,밝은비전안과의원,clinic,경기,남양주시,"경기도 남양주시 화도읍 비룡로 2, 마석프라자 1층 116-2,117호",031-594-1717,,37.6525104,127.30166,1,20241004,1,,,,
JDU4MTI3MSM1MSMkMiMkMCMkMDAkNDgxMzUxIzUxIyQxIyQxIyQ5MiQyNjE4MzIjNzEjJDEjJDgjJDgz,밝은성모안과의원,clinic,경기,남양주시,"경기도 남양주시 늘을2로 26, 404호 (호평동, 메인씨네마)",031-559-9931,,37.6550783,127.2441115,1,20060804,1,,,,
JDU4MTI3MSM1MSMkMiMkMCMkMDAkNTgxOTYxIzIxIyQxIyQ1IyQ3OSQzNjEwMDIjODEjJDEjJDIjJDgz,빛드림안과의원,clinic,경기,남양주시,"경기도 남양주시 평내로29번길 41, 메인프라자 5층 502호 (평내동)",031-510-5999,,37.645415,127.2349877,1,20240117,1,,,,
JDU4MTI3MSM1MSMkMiMkMCMkMDAkNDgxMTkxIzExIyQxIyQ3IyQ5OSQ0NjE0ODEjODEjJDEjJDIjJDgz,삼성밝은안과의원,clinic,경기,남양주시,"경기도 남양주시 다산순환로 350, KB골든타워 604~607호 (다산동)",031-8074-9393,,37.6256262,127.1553701,4,20190813,4,,,,
JDU4MTI3MSM1MSMkMiMkMCMkMDAkNDgxMzUxIzMxIyQxIyQ3IyQ5MiQzNjE4MzIjNzEjJDEjJDgjJDgz,삼성안과의원,clinic,경기,남양주시,"경기도 남양주시 별내중앙로 34, 4층 402호 (별내동, 로뎀타워)",031-566-7770,,37.6461619,127.1254038,2,20140515,2,"{""0"": [""0930"", ""1810""], ""1"": [""0930"", ""1810""], ""2"": [""0930"", ""1810""], ""3"": [""0930"", ""1810""], ""4"": [""0930"", ""1810""], ""5"": [""0910"", ""1300""]}",13시00분~14시10분,09시30분~18시10분,
JDU4MTI3MSM1MSMkMiMkMCMkMDAkMzgxMTkxIzUxIyQxIyQ1IyQ3OSQyNjEyMjIjNTEjJDEjJDYjJDgz,삼성하나안과의원,clinic,경기,남양주시,"경기도 남양주시 진접읍 장현천로 28, 702호 (우경메디프라자)",031-575-1175,,37.7192109,127.1838891,1,20100303,1,,,,
JDU4MTI3MSM1MSMkMiMkMCMkMDAkMzgxOTYxIzUxIyQxIyQ1IyQxMyQzNjEyMjIjNjEjJDEjJDgjJDgz,서울안과의원,clinic,경기,남양주시,"경기도 남양주시 화도읍 마석중앙로 73, 202호, 203호 (SL프라자)",031-591-1346,,37.6522818,127.3080877,1,20080222,1,,,,
JDU4MTI3MSM1MSMkMiMkOCMkMDAkMzgxMzUxIzExIyQxIyQ3IyQ3OSQzNjE0ODEjNjEjJDEjJDQjJDgz,서울이음안과의원,clinic,경기,남양주시,"경기도 남양주시 늘을2로 26, 메인시네마타워 605, 606-2호 (호평동)",031-511-2111,,37.6550783,127.2441115,1,20260708,1,,,,
JDQ4MTYyMiM1MSMkMiMkMCMkMDAkNDgxOTYxIzIxIyQxIyQ1IyQwMyQyNjE4MzIjNjEjJDEjJDQjJDgz,서울한빛안과의원,clinic,경기,남양주시,"경기도 남양주시 오남읍 진건오남로 806-6, 3층",031-528-0300,,37.6986065,127.2028236,1,20060411,1,,,,
JDU4MTI3MSM1MSMkMiMkMCMkMDAkMzgxMzUxIzUxIyQxIyQxIyQ3OSQyNjE4MzIjNjEjJDEjJDAjJDgz,성모안과의원,clinic,경기,남양주시,"경기도 남양주시 늘을2로 20, 305호 (호평동, 씨에이치리베로)",031-595-8702,,37.6544952,127.2441105,1,20051228,1,,13:00~14:00,,
JDU4MTI3MSM1MSMkMiMkMCMkMDAkMzgxNzAyIzMxIyQxIyQ3IyQ3OSQyNjEyMjIjNDEjJDEjJDQjJDgz,아이원안과의원,clinic,경기,남양주시,"경기도 남양주시 진접읍 해밀예당1로 40, 403호 (화성프라자)",031-529-5116,,37.7123013,127.1869069,1,20110831,1,,,,
JDU4MTI3MSM1MSMkMiMkMCMkMDAkNDgxOTYxIzExIyQxIyQzIyQwMyQ0NjE0ODEjNDEjJDEjJDQjJDgz,연세하늘안과의원,clinic,경기,남양주시,"경기도 남양주시 도농로 1, 2층 (다산동)",031-553-8275,,37.6061198,127.157235,1,20120313,1,"{""0"": [""0900"", ""1800""], ""1"": [""0900"", ""1800""], ""2"": [""0900"", ""1800""], ""3"": [""0900"", ""1800""], ""4"": [""0900"", ""1800""], ""5"": [""0900"", ""1400""]}",13시00분~14시00분,09시00분~18시00분,
JDU4MTI3MSM1MSMkMiMkMCMkMDAkMzgxMzUxIzUxIyQxIyQxIyQxMyQ0NjE0ODEjNDEjJDEjJDgjJDgz,연세한빛안과의원,clinic,경기,남양주시,"경기도 남양주시 진접읍 장현로 77, 2층 215,219호 (장현프라자)",031-572-7575,,37.717616,127.1808911,1,20060302,1,"{""0"": [""0900"", ""1800""], ""1"": [""0900"", ""1800""], ""2"": [""0900"", ""1300""], ""3"": [""0900"", ""1800""], ""4"": [""0900"", ""1800""], ""5"": [""0900"", ""1300""]}",13:00~14:00,09:00~18:00,진접초등학교
JDU4MTI3MSM1MSMkMiMkOCMkMDAkMzgxMzUxIzExIyQyIyQzIyQwMCQzNjEyMjIjNzEjJDEjJDgjJDgz,오아시스안과의원,clinic,경기,남양주시,"경기도 남양주시 다산중앙로123번길 21-5, 4층 401~405호 (다산동)",031-522-5327,,37.6231733,127.151564,1,20251013,1,,,,
JDU4MTI3MSM1MSMkMiMkMCMkMDAkNTgxMzUxIzExIyQxIyQ3IyQwMyQyNjEwMDIjNjEjJDEjJDQjJDgz,은하수안과의원,clinic,경기,남양주시,"경기도 남양주시 다산중앙로123번길 22-80, 204,206~209호 (다산동)",1566-7550,,37.6248062,127.1507266,2,20220211,2,,,,
JDU4MTI3MSM1MSMkMiMkMCMkMDAkMzgxMzUxIzIxIyQxIyQ5IyQ4MiQ0NjE0ODEjNTEjJDEjJDYjJDgz,진접성모안과의원,clinic,경기,남양주시,"경기도 남양주시 진접읍 해밀예당1로 220, 507호 (M타워)",031-571-6699,http://www.LASIKnara.com,37.7200978,127.2026542,1,20101126,1,"{""0"": [""0900"", ""1800""], ""1"": [""0900"", ""1800""], ""2"": [""0900"", ""1800""], ""3"": [""0930"", ""1800""], ""4"": [""0900"", ""1800""], ""5"": [""0900"", ""1400""]}",13시00분~14시00분,09시00분~18시,경기도 남양주시 진접읍 금곡리 1042번지 M타워 빌딩 5층 진접 성모안과
JDQ4MTYyMiM1MSMkMiMkMCMkMDAkMzgxOTYxIzUxIyQxIyQ1IyQ4MiQzNjEwMDIjNTEjJDEjJDYjJDgz,오영돈안과의원,clinic,경기,동두천시,"경기도 동두천시 중앙로 269, (생연동)",031-862-6708,,37.9055354,127.053786,1,19880130,1,,,,
JDU4MTI3MSM1MSMkMiMkMCMkMDAkMzgxNzAyIzIxIyQxIyQ5IyQ2MiQ0NjE0ODEjNjEjJDEjJDQjJDgz,우리들안과의원,clinic,경기,동두천시,"경기도 동두천시 지행로 49, 4층 (지행동, 청솔프라자)",031-867-8852,http://blog.naver.com/wrdophclinic,37.892707,127.0528145,1,20110427,1,,,,
JDQ4MTYyMiM1MSMkMiMkMCMkMDAkNDgxMTkxIzIxIyQxIyQxIyQ3OSQ0NjE0ODEjNzEjJDEjJDgjJDgz,푸른하늘안과의원,clinic,경기,동두천시,"경기도 동두천시 동두천로 119, 3층 301호 (지행동, 지행역프라자)",031-859-0075,,37.8920677,127.0546205,1,20000315,1,,,,
JDQ4MTYyMiM1MSMkMiMkMCMkMDAkMzgxMTkxIzIxIyQxIyQ5IyQ4OSQyNjE0ODEjNDEjJDEjJDQjJDgz,강대수안과의원,clinic,경기,부천소사구,"경기도 부천시 소사구 경인로 215, (심곡본동)",032-664-0011,http://,37.4835649,126.7794272,1,19891123,1,,,,
JDQ4MTYyMiM1MSMkMiMkMCMkMDAkMzgxOTYxIzIxIyQxIyQ5IyQ4OSQyNjEyMjIjNDEjJDEjJDgjJDgz,김안과의원,clinic,경기,부천소사구,"경기도 부천시 소사구 경인로 240-1, (심곡본동)",032-664-1600,,37.4829116,126.7821522,1,19850503,1,,,,
JDU4MTI3MSM1MSMkMiMkMCMkMDAkMzgxNzAyIzUxIyQxIyQ1IyQ2MiQzNjE4MzIjODEjJDEjJDYjJDgz,닥터두안과의원,clinic,경기,부천소사구,"경기도 부천시 소사구 범안로 117, 4층 409호 (범박동, 현대리치모아)",032-341-2027,,37.4712481,126.8096277,1,20160823,1,,,,
JDU4MTI3MSM1MSMkMiMkMCMkMDAkNDgxNzAyIzIxIyQyIyQxIyQwMCQyNjE0ODEjNDEjJDEjJDgjJDgz,부천센트럴안과의원,clinic,경기,부천소사구,"경기도 부천시 소사구 옥길로 111, 드림탑프라자 601호 (옥길동)",032-228-6000,,37.4671064,126.8218423,1,20191213,1,,,,
JDU4MTI3MSM1MSMkMiMkMCMkMDAkNDgxNzAyIzIxIyQxIyQ5IyQ4MiQyNjE4MzIjNDEjJDEjJDgjJDgz,부천안과의원,clinic,경기,부천소사구,"경기도 부천시 소사구 경인로 210-1, (심곡본동, 2층)",032-651-3950,,37.4831524,126.7787086,1,19760722,1,"{""0"": [""0930"", ""1800""], ""1"": [""0930"", ""1800""], ""2"": [""0930"", ""1300""], ""3"": [""0930"", ""1800""], ""4"": [""0930"", ""1800""], ""5"": [""0930"", ""1400""]}",,,
JDU4MTI3MSM1MSMkMiMkMCMkMDAkMzgxMzUxIzUxIyQxIyQxIyQwMyQzNjEwMDIjODEjJDEjJDYjJDgz,부천한빛안과의원,clinic,경기,부천소사구,"경기도 부천시 소사구 경인로 203, 201호 (심곡본동, 서전빌딩)",032-651-3875,,37.483757,126.7781653,1,20060217,1,,,,
JDU4MTI3MSM1MSMkMiMkMCMkMDAkNTgxMzUxIzIxIyQxIyQxIyQ4OSQzNjE0ODEjNjEjJDEjJDQjJDgz,연세성모안과의원,clinic,경기,부천소사구,"경기도 부천시 소사구 경인로 505, 4층 401~403, 408-1, 409-411호 (괴안동, 역곡하이뷰)",032-224-7588,,37.4844138,126.8111706,1,20220214,1,,,,
JDU4MTI3MSM1MSMkMiMkMCMkMDAkNDgxMzUxIzExIyQxIyQzIyQ5MiQyNjEyMjIjODEjJDEjJDIjJDgz,한사랑안과의원,clinic,경기,부천소사구,"경기도 부천시 소사구 소사로 191, 4층 (소사본동, 소사메디컬)",032-341-8575,,37.4753614,126.7953046,1,20121107,1,"{""0"": [""0009"", ""0018""], ""1"": [""0009"", ""0018""], ""2"": [""0009"", ""0013""], ""3"": [""0009"", ""0018""], ""4"": [""0009"", ""0018""], ""5"": [""0009"", ""0013""]}","오후1시에서 오후2시까지 ,,수요일은  점심시간 없음",09시00분-18시00분 .수요일은  09 시 부터 13 시,"소사메디컬빌딩,4층"
JDQ4MTYyMiM1MSMkMiMkMCMkMDAkNTgxMzUxIzIxIyQxIyQxIyQ3OSQzNjEyMjIjNDEjJDEjJDgjJDgz,한세성모안과의원,clinic,경기,부천소사구,"경기도 부천시 소사구 경인로 509, 우남타워 502호 (괴안동)",032-348-1119,http://www.hseye.kr/,37.4846075,126.8116789,1,20050303,1,,,,
JDQ4MTYyMiM1MSMkMiMkMCMkMDAkNTgxOTYxIzMxIyQxIyQzIyQ4OSQzNjE0ODEjNzEjJDEjJDgjJDgz,미소안과의원,clinic,경기,부천오정구,"경기도 부천시 오정구 역곡로 470, (고강동)",032-677-5810,,37.5265466,126.8163423,2,20031016,2,,,,
JDQ4MTYyMiM1MSMkMiMkMCMkMDAkNTgxMzUxIzUxIyQxIyQ1IyQxMyQyNjEwMDIjNDEjJDEjJDgjJDgz,부천밝은안과의원,clinic,경기,부천오정구,"경기도 부천시 오정구 소사로 754, (원종동)",032-683-7787,,37.5232578,126.8052029,1,20030303,1,,,,
JDQ4MTYyMiM1MSMkMiMkMCMkMDAkMzgxMTkxIzMxIyQxIyQzIyQwMyQyNjE0ODEjNzEjJDEjJDgjJDgz,성모안과의원,clinic,경기,부천오정구,"경기도 부천시 오정구 소사로 758, (원종동)",032-677-5853,,37.5236777,126.8052022,1,19900426,1,,,,
JDU4MTI3MSM1MSMkMiMkMCMkMDAkNDgxNzAyIzMxIyQxIyQzIyQwMyQ0NjE0ODEjNTEjJDEjJDIjJDgz,연세드림안과의원,clinic,경기,부천오정구,"경기도 부천시 오정구 소사로 713, 501호,502호 (원종동)",032-679-1001,,37.5196572,126.8045934,1,20150421,1,,,,
JDU4MTI3MSM1MSMkMiMkMCMkMDAkMzgxOTYxIzExIyQxIyQzIyQ4MiQzNjE0ODEjNDEjJDEjJDgjJDgz,연세진안과의원,clinic,경기,부천오정구,"경기도 부천시 오정구 소사로 752, (원종동)",032-682-1075,,37.523117,126.8051309,1,20060504,1,,,,
JDQ4MTYyMiM1MSMkMiMkMCMkMDAkNDgxMzUxIzExIyQxIyQzIyQ2MiQzNjEyMjIjNjEjJDEjJDgjJDgz,김진갑안과의원,clinic,경기,부천원미구,"경기도 부천시 원미구 부천로 19, (심곡동)",032-663-1902,http://www.365eye.co.kr/,37.4861152,126.7828854,2,19940718,2,"{""0"": [""0930"", ""1800""], ""1"": [""0930"", ""1800""], ""2"": [""0930"", ""1800""], ""3"": [""0930"", ""1800""], ""4"": [""0930"", ""1800""], ""5"": [""0930"", ""1600""]}",13시00분~14시00분,09시30분~18시00분,벨마리에웨딩홀
JDU4MTI3MSM1MSMkMiMkMCMkMDAkNDgxOTYxIzExIyQxIyQzIyQ5OSQ0NjE0ODEjNjEjJDEjJDgjJDgz,대성안과의원,clinic,경기,부천원미구,"경기도 부천시 원미구 부천로 81, 보림빌딩 3~4층 (심곡동)",032-661-3100,,37.491739,126.7841509,2,20001214,2,,,,
JDQ4MTYyMiM1MSMkMiMkMCMkMDAkNDgxOTYxIzIxIyQxIyQ1IyQ3MiQ0NjEwMDIjNTEjJDEjJDIjJDgz,명안과의원,clinic,경기,부천원미구,"경기도 부천시 원미구 신흥로 228, 5층 (중동, 메디타워)",032-324-2155,,37.5040902,126.7763597,1,19970501,1,,,,
JDU4MTI3MSM1MSMkMiMkMCMkMDAkNTgxMzUxIzMxIyQxIyQ3IyQ4MiQzNjE4MzIjNDEjJDEjJDgjJDgz,밝음나눔안과의원,clinic,경기,부천원미구,"경기도 부천시 원미구 길주로 280, 프리머스 부천타워 701호~740호 (중동)",032-710-7542,,37.5028819,126.7732053,1,20250813,1,,,,
JDU4MTI3MSM1MSMkMiMkNCMkMDAkMzgxMzUxIzExIyQxIyQzIyQ4MiQyNjEyMjIjNTEjJDEjJDIjJDgz,부천리더스안과의원,clinic,경기,부천원미구,"경기도 부천시 원미구 길주로 91, 4층 407호~410호 (상동, 비잔티움 상동)",032-322-0110,,37.5062887,126.7525984,2,20250620,2,,,,
JDU4MTI3MSM1MSMkMiMkMCMkMDAkNDgxOTYxIzExIyQyIyQ3IyQwMCQyNjEyMjIjNDEjJDEjJDgjJDgz,부천사랑안과의원,clinic,경기,부천원미구,"경기도 부천시 원미구 부천로90번길 8, 7층 (원미동)",032-217-7333,,37.4920261,126.7848137,2,20150629,2,,,,
JDQ4MTYyMiM1MSMkMiMkMCMkMDAkNDgxNzAyIzExIyQxIyQ3IyQ2MiQzNjEyMjIjODEjJDEjJDYjJDgz,부천세브란스안과의원,clinic,경기,부천원미구,"경기도 부천시 원미구 길주로 237, 중동메디칼 (중동)",032-322-2556,,37.5045118,126.7689239,1,20001201,1,"{""0"": [""0900"", ""1730""], ""1"": [""0900"", ""1730""], ""2"": [""0900"", ""1730""], ""3"": [""0900"", ""1730""], ""4"": [""0900"", ""1730""], ""5"": [""0900"", ""1200""]}",12:30~14:00,"09:00 ~ 12:30 , 14:00 ~ 17:30",부천시청 큰도로에서 문예사거리 국민은행 옆건물 새마을금고 3층
JDQ4MTYyMiM1MSMkMiMkMCMkMDAkNDgxMTkxIzQxIyQxIyQ3IyQ3OSQ0NjEwMDIjNzEjJDEjJDgjJDgz,부천연세안과의원,clinic,경기,부천원미구,"경기도 부천시 원미구 부천로 20, 2층 (심곡동, 삼영빌딩)",032-664-2100,,37.4860272,126.7835458,1,20000129,1,,,,
JDU4MTI3MSM1MSMkMiMkMCMkMDAkNDgxNzAyIzExIyQxIyQ3IyQ3MiQ0NjEwMDIjNTEjJDEjJDYjJDgz,부천한결안과의원,clinic,경기,부천원미구,"경기도 부천시 원미구 길주로 87, 에이플러스 201호 (상동)",032-328-7511,,37.5063173,126.7519558,2,20030120,2,,,,
JDU4MTI3MSM1MSMkMiMkMCMkMDAkNTgxOTYxIzExIyQxIyQ3IyQ3OSQyNjEwMDIjNTEjJDEjJDIjJDgz,새로운세상안과의원,clinic,경기,부천원미구,"경기도 부천시 원미구 신흥로 187, 부천농업협동조합 2층 일부호 (중동)",032-329-8224,,37.5003228,126.7764808,1,20230821,1,,,,
JDQ4MTYyMiM1MSMkMiMkMCMkMDAkMzgxNzAyIzUxIyQxIyQ1IyQ2MiQzNjEwMDIjNDEjJDEjJDQjJDgz,서안과의원,clinic,경기,부천원미구,"경기도 부천시 원미구 중동로 166, 2층 (중동, 건영상가)",032-611-2521,,37.4937699,126.7679423,1,19940426,1,"{""0"": [""0930"", ""1830""], ""1"": [""0930"", ""1830""], ""2"": [""0930"", ""1830""], ""3"": [""0930"", ""1830""], ""4"": [""0930"", ""1830""], ""5"": [""0930"", ""1500""]}",13:00 ~ 14:00,,부천 서안과
JDU4MTI3MSM1MSMkMiMkMCMkMDAkNDgxNzAyIzUxIyQxIyQ1IyQ4OSQyNjE0ODEjNDEjJDEjJDgjJDgz,서울베스트안과의원,clinic,경기,부천원미구,"경기도 부천시 원미구 길주로 246, 부천중동리슈빌엔클래스 2층 201A1,201A2,201B호 (중동)",032-229-4000,,37.5033357,126.7696068,1,20210702,1,,,,
JDQ4MTYyMiM1MSMkMiMkMCMkMDAkNDgxNzAyIzUxIyQxIyQ1IyQwMyQ0NjEwMDIjNTEjJDEjJDYjJDgz,성가김안과의원,clinic,경기,부천원미구,"경기도 부천시 원미구 부천로 42, 부천중앙프라자 (심곡동)",032-667-5600,,37.4880185,126.7840389,1,20011129,1,,,,
JDU4MTI3MSM1MSMkMiMkMCMkMDAkNTgxMzUxIzQxIyQxIyQ3IyQ3MiQyNjEwMDIjNDEjJDEjJDgjJDgz,윤안과의원,clinic,경기,부천원미구,"경기도 부천시 원미구 역곡로 3, 502호 (역곡동, 역곡덕지빌딩)",032-341-9017,,37.4856217,126.811426,1,19911105,1,,,,
JDU4MTI3MSM1MSMkMiMkMCMkMDAkMzgxMTkxIzMxIyQxIyQ3IyQ2MiQzNjEyMjIjNjEjJDEjJDgjJDgz,참밝은안과의원,clinic,경기,부천원미구,"경기도 부천시 원미구 역곡로 7, 402호 (역곡동, 스카이빌딩)",032-343-0114,,37.4860311,126.8113145,1,20070625,1,,,,
JDQ4MTYyMiM1MSMkMiMkMCMkMDAkNTgxOTYxIzExIyQxIyQzIyQxMyQyNjEyMjIjNzEjJDEjJDgjJDgz,플러스안과의원,clinic,경기,부천원미구,"경기도 부천시 원미구 상동로 90, 메가플러스빌딩 301호 (상동)",032-218-5001,,37.5051724,126.7537185,1,20030324,1,"{""0"": [""0930"", ""1800""], ""1"": [""0930"", ""1800""], ""2"": [""0930"", ""1800""], ""3"": [""0930"", ""1800""], ""4"": [""0930"", ""1800""], ""5"": [""0930"", ""1300""]}",13시00분-14시00분,09시30분-18시00분,
JDU4MTI3MSM1MSMkMiMkMCMkMDAkMzgxNzAyIzIxIyQxIyQxIyQxMyQyNjEyMjIjNDEjJDEjJDQjJDgz,하나서울안과의원,clinic,경기,부천원미구,"경기도 부천시 원미구 길주로 181, 골든벨타워 2층 (중동)",032-328-0071,http://www.hanaeye.co.kr/,37.5053065,126.7626388,3,20110103,3,,,,
JDQ4MTYyMiM1MSMkMiMkMCMkMDAkNDgxMTkxIzUxIyQxIyQ1IyQwMyQ0NjEwMDIjODEjJDEjJDIjJDgz,굿아이연세안과의원,clinic,경기,성남분당구,"경기도 성남시 분당구 운중로 249, 301호,302호 (판교동)",031-463-5777,,37.3896478,127.0906976,1,20000721,1,,,,
JDU4MTI3MSM1MSMkMiMkMCMkMDAkNTgxOTYxIzIxIyQxIyQ5IyQ4OSQ0NjE0ODEjNjEjJDEjJDgjJDgz,더본안과의원,clinic,경기,성남분당구,"경기도 성남시 분당구 야탑로81번길 10, 분당아미고타워 2층 211,212호, 6층 607호 (야탑동)",031-778-7523,,37.4105955,127.1282197,2,20240328,2,,,,
JDQ4MTYyMiM1MSMkMiMkMCMkMDAkNTgxOTYxIzMxIyQxIyQ3IyQ5OSQzNjEyMjIjNzEjJDEjJDgjJDgz,리지안안과의원,clinic,경기,성남분당구,"경기도 성남시 분당구 돌마로 68, 211호 3층일부호 (구미동, 분당프라자)",031-719-7582,http://www.bundangclean.com,37.3496446,127.1095409,5,20020826,5,"{""0"": [""0900"", ""1830""], ""1"": [""0900"", ""1830""], ""2"": [""0900"", ""1830""], ""3"": [""0900"", ""1830""], ""4"": [""0900"", ""1830""], ""5"": [""0900"", ""1500""]}",점심시간 없이 교대진료,9시00분~18시30분,
JDU4MTI3MSM1MSMkMiMkMCMkMDAkMzgxMzUxIzIxIyQxIyQxIyQwMyQzNjEyMjIjODEjJDEjJDYjJDgz,마리안과의원,clinic,경기,성남분당구,"경기도 성남시 분당구 내정로17번길 2, 4012호 (정자동, 한솔프라자)",716-5175,,37.3621395,127.1144804,1,20050221,1,,,,
JDU4MTI3MSM1MSMkMiMkMCMkMDAkNDgxMTkxIzIxIyQxIyQxIyQ5MiQyNjE4MzIjNDEjJDEjJDQjJDgz,바른서울안과의원,clinic,경기,성남분당구,"경기도 성남시 분당구 느티로 27, 하나플라자빌딩 206,207,501호 (정자동)",031-716-0111,,37.3687953,127.1075046,3,20171101,3,,,,
JDQ4MTYyMiM1MSMkMiMkMCMkMDAkNDgxNzAyIzMxIyQxIyQ3IyQ2MiQ0NjEwMDIjNjEjJDEjJDQjJDgz,분당서울안과의원,clinic,경기,성남분당구,"경기도 성남시 분당구 분당로53번길 20, 이랜드분당프라자 501호 (서현동)",781-7400,http://www.snueye.com,37.3841229,127.1226448,1,20010626,1,"{""0"": [""0900"", ""1830""], ""1"": [""0900"", ""1830""], ""2"": [""0900"", ""1830""], ""4"": [""0900"", ""1830""], ""5"": [""0900"", ""1300""]}",13:00 ~ 14:00,09:00 ~ 18:20,분당구 분당로53번길 분당이랜드프라자 5층 1호
JDU4MTI3MSM1MSMkMiMkMCMkMDAkNTgxOTYxIzExIyQxIyQ3IyQ4OSQyNjE0ODEjNDEjJDEjJDgjJDgz,분당안과의원,clinic,경기,성남분당구,"경기도 성남시 분당구 성남대로 912, 분당BYC빌딩 407,408,409-1,410호 (야탑동)",703-6464,,37.4109685,127.1292477,4,19990419,4,,,,
JDQ4MTYyMiM1MSMkMiMkMCMkMDAkNDgxOTYxIzMxIyQxIyQzIyQ5MiQzNjEyMjIjNjEjJDEjJDQjJDgz,분당연세독수리안과의원,clinic,경기,성남분당구,"경기도 성남시 분당구 서현로210번길 20, 3층 (서현동, 코코프라자)",702-7582,http://www.bundangeye.com,37.3858444,127.1240452,2,20001226,2,,,,
JDQ4MTYyMiM1MSMkMiMkMCMkMDAkNTgxOTYxIzExIyQxIyQzIyQ2MiQzNjEyMjIjNTEjJDEjJDYjJDgz,분당연세플러스안과의원,clinic,경기,성남분당구,"경기도 성남시 분당구 성남대로 168, 501호(일부), 502~505호 (금곡동, 미도프라자)",031-714-3232,https://www.pluseye.co.kr/,37.3508865,127.1094943,5,20030317,5,"{""0"": [""0900"", ""1800""], ""1"": [""0900"", ""1800""], ""2"": [""0900"", ""1800""], ""3"": [""0900"", ""1800""], ""4"": [""0900"", ""1800""], ""5"": [""0900"", ""1400""]}",13시00분~14시00분,오전 9시~오후 6시 00분,미도프라자5층
JDU4MTI3MSM1MSMkMiMkMCMkMDAkMzgxOTYxIzExIyQxIyQ3IyQwMyQzNjEyMjIjODEjJDEjJDIjJDgz,서현안과의원,clinic,경기,성남분당구,"경기도 성남시 분당구 돌마로 478, 202,203호 (서현동, 효자촌프라자)",031-781-9700,,37.3769796,127.1334348,2,20060801,2,"{""0"": [""0930"", ""1830""], ""1"": [""0930"", ""1830""], ""2"": [""0930"", ""1830""], ""3"": [""0930"", ""1830""], ""4"": [""0930"", ""1830""], ""5"": [""0930"", ""1600""]}",13시00분 - 14시00분,,
JDU4MTI3MSM1MSMkMiMkMCMkMDAkNDgxNzAyIzIxIyQxIyQ1IyQ3MiQ0NjEwMDIjNjEjJDEjJDgjJDgz,성모e안과의원,clinic,경기,성남분당구,"경기도 성남시 분당구 운중로 135, 더원스퀘어 503,504호 (운중동)",031-8016-8757,,37.3919471,127.0781514,1,20200401,1,,,,
JDU4MTI3MSM1MSMkMiMkMCMkMDAkNDgxOTYxIzExIyQxIyQ3IyQ4OSQzNjE0ODEjNTEjJDEjJDIjJDgz,수내밝은성모안과의원,clinic,경기,성남분당구,"경기도 성남시 분당구 돌마로356번길 3, 그랜드빌딩 4층 405호 (수내동)",031-726-8900,,37.3697159,127.1233299,1,20150611,1,"{""0"": [""0930"", ""1830""], ""1"": [""0930"", ""1830""], ""2"": [""0930"", ""1830""], ""3"": [""0930"", ""1830""], ""4"": [""0930"", ""1830""], ""5"": [""0930"", ""1400""]}",오후 1시-오후 2시,오전 9시30분-오후 6시30분,수내 3동 주민센터
JDU4MTI3MSM1MSMkMiMkMCMkMDAkNTgxOTYxIzIxIyQxIyQ5IyQxMyQ0NjE0ODEjNjEjJDEjJDAjJDgz,알파서울안과의원,clinic,경기,성남분당구,"경기도 성남시 분당구 판교역로 152, 알파돔타워 지하1층 일부호 (백현동)",1544-5199,https://www.alphaeyeclinic.com,37.3942126,127.1102892,2,20240513,2,,,,
JDU4MTI3MSM1MSMkMiMkMCMkMDAkMzgxMTkxIzUxIyQxIyQ1IyQ4MiQzNjEyMjIjNDEjJDEjJDQjJDgz,야탑서울안과의원,clinic,경기,성남분당구,"경기도 성남시 분당구 야탑로81번길 10, 402호 (야탑동, 아미고타워)",031-622-1588,http://www.yatapeye.com/,37.4105955,127.1282197,1,20100406,1,,,,
JDQ4MTYyMiM1MSMkMiMkMCMkMDAkNDgxOTYxIzMxIyQxIyQ3IyQ4MiQyNjE0ODEjNjEjJDEjJDQjJDgz,연세김남수안과의원,clinic,경기,성남분당구,"경기도 성남시 분당구 백현로101번길 16, 409~413호 (수내동, 대덕프라자)",711-0075,http://kimanmsu.co.kr,37.377023,127.1128823,1,20021214,1,"{""0"": [""0930"", ""1700""], ""1"": [""0930"", ""1700""], ""2"": [""0930"", ""1700""], ""3"": [""0930"", ""1700""], ""4"": [""0930"", ""1700""], ""5"": [""0930"", ""1130""]}",12:30 ~ 14:00,9:30~4:00,
JDQ4MTYyMiM1MSMkMiMkMCMkMDAkNDgxMzUxIzMxIyQyIyQ3IyQwMCQyNjE0ODEjODEjJDEjJDIjJDgz,정보원안과의원,clinic,경기,성남분당구,"경기도 성남시 분당구 돌마로 87, 3층 304호 (금곡동, 골드프라자)",717-2020,,37.3503915,127.1117463,1,19951204,1,,,,
JDQ4MTYyMiM1MSMkMiMkMCMkMDAkNDgxMzUxIzExIyQxIyQzIyQ3OSQyNjE4MzIjNTEjJDEjJDIjJDgz,최숙경안과의원,clinic,경기,성남분당구,"경기도 성남시 분당구 미금로 48, 302호 (구미동, 오성프라자)",711-0056,,37.3377441,127.1165279,1,19940525,1,"{""0"": [""0930"", ""1730""], ""1"": [""0930"", ""1230""], ""2"": [""0930"", ""1730""], ""3"": [""1400"", ""1730""], ""4"": [""0930"", ""1730""], ""5"": [""0930"", ""1300""]}",12시30분~2시,9시30분~5시,
JDQ4MTYyMiM1MSMkMiMkMCMkMDAkNDgxOTYxIzIxIyQxIyQxIyQ5OSQyNjE0ODEjNDEjJDEjJDgjJDgz,판교연세독수리안과의원,clinic,경기,성남분당구,"경기도 성남시 분당구 대왕판교로606번길 39, 럭스타워 501,601,602,603호 (삼평동)",8017-1234,http://www.bundangeye.com,37.3964751,127.1115188,3,20120227,3,"{""0"": [""0930"", ""1830""], ""1"": [""0930"", ""1830""], ""2"": [""0930"", ""1830""], ""3"": [""0930"", ""1830""], ""4"": [""0930"", ""1830""], ""5"": [""0900"", ""1300""]}",PM 13시 -PM 14시,,신분당선 판교역
JDU4MTI3MSM1MSMkMiMkMCMkMDAkNTgxMzUxIzUxIyQxIyQ1IyQ4OSQyNjE4MzIjNDEjJDEjJDgjJDgz,판교잘보는연세안과의원,clinic,경기,성남분당구,"경기도 성남시 분당구 대왕판교로606번길 58, 판교푸르지오월드마크 2-44호, 2-45호 (삼평동)",031-8039-6631,,37.3955563,127.113551,1,20230406,1,"{""0"": [""0900"", ""1830""], ""1"": [""0900"", ""1830""], ""2"": [""0900"", ""1830""], ""3"": [""0900"", ""1830""], ""4"": [""0900"", ""1830""], ""5"": [""0900"", ""1400""]}",13:00-14:00,08:50-18:20,판교푸르지오월드마크 상가 2층에 위치. (지하)판교롯데마트입점
JDQ4MTYyMiM1MSMkMiMkMCMkMDAkMzgxNzAyIzExIyQxIyQzIyQ4OSQ0NjEwMDIjNTEjJDEjJDYjJDgz,하늘빛안과의원,clinic,경기,성남분당구,"경기도 성남시 분당구 내정로 172, 502호 (수내동, 성지상가)",719-5556,,37.3736466,127.1199656,1,20030530,1,,,,
JDQ4MTYyMiM1MSMkMiMkMCMkMDAkMzgxMTkxIzUxIyQxIyQxIyQ5MiQyNjEyMjIjNjEjJDEjJDQjJDgz,홍안과의원,clinic,경기,성남분당구,"경기도 성남시 분당구 성남대로 926, 508호 (야탑동, 분당메트로빌딩)",707-2580,,37.4125779,127.129292,1,19941231,1,,,,
JDQ4MTYyMiM1MSMkMiMkMCMkMDAkMzgxNzAyIzMxIyQxIyQzIyQwMyQ0NjEwMDIjNjEjJDEjJDgjJDgz,김안과의원,clinic,경기,성남수정구,"경기도 성남시 수정구 수정로 182, 2층 (신흥동)",031-721-8932,,37.4431894,127.1402095,1,19930515,1,,,,
JDU4MTI3MSM1MSMkMiMkMCMkMDAkNDgxMTkxIzUxIyQxIyQxIyQ3OSQzNjE0ODEjNjEjJDEjJDQjJDgz,밝은성모안과의원,clinic,경기,성남수정구,"경기도 성남시 수정구 산성대로 247, 10층 (신흥동)",031-743-3337,,37.4400957,127.1446013,1,20190225,1,,,,
JDU4MTI3MSM1MSMkMiMkMCMkMDAkNDgxOTYxIzIxIyQxIyQ5IyQ4MiQ0NjE0ODEjNDEjJDEjJDgjJDgz,서울삼성안과의원,clinic,경기,성남수정구,"경기도 성남시 수정구 수정로 116, 4층 (수진동)",031-752-2016,,37.4410507,127.1332127,2,20160325,2,"{""0"": [""0900"", ""1800""], ""1"": [""0900"", ""1800""], ""2"": [""0900"", ""1800""], ""3"": [""0900"", ""1800""], ""4"": [""0900"", ""1800""], ""5"": [""0900"", ""1400""]}",13시00분~14시00분,17:30 접수마감,태평역
JDU4MTI3MSM1MSMkMiMkMCMkMDAkNDgxNzAyIzQxIyQxIyQ3IyQ3OSQzNjEyMjIjNDEjJDEjJDgjJDgz,성남센트럴안과의원,clinic,경기,성남수정구,"경기도 성남시 수정구 산성대로 267, 401~405,432~435호 (신흥동)",031-748-7779,,37.441324,127.1464467,3,20210210,3,"{""0"": [""0900"", ""2000""], ""1"": [""0900"", ""1830""], ""2"": [""0900"", ""1830""], ""3"": [""0900"", ""1830""], ""4"": [""0900"", ""1830""], ""5"": [""0900"", ""1500""]}",13:00 ~ 14:00,,신흥역 3번출구
JDU4MTI3MSM1MSMkMiMkMCMkMDAkNDgxOTYxIzMxIyQxIyQ3IyQ3OSQyNjE4MzIjODEjJDEjJDYjJDgz,아름다운눈안과의원,clinic,경기,성남수정구,"경기도 성남시 수정구 수정로 210, 2층 (신흥동)",031-734-1541,,37.4441603,127.1431817,1,20000113,1,,,,
JDU4MTI3MSM1MSMkMiMkMCMkMDAkNDgxNzAyIzIxIyQxIyQ1IyQ3OSQzNjEyMjIjNjEjJDEjJDQjJDgz,엠에스안과의원,clinic,경기,성남수정구,"경기도 성남시 수정구 위례광장로 310, 우성트램타워 우성트램타워 A동 305,306,307,308,309,310호 (창곡동)",02-6672-1001,,37.4727085,127.1429284,2,20161229,2,,,,
JDU4MTI3MSM1MSMkMiMkMCMkMDAkNTgxMzUxIzMxIyQxIyQ3IyQ4OSQyNjE4MzIjNTEjJDEjJDIjJDgz,여름안과의원,clinic,경기,성남수정구,"경기도 성남시 수정구 수정로 341, 산성역포레스티아아파트 동문상가동 301,302호 (신흥동)",031-731-1760,,37.4544223,127.149399,1,20220921,1,,,,
JDQ4MTYyMiM1MSMkMiMkMCMkMDAkNDgxMTkxIzUxIyQxIyQ1IyQ3MiQzNjE4MzIjNDEjJDEjJDQjJDgz,연세안과의원,clinic,경기,성남수정구,"경기도 성남시 수정구 수정로 106, 303호 (수진동)",031-721-0075,http://www.nlasik.co.kr,37.4407268,127.1322097,3,20050103,3,,,,
JDU4MTI3MSM1MSMkMiMkMCMkMDAkNDgxOTYxIzUxIyQxIyQxIyQ4OSQ0NjE0ODEjNDEjJDEjJDQjJDgz,올라안과의원,clinic,경기,성남수정구,"경기도 성남시 수정구 위례동로 153, 에이플타워 410, 906호 (창곡동)",031-721-2002,,37.4734999,127.1501737,1,20161202,1,,,,
JDU4MTI3MSM1MSMkMiMkMCMkMDAkNTgxOTYxIzExIyQxIyQzIyQxMyQyNjEwMDIjNDEjJDEjJDgjJDgz,위례밝은성모안과의원,clinic,경기,성남수정구,"경기도 성남시 수정구 위례광장로 310, 우성트램타워 B동 301호 (창곡동)",031-752-9881,,37.4727085,127.1429284,1,20230816,1,"{""0"": [""0930"", ""1830""], ""1"": [""0930"", ""1830""], ""2"": [""0930"", ""1830""], ""3"": [""0930"", ""1830""], ""4"": [""0930"", ""1830""], ""5"": [""0930"", ""1330""]}",13시00분~14시00분,09시30분~18시30분,
JDQ4MTYyMiM1MSMkMiMkMCMkMDAkMzgxOTYxIzExIyQxIyQzIyQwMyQ0NjE0ODEjNjEjJDEjJDQjJDgz,임안과의원,clinic,경기,성남수정구,"경기도 성남시 수정구 수정로 167, 3층 (태평동)",031-756-5300,,37.4432127,127.1385844,1,19830423,1,"{""0"": [""0930"", ""1800""], ""1"": [""0930"", ""1800""], ""2"": [""0930"", ""1800""], ""3"": [""0930"", ""1800""], ""4"": [""0930"", ""1800""], ""5"": [""0930"", ""1400""]}",13시00 ~ 14시00,,구 시청 성남시민회관 앞 하나은행 3층
JDU4MTI3MSM1MSMkMiMkMCMkMDAkMzgxOTYxIzMxIyQxIyQzIyQ5MiQyNjEyMjIjNTEjJDEjJDYjJDgz,조은안과의원,clinic,경기,성남수정구,"경기도 성남시 수정구 공원로 322, 211호 (신흥동, 신동아파라디움)",031-732-6002,,37.4433206,127.152081,1,20090410,1,,,,
JDQ4MTYyMiM1MSMkMiMkMCMkMDAkNTgxMzUxIzUxIyQxIyQ1IyQxMyQ0NjE0ODEjODEjJDEjJDIjJDgz,맑은눈안과의원,clinic,경기,성남중원구,"경기도 성남시 중원구 산성대로 496, 3층 (은행동)",031-735-3377,,37.4554406,127.1624561,1,20030304,1,"{""0"": [""0900"", ""1800""], ""1"": [""0900"", ""1800""], ""2"": [""0900"", ""1800""], ""3"": [""0900"", ""1300""], ""4"": [""0900"", ""1800""], ""5"": [""0900"", ""1300""]}",13시00분~14:00분,09시00분~17시30분,양지동 주민센터
JDU4MTI3MSM1MSMkMiMkMCMkMDAkNDgxOTYxIzMxIyQxIyQ3IyQ5MiQ0NjE0ODEjNDEjJDEjJDgjJDgz,서울김안과의원,clinic,경기,성남중원구,"경기도 성남시 중원구 은이로5번길 1, 건영빌딩 5층 (은행동)",031-732-8626,,37.4579377,127.1648158,1,20160817,1,,13:00~14:00,09:00~18:00,은행시장앞
JDQ4MTYyMiM1MSMkMiMkMCMkMDAkNDgxOTYxIzUxIyQxIyQxIyQ5MiQzNjE0ODEjODEjJDEjJDIjJDgz,성남성모안과의원,clinic,경기,성남중원구,"경기도 성남시 중원구 산성대로 350, (중앙동)",031-749-1052,,37.4437619,127.1553544,2,19980601,2,,,,
JDU4MTI3MSM1MSMkMiMkMCMkMDAkMzgxOTYxIzMxIyQxIyQ3IyQ4OSQyNjE4MzIjNjEjJDEjJDAjJDgz,성남이안과의원,clinic,경기,성남중원구,"경기도 성남시 중원구 성남대로1148번길 2, 소평빌딩 2층 (성남동)",031-722-3388,,37.4322806,127.1295201,1,20030707,1,,,,
JDU4MTI3MSM1MSMkMiMkMCMkMDAkMzgxOTYxIzIxIyQxIyQ5IyQ4OSQzNjE4MzIjNjEjJDEjJDAjJDgz,연세하나안과의원,clinic,경기,성남중원구,"경기도 성남시 중원구 산성대로372번길 3, 3층 (금광동)",031-733-8275,,37.4452336,127.1575293,1,20021226,1,,,,
JDQ4MTYyMiM1MSMkMiMkMCMkMDAkMzgxMTkxIzIxIyQxIyQxIyQxMyQyNjE4MzIjNDEjJDEjJDQjJDgz,허안과의원,clinic,경기,성남중원구,"경기도 성남시 중원구 금상로 7, (상대원동)",031-747-9125,,37.4371513,127.158649,1,19890501,1,,,~18:30,
JDQ4MTYyMiM1MSMkMiMkMCMkMDAkNTgxMzUxIzIxIyQxIyQ5IyQ4MiQ0NjEwMDIjNTEjJDEjJDIjJDgz,늘밝은성모안과의원,clinic,경기,수원권선구,"경기도 수원시 권선구 금호로 230, (탑동)",031-293-7007,http://www.suwonlasik.co.kr/,37.2752455,126.9753063,1,20020603,1,,,,
JDQ4MTYyMiM1MSMkMiMkMCMkMDAkNDgxNzAyIzUxIyQxIyQ1IyQxMyQzNjE4MzIjNjEjJDEjJDAjJDgz,밝은미소안과의원,clinic,경기,수원권선구,"경기도 수원시 권선구 덕영대로1201번길 8, 3층 (권선동)",031-225-0366,http://www.misolasik.com/,37.2495391,127.022569,1,20011128,1,,,,
JDU4MTI3MSM1MSMkMiMkMCMkMDAkNDgxMTkxIzMxIyQxIyQ3IyQxMyQyNjE0ODEjNjEjJDEjJDQjJDgz,밝은유안과의원,clinic,경기,수원권선구,"경기도 수원시 권선구 금곡로 106, 305호 (금곡동, 우성메디피아)",031-248-1082,,37.2739643,126.9420314,2,20150115,2,,,,
JDU4MTI3MSM1MSMkMiMkMCMkMDAkNDgxNzAyIzUxIyQyIyQ1IyQwMCQyNjEwMDIjNjEjJDEjJDAjJDgz,삼성드림안과의원,clinic,경기,수원권선구,"경기도 수원시 권선구 호매실로104번길 24-43, 418~422호 (호매실동)",031-298-7591,,37.2579757,126.9625695,1,20210726,1,,,,
JDU4MTI3MSM1MSMkMiMkMCMkMDAkMzgxNzAyIzUxIyQxIyQxIyQ2MiQyNjE0ODEjNjEjJDEjJDQjJDgz,서울탑안과의원,clinic,경기,수원권선구,"경기도 수원시 권선구 금호로 226, (탑동)",031-294-0975,,37.2751703,126.9749008,1,20120319,1,"{""0"": [""0900"", ""1800""], ""1"": [""0900"", ""1800""], ""2"": [""0900"", ""1800""], ""3"": [""0900"", ""1800""], ""4"": [""0900"", ""1800""], ""5"": [""0900"", ""1300""]}",13시00분~14시00분,09시00분~18시00분,탑동 삼성아파트 정류장 앞 가장 높은 건물 (구운중학교 맞은편)
JDQ4MTYyMiM1MSMkMiMkMCMkMDAkNDgxMzUxIzQxIyQxIyQ3IyQ5MiQzNjE0ODEjNjEjJDEjJDgjJDgz,안기우안과의원,clinic,경기,수원권선구,"경기도 수원시 권선구 세권로195번길 13, (권선동)",031-234-4666,,37.256025,127.025475,1,19960319,1,,,,
JDQ4MTYyMiM1MSMkMiMkMCMkMDAkNTgxOTYxIzIxIyQxIyQxIyQ4MiQ0NjE0ODEjNzEjJDEjJDgjJDgz,연세바른안과의원,clinic,경기,수원권선구,"경기도 수원시 권선구 세권로304번길 62, 2층 (권선동, 베스토아)",031-224-5885,,37.2496292,127.0354784,1,20030602,1,,,,
JDU4MTI3MSM1MSMkMiMkMCMkMDAkNDgxMTkxIzQxIyQxIyQ3IyQxMyQzNjEyMjIjNDEjJDEjJDgjJDgz,좋은사람안과의원,clinic,경기,수원권선구,"경기도 수원시 권선구 금곡로 205, 해피라움 4층 410~411호 (금곡동)",031-227-5845,,37.2743275,126.9529603,1,20190201,1,,,,
JDU4MTI3MSM1MSMkMiMkMCMkMDAkNDgxMzUxIzUxIyQyIyQxIyQwMCQyNjEyMjIjNDEjJDEjJDQjJDgz,광교연세안과의원,clinic,경기,수원영통구,"경기도 수원시 영통구 센트럴타운로 98, 3층 301호 (이의동, 경현빌딩)",031-8019-8081,,37.2921257,127.0506991,1,20141020,1,,,,
JDU4MTI3MSM1MSMkMiMkMCMkMDAkNDgxOTYxIzMxIyQxIyQ3IyQ4OSQzNjE4MzIjODEjJDEjJDYjJDgz,삼성서울안과의원,clinic,경기,수원영통구,"경기도 수원시 영통구 센트럴타운로 107, 204동 2층 2-19호,2-20호 (이의동, 광교푸르지오 월드마크, 월드스퀘어)",031-212-5522,www.sseye.net,37.292027,127.0483378,1,20200716,1,,,,
JDQ4MTYyMiM1MSMkMiMkMCMkMDAkMzgxMTkxIzQxIyQxIyQ3IyQ3MiQyNjE0ODEjODEjJDEjJDIjJDgz,삼성안과의원,clinic,경기,수원영통구,"경기도 수원시 영통구 효원로 387, 5층호 (매탄동,풍성프라자)",031-215-0250,,37.2592373,127.0439442,1,20110404,1,,,,
JDQ4MTYyMiM1MSMkMiMkMCMkMDAkNTgxOTYxIzMxIyQxIyQzIyQ2MiQ0NjEwMDIjNDEjJDEjJDQjJDgz,서울안과의원,clinic,경기,수원영통구,"경기도 수원시 영통구 덕영대로 1525, 7층 (영통동, 성모빌딩)",031-204-5116,,37.2462239,127.0578051,1,20031201,1,"{""0"": [""0900"", ""1820""], ""1"": [""0900"", ""1820""], ""2"": [""0900"", ""1820""], ""3"": [""0900"", ""1750""], ""4"": [""0900"", ""1820""], ""5"": [""0900"", ""1320""]}",12시50분-14시00분,"09시00분-18시00분, 시력검사 안과검진 검사 17:30까지",
JDU4MTI3MSM1MSMkMiMkMCMkMDAkNTgxOTYxIzIxIyQxIyQxIyQ2MiQzNjE4MzIjNzEjJDEjJDgjJDgz,수원퍼스트안과의원,clinic,경기,수원영통구,"경기도 수원시 영통구 덕영대로 1470, 망포역 플래티넘베이스 6층 603,604,605,606,609,610호 (망포동)",1833-2839,https://firsteye-suwon.co.kr,37.2450583,127.0511613,2,20230328,2,"{""0"": [""0930"", ""1800""], ""1"": [""0930"", ""1800""], ""2"": [""0930"", ""1800""], ""3"": [""0930"", ""1800""], ""4"": [""0930"", ""1800""], ""5"": [""0900"", ""1400""]}",13시~14시,09시20분~17시45분,망포역트레이더스
JDQ4MTYyMiM1MSMkMiMkMCMkMDAkNDgxNzAyIzIxIyQxIyQ1IyQxMyQzNjEyMjIjODEjJDEjJDIjJDgz,엘앤케이미래안과의원,clinic,경기,수원영통구,"경기도 수원시 영통구 봉영로 1590, 301,302-1,302-2호 (영통동, 밀레니엄프라자)",031-204-5055,,37.2527874,127.0734373,2,20130710,1,"{""0"": [""0930"", ""1830""], ""1"": [""0930"", ""1830""], ""2"": [""0930"", ""1830""], ""3"": [""0930"", ""1830""], ""4"": [""0930"", ""1830""], ""5"": [""0930"", ""1400""]}",1:00~2:00,9:30~6:30,영통역 1번출구
JDU4MTI3MSM1MSMkMiMkMCMkMDAkNDgxNzAyIzIxIyQxIyQ1IyQ3OSQ0NjEwMDIjNDEjJDEjJDQjJDgz,연세안과의원,clinic,경기,수원영통구,"경기도 수원시 영통구 봉영로 1606, (영통동, 미네시티 302호)",031-273-0055,,37.2538737,127.0744859,2,20011203,2,,,,
JDU4MTI3MSM1MSMkMiMkMCMkMDAkMzgxNzAyIzIxIyQxIyQ1IyQ5OSQyNjE0ODEjODEjJDEjJDYjJDgz,연세참빛안과의원,clinic,경기,수원영통구,"경기도 수원시 영통구 영통로 115, (망포동, 알파빌딩 301호)",031-273-7892,,37.2379243,127.0568306,1,20110215,1,"{""0"": [""0930"", ""1830""], ""1"": [""0930"", ""1830""], ""2"": [""0930"", ""1230""], ""3"": [""0930"", ""1830""], ""4"": [""0930"", ""1830""], ""5"": [""0930"", ""1300""]}",오후 12시 30분 ~ 오후 2시,"오전은 12시까지,오후는 6시까지",하나은행 신영통지점 건물
JDU4MTI3MSM1MSMkMiMkMCMkMDAkNDgxNzAyIzIxIyQxIyQ1IyQ3OSQzNjEwMDIjNzEjJDEjJDgjJDgz,올바른안과의원,clinic,경기,수원영통구,"경기도 수원시 영통구 광교중앙로 145, 광교엘포트아이파크 2층 212호 (이의동)",031-216-7588,,37.2870278,127.0577371,5,20200218,5,,,,
JDQ4MTYyMiM1MSMkMiMkMCMkMDAkMzgxMTkxIzMxIyQxIyQzIyQxMyQ0NjEwMDIjODEjJDEjJDIjJDgz,이중근안과의원,clinic,경기,수원영통구,"경기도 수원시 영통구 인계로 219, 211호 (매탄동, 삼성1차아파트)",031-211-3131,,37.265852,127.0418925,1,19900511,1,,,,
JDQ4MTYyMiM1MSMkMiMkMCMkMDAkNDgxMzUxIzMxIyQxIyQ3IyQ3MiQzNjE4MzIjNDEjJDEjJDQjJDgz,최안과의원,clinic,경기,수원영통구,"경기도 수원시 영통구 영통로 195, 404호 (망포동, 골든스퀘어)",031-273-6900,,37.2452099,127.0558468,1,19960119,1,"{""0"": [""0930"", ""1830""], ""1"": [""0930"", ""1830""], ""2"": [""0930"", ""1830""], ""3"": [""0930"", ""1830""], ""4"": [""0930"", ""1830""], ""5"": [""0930"", ""1300""]}",13시 ~14시10분,,우리은행 (망포지점)
JDQ4MTYyMiM1MSMkMiMkMCMkMDAkNDgxMzUxIzMxIyQyIyQ3IyQwMCQ0NjE0ODEjNTEjJDEjJDYjJDgz,휴아이안과의원,clinic,경기,수원영통구,"경기도 수원시 영통구 봉영로 1569, (영통동, 뉴월드프라자 303호)",031-273-1779,,37.2520638,127.0710165,1,19930805,1,"{""0"": [""0930"", ""1830""], ""1"": [""0930"", ""1830""], ""2"": [""0930"", ""1830""], ""3"": [""0930"", ""1830""], ""4"": [""0930"", ""1830""], ""5"": [""0930"", ""1400""]}",01시00~02시00,09시30분~06시 30분,롯데마트
JDQ4MTYyMiM1MSMkMiMkMCMkMDAkNDgxNzAyIzIxIyQxIyQxIyQxMyQ0NjE0ODEjODEjJDEjJDIjJDgz,명인안과의원,clinic,경기,수원장안구,"경기도 수원시 장안구 덕영대로535번길 38, 경기서적 4층 (천천동)",031-255-5601,,37.297172,126.9823273,1,20201221,1,,,,
JDQ4MTYyMiM1MSMkMiMkMCMkMDAkNDgxOTYxIzIxIyQxIyQxIyQwMyQyNjEyMjIjNDEjJDEjJDgjJDgz,서안과의원,clinic,경기,수원장안구,"경기도 수원시 장안구 정자천로 163, (정자동, 하나로빌딩)",031-269-6900,,37.294983,126.9941193,4,19970426,4,,,,
JDQ4MTYyMiM1MSMkMiMkMCMkMDAkMzgxNzAyIzUxIyQyIyQxIyQwMCQzNjEwMDIjNjEjJDEjJDgjJDgz,성대안과의원,clinic,경기,수원장안구,"경기도 수원시 장안구 서부로 2139, (율전동)",031-298-8275,,37.2994569,126.9716659,1,19991213,1,"{""0"": [""0930"", ""1800""], ""1"": [""0930"", ""1800""], ""2"": [""0930"", ""1800""], ""3"": [""0930"", ""1800""], ""4"": [""0930"", ""1800""], ""5"": [""0930"", ""1300""]}",13시00분-14시00분,09시30분- 17시40분,지하철 1호선 성균관대역 1번출구 북수원온천건물 6층 클리닉
JDU4MTI3MSM1MSMkMiMkMCMkMDAkMzgxMzUxIzMxIyQxIyQ3IyQ4MiQ0NjE0ODEjNjEjJDEjJDgjJDgz,아주프라임안과의원,clinic,경기,수원장안구,"경기도 수원시 장안구 수성로 253, 6층 (정자동, 정자메디컬센터)",031-8001-1001,,37.2897848,127.0001577,1,20110603,1,"{""0"": [""0930"", ""1830""], ""1"": [""0930"", ""1830""], ""2"": [""0930"", ""1830""], ""3"": [""0930"", ""1830""], ""4"": [""0930"", ""1830""], ""5"": [""0930"", ""1300""]}",13시00분~14시00분,9시30분~18시15분,
JDQ4MTYyMiM1MSMkMiMkMCMkMDAkNTgxOTYxIzExIyQxIyQ3IyQ5MiQyNjE0ODEjNTEjJDEjJDIjJDgz,연세안과의원,clinic,경기,수원장안구,"경기도 수원시 장안구 경수대로 940, (조원동)",031-303-1001,,37.3031483,127.0080449,1,20030424,1,"{""0"": [""0930"", ""1830""], ""1"": [""0930"", ""1830""], ""2"": [""0930"", ""1830""], ""3"": [""0930"", ""1830""], ""4"": [""0930"", ""1830""], ""5"": [""0930"", ""1300""]}",13시00분~14시00분,9시30분~18시15분,
JDQ4MTYyMiM1MSMkMiMkMCMkMDAkNTgxMzUxIzUxIyQxIyQxIyQ4OSQzNjE0ODEjNDEjJDEjJDgjJDgz,화인오세오안과의원,clinic,경기,수원장안구,"경기도 수원시 장안구 만석로19번길 25-3, (천천동)",031-245-5350,,37.2963231,126.9832893,1,20021202,1,,,,
JDU4MTI3MSM1MSMkMiMkMCMkMDAkMzgxOTYxIzQxIyQxIyQ3IyQwMyQyNjE0ODEjNzEjJDEjJDgjJDgz,YB안과의원,clinic,경기,수원팔달구,"경기도 수원시 팔달구 권광로 181, (인계동,4층)",031-224-1120,http://www.yblasik.com/,37.2637736,127.032195,1,20061023,1,"{""0"": [""1000"", ""1900""], ""1"": [""1000"", ""1900""], ""2"": [""1000"", ""1900""], ""3"": [""1000"", ""1900""], ""4"": [""1000"", ""1900""], ""5"": [""1000"", ""1400""]}",13:00~14:00,10:00,씨네파크(동수원CGV4층)
JDU4MTI3MSM1MSMkMiMkMCMkMDAkNTgxOTYxIzUxIyQxIyQxIyQ5OSQzNjE4MzIjNDEjJDEjJDgjJDgz,권진우성모안과의원,clinic,경기,수원팔달구,"경기도 수원시 팔달구 효원로 278, 313~321호 (인계동)",031-305-7272,,37.2611088,127.0324397,1,20241217,1,,,,
JDQ4MTYyMiM1MSMkMiMkMCMkMDAkNDgxMzUxIzMxIyQxIyQ3IyQ3MiQyNjEwMDIjNDEjJDEjJDgjJDgz,문안과의원,clinic,경기,수원팔달구,"경기도 수원시 팔달구 정조로 764, (팔달로3가)",031-251-1373,www.lasik4u.co.kr/,37.2761473,127.0169261,6,19960106,6,,,,
JDU4MTI3MSM1MSMkMiMkMCMkMDAkNTgxOTYxIzIxIyQxIyQxIyQ5OSQyNjEyMjIjNDEjJDEjJDgjJDgz,삼성굿아이안과의원,clinic,경기,수원팔달구,"경기도 수원시 팔달구 중부대로 44, 건우 까사미 타워 601~605호 (인계동)",031-548-2824,,37.2750165,127.0216897,2,20231124,2,,,,
JDU4MTI3MSM1MSMkMiMkNCMkMDAkMzgxMzUxIzIxIyQxIyQxIyQxMyQ0NjEwMDIjNjEjJDEjJDAjJDgz,선안과의원,clinic,경기,수원팔달구,"경기도 수원시 팔달구 효원로 279, 4층 (인계동)",031-547-9568,http://suneyeclinic.co.kr/,37.2619646,127.0327479,1,20260429,1,,,,
JDQ4MTYyMiM1MSMkMiMkMCMkMDAkNTgxOTYxIzMxIyQyIyQ3IyQwMCQzNjE0ODEjODEjJDEjJDIjJDgz,성모안과의원,clinic,경기,수원팔달구,"경기도 수원시 팔달구 권광로 195, (인계동)",031-226-0330,,37.2649434,127.0326736,1,20040119,1,"{""0"": [""0900"", ""1800""], ""1"": [""0900"", ""1800""], ""2"": [""0900"", ""1800""], ""3"": [""0900"", ""1800""], ""4"": [""0900"", ""1800""], ""5"": [""0900"", ""1300""]}",13시00분 ~ 14시00분,9시00분~17시50분,인계동 나혜석거리 맞은 편 국민은행건물 5층
JDQ4MTYyMiM1MSMkMiMkMCMkMDAkNTgxOTYxIzUxIyQxIyQxIyQ4MiQ0NjE0ODEjNjEjJDEjJDQjJDgz,수원김안과의원,clinic,경기,수원팔달구,"경기도 수원시 팔달구 정조로 774, 3~4층 (팔달로3가)",031-244-2255,,37.2770968,127.0170156,1,19820430,1,,,,
JDU4MTI3MSM1MSMkMiMkMCMkMDAkMzgxNzAyIzMxIyQxIyQzIyQ4OSQzNjEyMjIjNTEjJDEjJDYjJDgz,수원삼성안과의원,clinic,경기,수원팔달구,"경기도 수원시 팔달구 동말로 84, 화서프라자 403호 (화서동)",031-252-6660,,37.2786216,127.0032441,1,20110624,1,"{""0"": [""0900"", ""1800""], ""1"": [""0900"", ""1800""], ""2"": [""0900"", ""1900""], ""3"": [""1400"", ""1800""], ""4"": [""0900"", ""1800""], ""5"": [""0900"", ""1300""]}",12시30분 - 14시00분,,
JDQ4MTYyMiM1MSMkMiMkMCMkMDAkMzgxOTYxIzIxIyQxIyQ1IyQ5OSQ0NjE0ODEjNDEjJDEjJDgjJDgz,수원성모안과의원,clinic,경기,수원팔달구,"경기도 수원시 팔달구 덕영대로 923-10, (매산로1가)",031-256-0806,,37.265942,127.001693,1,19850126,1,,,,
JDQ4MTYyMiM1MSMkMiMkMCMkMDAkNTgxMzUxIzIxIyQyIyQ5IyQwMCQzNjEwMDIjODEjJDEjJDIjJDgz,수원이안과의원,clinic,경기,수원팔달구,"경기도 수원시 팔달구 정조로 806, (팔달로1가)",031-243-1100,http://www.119eye.com,37.2799929,127.0169726,8,20020522,8,"{""0"": [""0900"", ""1800""], ""1"": [""0900"", ""1800""], ""2"": [""0900"", ""1800""], ""3"": [""0900"", ""1800""], ""4"": [""0900"", ""1800""], ""5"": [""0900"", ""1300""]}",12시00분~14시00분-교대진료,09시00-18시00,
JDU4MTI3MSM1MSMkMiMkMCMkMDAkNDgxMzUxIzMxIyQxIyQ3IyQ3MiQyNjEyMjIjNDEjJDEjJDgjJDgz,에스안과의원,clinic,경기,수원팔달구,"경기도 수원시 팔달구 권광로 178, 센타빌딩 1동 301호 (인계동)",031-223-4343,,37.2633638,127.0331121,3,20140425,3,,,,
JDU4MTI3MSM1MSMkMiMkMCMkMDAkMzgxNzAyIzIxIyQxIyQxIyQ5MiQyNjEwMDIjNzEjJDEjJDgjJDgz,제일연세안과의원,clinic,경기,수원팔달구,"경기도 수원시 팔달구 정조로 775, (팔달로3가)",031-251-0001,http://www.jeileye.net,37.2771889,127.0161571,2,20001101,2,,,,
JDQ4MTYyMiM1MSMkMiMkMCMkMDAkNTgxMzUxIzUxIyQxIyQ1IyQwMyQzNjEyMjIjNjEjJDEjJDAjJDgz,화서밝은안과의원,clinic,경기,수원팔달구,"경기도 수원시 팔달구 동말로 71, (화서동)",031-254-2538,http://,37.2789559,127.0018816,1,20030224,1,"{""0"": [""0900"", ""1800""], ""1"": [""0900"", ""1800""], ""2"": [""0900"", ""1800""], ""3"": [""0900"", ""1800""], ""4"": [""0900"", ""1800""], ""5"": [""0900"", ""1300""]}",13시00분~14시00분,09시00분~18시00분,화서시장 맞은편 수협 옆건물
JDQ4MTYyMiM1MSMkMiMkMCMkMDAkNDgxMzUxIzExIyQyIyQ3IyQwMCQzNjE0ODEjODEjJDEjJDYjJDgz,다인안과의원,clinic,경기,시흥시,"경기도 시흥시 수인로 3372, (신천동)",031-314-4848,,37.4411346,126.784333,1,19941107,1,,,,
JDU4MTI3MSM1MSMkMiMkMCMkMDAkNTgxMzUxIzIxIyQxIyQxIyQ3MiQyNjEyMjIjODEjJDEjJDIjJDgz,미소아이안과,clinic,경기,시흥시,"경기도 시흥시 장현장곡로 2, 5층 (장곡동)",031-311-1006,,37.3788623,126.7892983,2,20220304,2,,,,
JDU4MTI3MSM1MSMkMiMkMCMkMDAkMzgxMTkxIzIxIyQxIyQxIyQ3MiQyNjEwMDIjNzEjJDEjJDgjJDgz,밝은아이안과의원,clinic,경기,시흥시,"경기도 시흥시 군자로 502, 2층 (거모동, 도원빌딩)",031-493-7582,,37.3452544,126.7845406,1,20080801,1,,,,
JDU4MTI3MSM1MSMkMiMkMCMkMDAkMzgxOTYxIzExIyQxIyQ3IyQ5MiQzNjE4MzIjODEjJDEjJDYjJDgz,밝은안과의원,clinic,경기,시흥시,"경기도 시흥시 대은로 79, 3층 (대야동, 남양타워)",031-312-8810,,37.4445909,126.797081,1,20060707,1,,,,
JDU4MTI3MSM1MSMkMiMkMCMkMDAkMzgxMTkxIzIxIyQxIyQxIyQ4OSQyNjE4MzIjNjEjJDEjJDAjJDgz,배곧서울안과의원,clinic,경기,시흥시,"경기도 시흥시 배곧3로 96, M-플러스 5층 504~505호 (정왕동)",031-8042-7555,,37.3698189,126.7300526,2,20180404,2,,,,
JDU4MTI3MSM1MSMkMiMkMCMkMDAkNTgxMzUxIzUxIyQxIyQ1IyQ4OSQyNjEyMjIjNTEjJDEjJDYjJDgz,삼성새봄안과의원,clinic,경기,시흥시,"경기도 시흥시 은계번영길 11, 은계프라자 502~504호 (은행동)",031-507-0990,,37.437419,126.8021924,1,20230328,1,,,,
JDU4MTI3MSM1MSMkMiMkMCMkMDAkNDgxMTkxIzUxIyQxIyQxIyQ4MiQzNjEwMDIjNzEjJDEjJDgjJDgz,시흥서울안과의원,clinic,경기,시흥시,"경기도 시흥시 수인로 3362, 태종빌딩 7층 (신천동)",031-507-1717,,37.440672,126.7854777,1,20190320,1,,,,
JDU4MTI3MSM1MSMkMiMkMCMkMDAkNDgxOTYxIzUxIyQxIyQ1IyQxMyQzNjE4MzIjNjEjJDEjJDgjJDgz,엠에스안과의원,clinic,경기,시흥시,"경기도 시흥시 목감우회로 51, 4층 406~407호 (목감동)",031-604-1001,,37.3822473,126.8619256,1,20170403,1,,,,
JDU4MTI3MSM1MSMkMiMkMCMkMDAkNTgxMzUxIzIxIyQxIyQxIyQ3MiQyNjEwMDIjNDEjJDEjJDQjJDgz,연세김안과의원,clinic,경기,시흥시,"경기도 시흥시 황고개로 528, 4층 401~403호 (장곡동)",031-503-2022,,37.3779651,126.7892438,1,20220307,1,,,,
JDQ4MTYyMiM1MSMkMiMkMCMkMDAkNDgxMTkxIzQxIyQyIyQ3IyQwMCQyNjEwMDIjNTEjJDEjJDYjJDgz,연세안과의원,clinic,경기,시흥시,"경기도 시흥시 수인로 3366, 301호 (신천동, 삼영아트빌)",031-315-3158,,37.4408913,126.7849548,1,20000224,1,,,,
JDU4MTI3MSM1MSMkMiMkMCMkMDAkMzgxOTYxIzMxIyQyIyQzIyQwMCQyNjEyMjIjNjEjJDEjJDAjJDgz,우리안과의원,clinic,경기,시흥시,"경기도 시흥시 정왕대로 220, 306호 (정왕동, 우리빌딩)",031-498-7856,,37.3455123,126.7376709,1,20020312,1,,,,
JDU4MTI3MSM1MSMkMiMkMCMkMDAkMzgxMzUxIzIxIyQxIyQ1IyQ5MiQyNjE0ODEjODEjJDEjJDYjJDgz,이상순안과의원,clinic,경기,시흥시,"경기도 시흥시 정왕대로 74, 에이동 201호 (정왕동, 트윈프라자)",031-434-0075,,37.3534336,126.7245748,1,20050318,1,,13:00-14:00,09:00-18:30,
JDQ4MTYyMiM1MSMkMiMkMCMkMDAkNDgxOTYxIzMxIyQxIyQzIyQ4OSQyNjE4MzIjNzEjJDEjJDgjJDgz,조안과의원,clinic,경기,시흥시,"경기도 시흥시 정왕대로 230, 307,306호 (정왕동, 제일프라자 )",031-433-7575,,37.3449671,126.7385084,1,19971015,1,"{""0"": [""0930"", ""1900""], ""1"": [""0930"", ""1900""], ""2"": [""0930"", ""1900""], ""3"": [""0930"", ""1900""], ""4"": [""0930"", ""1900""], ""5"": [""0930"", ""1300""]}",오후1시 - 2시,,
JDQ4MTYyMiM1MSMkMiMkMCMkMDAkMzgxMTkxIzUxIyQxIyQxIyQxMyQ0NjEwMDIjNzEjJDEjJDgjJDgz,김안과의원,clinic,경기,안산단원구,"경기도 안산시 단원구 선부광장1로 70, 304호 (선부동)",031-410-7744,,37.3359548,126.8119366,1,19910418,1,,,,
JDU4MTI3MSM1MSMkMiMkMCMkMDAkNDgxMzUxIzMxIyQxIyQzIyQ3OSQ0NjE0ODEjODEjJDEjJDIjJDgz,단원맑은안과의원,clinic,경기,안산단원구,"경기도 안산시 단원구 원포공원1로 20, 3층 304호 (초지동)",031-8040-5588,,37.3001935,126.8130166,1,20131231,1,,,,
JDU4MTI3MSM1MSMkMiMkMCMkMDAkMzgxNzAyIzExIyQxIyQzIyQ4OSQzNjEyMjIjNDEjJDEjJDgjJDgz,맑은안과의원,clinic,경기,안산단원구,"경기도 안산시 단원구 라성로 43, (원곡동,벽산상가 3층 311,312호)",031-486-4500,,37.3275731,126.8002963,2,20100429,2,"{""0"": [""0900"", ""1800""], ""1"": [""0900"", ""1800""], ""2"": [""0900"", ""1800""], ""3"": [""0900"", ""1800""], ""4"": [""0900"", ""1800""], ""5"": [""0900"", ""1300""]}",13시 00분 ~ 14시 00분,09시 00분 ~ 18시 20분,"라성호텔, 원곡동 벽산 아파트"
JDQ4MTYyMiM1MSMkMiMkMCMkMDAkNDgxMTkxIzExIyQxIyQzIyQxMyQyNjE0ODEjNjEjJDEjJDAjJDgz,서울김안과의원,clinic,경기,안산단원구,"경기도 안산시 단원구 광덕1로 55, 303,304호 (초지동, 21세기타워)",031-483-7581,,37.3088226,126.8158235,1,20021207,1,"{""0"": [""0900"", ""1800""], ""1"": [""0900"", ""1800""], ""2"": [""0900"", ""1800""], ""3"": [""0900"", ""1800""], ""4"": [""0900"", ""1800""], ""5"": [""0900"", ""1300""]}",13시00분~14시00분,09시00분~17시30분,
JDQ4MTYyMiM1MSMkMiMkMCMkMDAkNTgxMzUxIzExIyQxIyQ3IyQ4MiQzNjE4MzIjNzEjJDEjJDgjJDgz,서울안과의원,clinic,경기,안산단원구,"경기도 안산시 단원구 광덕대로 174, B동 407,505호 (고잔동, 월드타운)",031-507-0234,http://www.eyeslove.co.kr,37.3119296,126.8310371,2,20020226,2,"{""0"": [""1000"", ""2000""], ""1"": [""1000"", ""1830""], ""2"": [""1000"", ""1830""], ""3"": [""1000"", ""2000""], ""4"": [""1000"", ""1830""], ""5"": [""1000"", ""1400""]}",13:00~14:00,10시00분,고잔신도시 홈플러스 건너편 월드타운 B동 5층
JDU4MTI3MSM1MSMkMiMkMCMkMDAkNDgxMzUxIzUxIyQxIyQ1IyQ5OSQzNjE4MzIjNDEjJDEjJDQjJDgz,성모안과의원,clinic,경기,안산단원구,"경기도 안산시 단원구 선부광장1로 56, 404호 (선부동, 일성빌딩)",031-403-9111,,37.336609,126.810717,1,20150122,1,,,,
JDU4MTI3MSM1MSMkMiMkMCMkMDAkMzgxNzAyIzQxIyQxIyQ3IyQxMyQzNjE4MzIjNTEjJDEjJDIjJDgz,안산연세안과의원,clinic,경기,안산단원구,"경기도 안산시 단원구 고잔2길 59, (고잔동, 신세기빌딩 501호, 502호)",031-487-9077,http://www.ansaneye.co.kr,37.3177557,126.8377051,2,20120227,2,"{""0"": [""0930"", ""1830""], ""1"": [""0930"", ""2000""], ""2"": [""0930"", ""1830""], ""3"": [""0930"", ""1830""], ""4"": [""0930"", ""2000""], ""5"": [""0930"", ""1400""]}",13시00분~14시00분,"09시30분 ~  18시(화,금요일은 19시30분까지 접수가능)",중앙동 기업은행 건물 5층
JDU4MTI3MSM1MSMkMiMkMCMkMDAkMzgxMzUxIzIxIyQxIyQ5IyQ5MiQzNjE4MzIjNTEjJDEjJDIjJDgz,에스안과의원,clinic,경기,안산단원구,"경기도 안산시 단원구 고잔로 76, 영풍빌딩 401,403,403-1,404,406,407,411호 (고잔동)",031-413-8555,http://www.s-eye.kr,37.3189133,126.8348265,11,20050425,11,"{""0"": [""0930"", ""1830""], ""1"": [""0930"", ""1830""], ""2"": [""0930"", ""1830""], ""3"": [""0930"", ""1830""], ""4"": [""0930"", ""2000""], ""5"": [""0900"", ""1400""]}",13시~14시,"월/화/수/목 09시 30분~18시 30분, 금 09시30분~20시",
JDQ4MTYyMiM1MSMkMiMkMCMkMDAkNDgxOTYxIzIxIyQxIyQxIyQ4MiQ0NjEwMDIjNTEjJDEjJDYjJDgz,중앙성모안과의원,clinic,경기,안산단원구,"경기도 안산시 단원구 중앙대로 915, 5층 13,14호 (고잔동, 월드코아)",031-484-5114,http://www.jungangsteye.co.kr,37.3172034,126.8382673,1,19970408,1,,,,
JDQ4MTYyMiM1MSMkMiMkMCMkMDAkNTgxMzUxIzExIyQxIyQ3IyQxMyQzNjE4MzIjODEjJDEjJDYjJDgz,최원호안과의원,clinic,경기,안산단원구,"경기도 안산시 단원구 선부광장1로 62, 302호 (선부동, 동원상가)",031-439-7557,,37.3362965,126.8112973,1,20020311,1,,,,
JDQ4MTYyMiM1MSMkMiMkMCMkMDAkNDgxOTYxIzUxIyQyIyQ1IyQwMCQ0NjE0ODEjODEjJDEjJDIjJDgz,한빛안과의원,clinic,경기,안산단원구,"경기도 안산시 단원구 예술대학로 9, 503호 (고잔동, 보배프라자)",031-414-0204,http://www.hanbiteye.com/,37.317842,126.8365048,1,19990716,1,,,,
JDQ4MTYyMiM1MSMkMiMkMCMkMDAkNDgxMzUxIzQxIyQxIyQ3IyQwMyQzNjEwMDIjNDEjJDEjJDgjJDgz,김경천안과의원,clinic,경기,안산상록구,"경기도 안산시 상록구 예술광장1로 126, 경동프라자 206호 (성포동)",031-484-4665,,37.3269339,126.8441549,1,19960327,1,"{""0"": [""0930"", ""1830""], ""1"": [""0930"", ""1830""], ""2"": [""0930"", ""1830""], ""3"": [""0930"", ""1830""], ""4"": [""0930"", ""1830""], ""5"": [""0930"", ""1300""]}",13시~14시,09시30분~18시30분,경동프라자
JDQ4MTYyMiM1MSMkMiMkMCMkMDAkMzgxNzAyIzIxIyQxIyQ5IyQ3MiQzNjE4MzIjNDEjJDEjJDgjJDgz,김명한안과의원,clinic,경기,안산상록구,"경기도 안산시 상록구 용신로 394, 501호 (본오동)",031-408-5512,,37.3013879,126.8658778,1,20140312,1,,,,
JDQ4MTYyMiM1MSMkMiMkMCMkMDAkNDgxOTYxIzIxIyQxIyQxIyQwMyQyNjE0ODEjNjEjJDEjJDAjJDgz,밝은성모안과의원,clinic,경기,안산상록구,"경기도 안산시 상록구 샘골로 148, 2층 (본오동, 한미빌딩)",031-419-6005,,37.2969861,126.8633702,1,20020228,1,,,,
JDQ4MTYyMiM1MSMkMiMkMCMkMDAkNDgxMzUxIzIxIyQxIyQ5IyQ4OSQyNjEwMDIjODEjJDEjJDYjJDgz,성모안과의원,clinic,경기,안산상록구,"경기도 안산시 상록구 본삼로 51, 201호 (본오동, 리치스빌딩)",031-418-6001,,37.3010808,126.8658843,1,19950511,1,,,,
JDU4MTI3MSM1MSMkMiMkMCMkMDAkNDgxMzUxIzMxIyQxIyQzIyQwMyQzNjEwMDIjNDEjJDEjJDgjJDgz,안산드림김안과의원,clinic,경기,안산상록구,"경기도 안산시 상록구 상록수로 54, 대동빌딩 2층 201호 (본오동)",408-0897,,37.3022041,126.8659185,1,20140304,1,,,,
JDQ4MTYyMiM1MSMkMiMkMCMkMDAkNTgxOTYxIzIxIyQyIyQxIyQwMCQzNjEwMDIjNDEjJDEjJDgjJDgz,중앙안과의원,clinic,경기,안산상록구,"경기도 안산시 상록구 화랑로 513, 3층 1,2,25~27호 (성포동, 스타프라자)",031-486-0123,http://www.ansaneye.com,37.3208543,126.8446288,2,20030501,2,"{""0"": [""0900"", ""1800""], ""1"": [""0900"", ""1800""], ""2"": [""0900"", ""1800""], ""3"": [""0900"", ""1800""], ""4"": [""0900"", ""1800""], ""5"": [""0900"", ""1300""]}",13:00-14:00,09:00-18:00,스타프라자
JDQ4MTYyMiM1MSMkMiMkMCMkMDAkNTgxMzUxIzQxIyQxIyQ3IyQwMyQyNjEwMDIjNDEjJDEjJDgjJDgz,강남성모안과의원,clinic,경기,안성시,"경기도 안성시 중앙로 370, 2층 (석정동, 하평플리스)",031-671-1505,,37.0076411,127.2678542,1,20021031,1,,,,
JDQ4MTYyMiM1MSMkMiMkMCMkMDAkMzgxNzAyIzExIyQxIyQ3IyQxMyQzNjEyMjIjNTEjJDEjJDYjJDgz,눈사랑안과의원,clinic,경기,안성시,"경기도 안성시 공도읍 공도4로 3, 306호",031-618-6477,,37.0004876,127.1720768,1,20170419,1,,,,
JDU4MTI3MSM1MSMkMiMkMCMkMDAkMzgxMzUxIzMxIyQxIyQzIyQ4OSQ0NjEwMDIjNDEjJDEjJDgjJDgz,삼성서울안과의원,clinic,경기,안성시,"경기도 안성시 중앙로 374, 메디스퀘어 1동 2층 201호 (서인동)",677-1119,,37.0075246,127.2683648,1,20050524,1,"{""0"": [""0900"", ""1740""], ""1"": [""0900"", ""1740""], ""2"": [""0900"", ""1740""], ""3"": [""0900"", ""1740""], ""4"": [""0900"", ""1740""], ""5"": [""0900"", ""1330""]}",13시 00분 ~ 14시 00분,09시 00분~17시 40분,서인동 구터미널 옆 메디스퀘어 2층
JDU4MTI3MSM1MSMkMiMkMCMkMDAkNDgxOTYxIzExIyQxIyQ3IyQ2MiQzNjE0ODEjNjEjJDEjJDAjJDgz,안성밝은안과의원,clinic,경기,안성시,"경기도 안성시 중앙로 376, (서인동)",031-675-0975,,37.0075707,127.2686397,3,20150713,3,"{""0"": [""0830"", ""1700""], ""1"": [""0830"", ""1700""], ""2"": [""0830"", ""1700""], ""3"": [""0830"", ""1700""], ""4"": [""0830"", ""1700""], ""5"": [""0830"", ""1220""]}",오후1:00~2:00,오전8시40분~오후5시00분,
JDU4MTI3MSM1MSMkMiMkMCMkMDAkNDgxMzUxIzIxIyQxIyQ5IyQ5OSQzNjEyMjIjNDEjJDEjJDQjJDgz,글로벌안과의원,clinic,경기,안양동안구,"경기도 안양시 동안구 관악대로 480, 201~203호 (관양동, 우정타운)",031-426-1004,,37.402471,126.9753927,1,20131007,1,,,,
JDQ4MTYyMiM1MSMkMiMkMCMkMDAkMzgxNzAyIzMxIyQyIyQzIyQwMCQyNjE4MzIjNDEjJDEjJDgjJDgz,노원석안과의원,clinic,경기,안양동안구,"경기도 안양시 동안구 동안로 120, 304호 (호계동, 올림픽스포츠센터)",031-382-6632,,37.3895612,126.9522483,2,19930316,2,,,,
JDU4MTI3MSM1MSMkMiMkNCMkMDAkMzgxMzUxIzExIyQxIyQzIyQxMyQzNjE0ODEjNDEjJDEjJDgjJDgz,더밝은안과의원,clinic,경기,안양동안구,"경기도 안양시 동안구 경수대로 428, 덕유파크 404, 405, 406호 (호계동)",031-346-5800,,37.3622378,126.9625171,1,20200414,1,,,,
JDQ4MTYyMiM1MSMkMiMkMCMkMDAkNDgxMTkxIzExIyQxIyQ3IyQ4OSQ0NjE0ODEjODEjJDEjJDIjJDgz,명인안과의원,clinic,경기,안양동안구,"경기도 안양시 동안구 흥안대로 516, 멤피스타워 702, 703, 704호 (관양동)",031-424-8040,,37.4000596,126.9774181,2,20051207,2,,,,
JDU4MTI3MSM1MSMkMiMkMCMkMDAkNDgxMTkxIzMxIyQxIyQ3IyQ3OSQzNjEwMDIjNDEjJDEjJDgjJDgz,삼성밝은안과의원,clinic,경기,안양동안구,"경기도 안양시 동안구 시민대로 311, 금강스마트빌딩 3층 301,302호 (관양동)",031-426-3030,,37.3960855,126.9646697,2,20180828,1,,,,
JDU4MTI3MSM1MSMkMiMkMCMkMDAkNDgxMTkxIzIxIyQxIyQ1IyQ4OSQyNjEwMDIjNjEjJDEjJDgjJDgz,서울밝은안과의원,clinic,경기,안양동안구,"경기도 안양시 동안구 관평로 317, 302호 (관양동, 한림메디빌딩)",031-384-5633,,37.404835,126.9572462,1,19960206,1,,,,
JDU4MTI3MSM1MSMkMiMkNCMkMDAkMzgxMzUxIzExIyQxIyQzIyQxMyQzNjEyMjIjNzEjJDEjJDgjJDgz,서울수안과의원,clinic,경기,안양동안구,"경기도 안양시 동안구 시민대로 138, 5~7층 (호계동)",031-477-7007,,37.3884402,126.9477962,4,20250804,4,,,,
JDQ4MTYyMiM1MSMkMiMkMCMkMDAkMzgxNzAyIzUxIyQxIyQ1IyQ4OSQyNjE0ODEjNzEjJDEjJDgjJDgz,서울안과의원,clinic,경기,안양동안구,"경기도 안양시 동안구 흥안대로 378, 서울안과빌딩 2~7층 (평촌동)",031-452-1001,http://www.seouleyecenter.co.kr/,37.3881674,126.9733984,8,19940310,8,,,,
JDU4MTI3MSM1MSMkMiMkNCMkMDAkMzgxMzUxIzExIyQxIyQzIyQ3MiQyNjEyMjIjNjEjJDEjJDQjJDgz,성모봄안과의원,clinic,경기,안양동안구,"경기도 안양시 동안구 시민대로 214, 다운타운빌딩 405호 (호계동)",031-360-7535,,37.3919267,126.9547959,1,20250609,1,,,,
JDQ4MTYyMiM1MSMkMiMkMCMkMDAkNDgxOTYxIzQxIyQxIyQ3IyQ5MiQ0NjEwMDIjNTEjJDEjJDIjJDgz,연세이택안과의원,clinic,경기,안양동안구,"경기도 안양시 동안구 관악대로 103, 609호 (비산동)",031-466-1183,,37.3991502,126.9354443,1,20020527,1,,,,
JDU4MTI3MSM1MSMkMiMkMCMkMDAkMzgxMzUxIzMxIyQxIyQzIyQxMyQzNjE4MzIjNTEjJDEjJDYjJDgz,이안과의원,clinic,경기,안양동안구,"경기도 안양시 동안구 경수대로 536, 401호 (호계동, 정암빌딩)",031-452-0858,,37.3706812,126.9583218,1,19990809,1,"{""0"": [""0930"", ""1800""], ""1"": [""0930"", ""1800""], ""2"": [""0930"", ""1800""], ""4"": [""0930"", ""1800""], ""5"": [""0930"", ""1300""]}",13시00분-14시00분,,점안빌딩 4층
JDQ4MTYyMiM1MSMkMiMkMCMkMDAkNDgxMzUxIzIxIyQxIyQ1IyQ3OSQ0NjE0ODEjNTEjJDEjJDIjJDgz,태안과의원,clinic,경기,안양동안구,"경기도 안양시 동안구 평촌대로223번길 64, 제일빌딩 304,305,310,403,404,407,501,50호 (호계동)",031-384-7878,http://www.taeeye.co.kr,37.390518,126.9522651,4,19950228,4,,,,
JDQ4MTYyMiM1MSMkMiMkMCMkMDAkNDgxOTYxIzMxIyQxIyQ3IyQ3OSQyNjE0ODEjNDEjJDEjJDgjJDgz,평촌서울안과의원,clinic,경기,안양동안구,"경기도 안양시 동안구 시민대로 175, 312호 (비산동, 동안프라자빌딩)",031-387-7582,http://www.eyeseoul.co.kr,37.3913538,126.9504303,1,19980107,1,"{""0"": [""0930"", ""1800""], ""1"": [""0930"", ""1800""], ""2"": [""0930"", ""1800""], ""3"": [""0900"", ""1200""], ""4"": [""0930"", ""1800""], ""5"": [""0900"", ""1200""]}",12시 50분 14시 00분,,평촌롯데백화점 사거리 동안프라자 3층 312호
JDU4MTI3MSM1MSMkMiMkMCMkMDAkMzgxMTkxIzIxIyQxIyQxIyQwMyQzNjEyMjIjNDEjJDEjJDQjJDgz,화인안과의원,clinic,경기,안양동안구,"경기도 안양시 동안구 흥안대로 458, 402호 (평촌동, 평촌메가타운)",031-421-1621,,37.3948992,126.9761157,1,20080827,1,"{""0"": [""0930"", ""1830""], ""1"": [""0930"", ""1830""], ""2"": [""0930"", ""1830""], ""3"": [""0930"", ""1830""], ""4"": [""0930"", ""1830""], ""5"": [""0930"", ""1430""]}",13시00분 ~ 14시00분,,
JDU4MTI3MSM1MSMkMiMkMCMkMDAkMzgxMzUxIzMxIyQxIyQzIyQ4MiQ0NjE0ODEjNDEjJDEjJDQjJDgz,밝은성모안과의원,clinic,경기,안양만안구,"경기도 안양시 만안구 안양로 297, 5층 (안양동)",031-442-1331,http://www.okLASIK.com,37.3985851,126.9210494,1,20050620,1,,,,
JDU4MTI3MSM1MSMkMiMkNCMkMDAkMzgxMzUxIzIxIyQxIyQxIyQ4MiQyNjE0ODEjODEjJDEjJDYjJDgz,밝음나눔안과의원,clinic,경기,안양만안구,"경기도 안양시 만안구 안양로 307, 금상타워 7층, 8층 (안양동)",031-360-7542,,37.3992584,126.9205609,1,20221031,1,,,,
JDQ4MTYyMiM1MSMkMiMkMCMkMDAkNTgxOTYxIzIxIyQxIyQxIyQ4MiQzNjEyMjIjNDEjJDEjJDgjJDgz,안양성모안과의원,clinic,경기,안양만안구,"경기도 안양시 만안구 안양로 336, 402호 (안양동, 금강빌딩)",031-448-8345,,37.4018732,126.9193527,1,19900226,1,,,,
JDU4MTI3MSM1MSMkMiMkMCMkMDAkNTgxMzUxIzMxIyQxIyQzIyQ3MiQzNjEyMjIjNDEjJDEjJDQjJDgz,안양이안과의원,clinic,경기,안양만안구,"경기도 안양시 만안구 안양로 298, (안양동)",031-449-4943,,37.3989687,126.9216529,5,19720226,4,"{""0"": [""0930"", ""1800""], ""1"": [""0930"", ""1800""], ""2"": [""0930"", ""1800""], ""3"": [""0930"", ""1800""], ""4"": [""0930"", ""1800""], ""5"": [""0930"", ""1400""]}",13시~14시,09시,
JDU4MTI3MSM1MSMkMiMkMCMkMDAkNTgxOTYxIzIxIyQxIyQ5IyQxMyQyNjEyMjIjNjEjJDEjJDQjJDgz,눈편한성모안과의원,clinic,경기,양주시,"경기도 양주시 덕계로4길 4, 4층 405~410호 (덕계동)",031-868-8200,,37.8176787,127.0570335,1,20240516,1,,,,
JDU4MTI3MSM1MSMkMiMkMCMkMDAkNDgxMTkxIzMxIyQxIyQ3IyQ3MiQyNjE0ODEjNjEjJDEjJDgjJDgz,다봄안과의원,clinic,경기,양주시,"경기도 양주시 옥정로 218, 신운정튼튼프라자 403호 (옥정동)",031-868-7585,,37.8210331,127.0921467,3,20180926,3,,,,
JDU4MTI3MSM1MSMkMiMkMCMkMDAkNDgxMTkxIzUxIyQxIyQxIyQxMyQyNjEyMjIjNjEjJDEjJDAjJDgz,로뎀성모안과의원,clinic,경기,양주시,"경기도 양주시 회천남로 76, 한덕타워 301,402호 (옥정동)",031-858-8000,,37.818553,127.0940531,1,20190402,1,,,,
JDQ4MTYyMiM1MSMkMiMkMCMkMDAkNTgxMzUxIzExIyQxIyQ3IyQ5MiQyNjEwMDIjNjEjJDEjJDQjJDgz,서울안과의원,clinic,경기,양주시,"경기도 양주시 평화로 1420, (덕계동)",031-865-4001,,37.8177149,127.0462845,1,20020308,1,"{""0"": [""0930"", ""1750""], ""1"": [""0930"", ""1700""], ""2"": [""0930"", ""1700""], ""3"": [""0930"", ""1700""], ""4"": [""0930"", ""1750""], ""5"": [""0830"", ""1200""]}",12시00분~2시00분 (수술시간포함),,덕계동 리치마트
JDU4MTI3MSM1MSMkMiMkMCMkMDAkMzgxOTYxIzUxIyQxIyQ1IyQ5OSQyNjE4MzIjNDEjJDEjJDgjJDgz,성모안과의원,clinic,경기,양주시,"경기도 양주시 회정로 120, (덕정동)",031-861-7582,,37.8372483,127.0665151,1,20080103,1,,,,
JDU4MTI3MSM1MSMkMiMkMCMkMDAkMzgxMTkxIzUxIyQxIyQxIyQ3OSQ0NjE0ODEjNjEjJDEjJDgjJDgz,우리안과의원,clinic,경기,양주시,"경기도 양주시 고읍남로 1, (광사동, 힘찬프라자 502호)",031-841-0015,,37.7956411,127.0810221,1,20091216,1,,,,
JDU4MTI3MSM1MSMkMiMkMCMkMDAkNDgxOTYxIzUxIyQyIyQ1IyQwMCQyNjEwMDIjNTEjJDEjJDYjJDgz,밝은안과의원,clinic,경기,양평군,"경기도 양평군 용문면 용문로 380, 2층",772-8889,,37.4856549,127.5953935,1,20170224,1,"{""0"": [""0830"", ""1800""], ""1"": [""0830"", ""1800""], ""2"": [""0830"", ""1300""], ""3"": [""0830"", ""1800""], ""4"": [""0830"", ""1800""], ""5"": [""0830"", ""1300""]}",13:00~14:00,08:30~18:00,
JDU4MTI3MSM1MSMkMiMkMCMkMDAkMzgxMzUxIzUxIyQyIyQ1IyQwMCQyNjEwMDIjNjEjJDEjJDgjJDgz,양평제일안과의원,clinic,경기,양평군,"경기도 양평군 양평읍 시민로 31, 나동 102호",031-771-4275,,37.4904286,127.495076,1,20060310,1,,,,
JDU4MTI3MSM1MSMkMiMkMCMkMDAkNDgxMzUxIzMxIyQxIyQ3IyQ4MiQyNjE4MzIjNzEjJDEjJDgjJDgz,좋은눈안과의원,clinic,경기,양평군,"경기도 양평군 양평읍 시민로 34, (양평읍)",,,37.4900902,127.4954708,2,20140422,2,,,,
JDU4MTI3MSM1MSMkMiMkMCMkMDAkNDgxMTkxIzQxIyQxIyQ3IyQ5MiQ0NjEwMDIjNDEjJDEjJDgjJDgz,최안과의원,clinic,경기,양평군,"경기도 양평군 양평읍 시민로 36, 2층",031-771-6495,,37.4900627,127.4957684,1,20190207,1,,,,
JDQ4MTYyMiM1MSMkMiMkMCMkMDAkNTgxMzUxIzMxIyQxIyQ3IyQ4MiQzNjE4MzIjODEjJDEjJDYjJDgz,여주안과의원,clinic,경기,여주시,"경기도 여주시 세종로 23, (홍문동)",031-885-7200,,37.2957335,127.6369287,1,20020917,1,,12:50 ~2:00,,
JDQ4MTYyMiM1MSMkMiMkMCMkMDAkMzgxNzAyIzExIyQxIyQ3IyQ4OSQ0NjE0ODEjNDEjJDEjJDgjJDgz,함안과의원,clinic,경기,여주시,"경기도 여주시 여흥로109번길 15, 7층 (창동)",031-884-7577,,37.2970355,127.6358928,1,19931105,1,"{""0"": [""0900"", ""1800""], ""1"": [""0900"", ""1230""], ""2"": [""0900"", ""1800""], ""3"": [""0900"", ""1230""], ""4"": [""0900"", ""1800""], ""5"": [""0900"", ""1300""]}","13시~14시(화,목 오전진료)","08시50분~17시50분(화,목 오전진료)",여주시청
JDU4MTI3MSM1MSMkMiMkMCMkMDAkNDgxMTkxIzMxIyQxIyQzIyQ2MiQyNjEwMDIjNDEjJDEjJDgjJDgz,조은안과의원,clinic,경기,연천군,"경기도 연천군 전곡읍 전곡로 175, 동아빌딩",031-833-7582,,38.0276237,127.0672083,2,20180702,2,,,,
JDU4MTI3MSM1MSMkMiMkMCMkMDAkNTgxMzUxIzIxIyQxIyQ1IyQwMyQyNjE0ODEjNDEjJDEjJDQjJDgz,밝은안과의원,clinic,경기,오산시,"경기도 오산시 대원로 8, 2,3층 (원동)",378-4100,,37.1462949,127.0691658,3,20040521,3,,,,
JDU4MTI3MSM1MSMkMiMkMCMkMDAkNDgxMzUxIzMxIyQxIyQzIyQ4OSQyNjE4MzIjNjEjJDEjJDAjJDgz,새롬안과의원,clinic,경기,오산시,"경기도 오산시 수청로 199, 302호 (금암동, 정원프라자)",031-373-6646,,37.1764456,127.0448233,1,20131231,1,,,,
JDU4MTI3MSM1MSMkMiMkNCMkMDAkMzgxMzUxIzIxIyQxIyQxIyQ4MiQyNjEwMDIjNzEjJDEjJDgjJDgz,세교바른안과의원,clinic,경기,오산시,"경기도 오산시 죽담1로 29, 3층 301~302호 (궐동)",031-8055-8409,,37.1603755,127.0522044,1,20260330,1,,,,
JDU4MTI3MSM1MSMkMiMkMCMkMDAkMzgxOTYxIzMxIyQyIyQ3IyQwMCQzNjEwMDIjNjEjJDEjJDQjJDgz,연세드림안과의원,clinic,경기,오산시,"경기도 오산시 경기대로 155, 402호 (원동, 신한프라자 에이)",031-378-7540,http://dreye.co.kr,37.1386476,127.0731132,1,20070427,1,,PM13:00~14:00,AM9:00~14:00,
JDQ4MTYyMiM1MSMkMiMkMCMkMDAkNTgxOTYxIzIxIyQxIyQ5IyQ5MiQzNjEyMjIjNDEjJDEjJDgjJDgz,연세안과의원,clinic,경기,오산시,"경기도 오산시 오산로 209, 1층 102호 (오산동)",378-9111,,37.1454049,127.0681826,1,20031007,1,,,,
JDU4MTI3MSM1MSMkMiMkMCMkMDAkNDgxNzAyIzQxIyQxIyQ3IyQ5OSQyNjEyMjIjNTEjJDEjJDIjJDgz,오산현안과 의원,clinic,경기,오산시,"경기도 오산시 오산로 241-1, (오산동)",031-374-0493,,37.1485324,127.0683061,1,19930707,1,,,,
JDQ4MTYyMiM1MSMkMiMkMCMkMDAkNTgxOTYxIzMxIyQxIyQzIyQwMyQzNjEwMDIjNjEjJDEjJDgjJDgz,구갈서울안과의원,clinic,경기,용인기흥구,"경기도 용인시 기흥구 구갈로 70, (구갈동)",031-287-3369,http://www.coollasik.com/index.asp,37.2805527,127.111688,1,20040102,1,,,,
JDU4MTI3MSM1MSMkMiMkMCMkMDAkMzgxOTYxIzMxIyQxIyQ3IyQ3OSQzNjEwMDIjNTEjJDEjJDYjJDgz,굿모닝안과의원,clinic,경기,용인기흥구,"경기도 용인시 기흥구 동백중앙로 273, 동백 훼미리프라자Ⅱ 503호 (중동)",031-287-0080,,37.2770114,127.1534587,1,20070425,1,,,,
JDU4MTI3MSM1MSMkMiMkMCMkMDAkNDgxNzAyIzExIyQyIyQ3IyQwMCQzNjE0ODEjODEjJDEjJDIjJDgz,다봄안과의원,clinic,경기,용인기흥구,"경기도 용인시 기흥구 구성로 88, 국민은행 203(일부),204호 (언남동)",031-308-1100,,37.2941687,127.1189735,1,20190904,1,,,,
JDU4MTI3MSM1MSMkMiMkMCMkMDAkMzgxOTYxIzMxIyQyIyQzIyQwMCQzNjEyMjIjNzEjJDEjJDgjJDgz,밝은연세안과의원,clinic,경기,용인기흥구,"경기도 용인시 기흥구 동백중앙로 265, 404호 (중동, 더엠)",031-8005-7001,,37.2763622,127.1526482,1,20070321,1,,,,
JDU4MTI3MSM1MSMkMiMkMCMkMDAkMzgxMTkxIzExIyQxIyQzIyQ5OSQzNjEwMDIjNjEjJDEjJDQjJDgz,보라성심안과의원,clinic,경기,용인기흥구,"경기도 용인시 기흥구 한보라1로 5, 305,306호 (보라동, 보라메가타운)",031-8005-9600,,37.2543115,127.1099081,1,20080304,1,,,,
JDU4MTI3MSM1MSMkMiMkMCMkMDAkNDgxNzAyIzIxIyQxIyQxIyQ4MiQ0NjEwMDIjNzEjJDEjJDgjJDgz,연세김안과의원,clinic,경기,용인기흥구,"경기도 용인시 기흥구 흥덕중앙로 59, 3층 307.308호 (영덕동, 용인흥덕노블레스흥덕노블레스)",031-215-1019,,37.2764914,127.0737226,1,20170323,1,,,,
JDQ4MTYyMiM1MSMkMiMkMCMkMDAkNTgxMzUxIzUxIyQxIyQxIyQ2MiQzNjEyMjIjODEjJDEjJDYjJDgz,연세프라임안과의원,clinic,경기,용인기흥구,"경기도 용인시 기흥구 죽전로 29, (보정동, 포레스트프라자)",031-897-1113,,37.3207465,127.1120832,1,20060822,1,,,,
JDU4MTI3MSM1MSMkMiMkMCMkMDAkMzgxMzUxIzIxIyQxIyQxIyQxMyQyNjEwMDIjNjEjJDEjJDQjJDgz,주신환안과의원,clinic,경기,용인기흥구,"경기도 용인시 기흥구 용구대로 2398, 404호 (마북동, 연원마을벽산아파트)",031-285-0008,,37.3003072,127.1072867,1,20030901,1,"{""0"": [""0930"", ""1800""], ""1"": [""0930"", ""1800""], ""2"": [""0930"", ""1800""], ""3"": [""0930"", ""1300""], ""4"": [""0930"", ""1800""], ""5"": [""0930"", ""1300""]}",13시00분~14시00분,09시30분~17시45분,구성역
JDU4MTI3MSM1MSMkMiMkMCMkMDAkMzgxOTYxIzMxIyQxIyQzIyQ3MiQ0NjEwMDIjNjEjJDEjJDgjJDgz,해피아이안과의원,clinic,경기,용인기흥구,"경기도 용인시 기흥구 신갈로 52, 901호 (신갈동, 외환은행)",031-281-5757,www.happy-eye.co.kr/,37.271284,127.1059365,1,20070323,1,,,,
JDU4MTI3MSM1MSMkMiMkMCMkMDAkMzgxMTkxIzQxIyQxIyQ3IyQ4MiQzNjE0ODEjNDEjJDEjJDgjJDgz,현탑안과의원,clinic,경기,용인기흥구,"경기도 용인시 기흥구 죽전로 2, (보정동, 현타워)",031-272-2580,,37.3202104,127.1089962,1,20091105,1,"{""0"": [""0930"", ""1800""], ""1"": [""0930"", ""1800""], ""2"": [""0930"", ""1800""], ""3"": [""0930"", ""1800""], ""4"": [""0930"", ""1800""], ""5"": [""0930"", ""1200""]}",12시30분~14시30분,,보정동 주민센터
JDU4MTI3MSM1MSMkMiMkMCMkMDAkNDgxMTkxIzIxIyQxIyQxIyQxMyQyNjE4MzIjNjEjJDEjJDAjJDgz,JK서울안과의원,clinic,경기,용인수지구,"경기도 용인시 수지구 광교중앙로 304, 301, 302호 (상현동, 미주프라자)",031-216-0050,,37.2971016,127.0695933,1,20160706,1,,,,
JDU4MTI3MSM1MSMkMiMkNCMkMDAkMzgxMzUxIzExIyQxIyQzIyQ4OSQyNjEyMjIjNjEjJDEjJDgjJDgz,나무안과의원,clinic,경기,용인수지구,"경기도 용인시 수지구 풍덕천로 122, 하나로프라자 401호 (풍덕천동)",031-266-0202,,37.3225277,127.0955578,1,20250422,1,,,,
JDU4MTI3MSM1MSMkMiMkMCMkMDAkMzgxMTkxIzIxIyQxIyQ1IyQ2MiQzNjE4MzIjNjEjJDEjJDQjJDgz,눈사랑안과의원,clinic,경기,용인수지구,"경기도 용인시 수지구 성복2로 38, 성복역 롯데캐슬 골드타운 201동 5층 517-1호 (성복동)",031-526-1002,,37.3128099,127.081613,3,20130304,3,,,,
JDU4MTI3MSM1MSMkMiMkMCMkMDAkNDgxNzAyIzUxIyQxIyQ1IyQxMyQzNjE4MzIjNzEjJDEjJDgjJDgz,밝은누리안과의원,clinic,경기,용인수지구,"경기도 용인시 수지구 문정로 13, 4층 405,406호 (풍덕천동, 중수프라자)",031-276-9104,,37.3219801,127.0960557,2,20080225,2,,,,
JDU4MTI3MSM1MSMkMiMkMCMkMDAkNDgxMTkxIzIxIyQxIyQ5IyQ3MiQ0NjE0ODEjODEjJDEjJDYjJDgz,비전안과의원,clinic,경기,용인수지구,"경기도 용인시 수지구 수지로 124, 성복스퀘어/근린생활시설 309호~313호 (성복동)",031-548-1614,,37.3126846,127.0797429,1,20000321,1,"{""1"": [""1400"", ""1830""], ""2"": [""0900"", ""1200""], ""3"": [""0900"", ""1200""], ""4"": [""0900"", ""1830""]}",12시00분~14시00분,,
JDQ4MTYyMiM1MSMkMiMkMCMkMDAkNTgxOTYxIzIxIyQxIyQ5IyQwMyQyNjE0ODEjODEjJDEjJDYjJDgz,서울안과의원,clinic,경기,용인수지구,"경기도 용인시 수지구 대지로 43, 305호 (죽전동, 금강프라자)",031-262-4394,,37.3286455,127.1142765,1,20030930,1,,,,
JDU4MTI3MSM1MSMkMiMkNCMkMDAkMzgxMzUxIzIxIyQxIyQ1IyQ3MiQ0NjE0ODEjNTEjJDEjJDYjJDgz,서울초록안과의원,clinic,경기,용인수지구,"경기도 용인시 수지구 만현로 120, SR프라자 2층 211호 (상현동)",031-276-7577,https://chorokeye.com,37.3060547,127.0847161,1,20260729,1,,,,
JDQ4MTYyMiM1MSMkMiMkMCMkMDAkNDgxMTkxIzExIyQxIyQ3IyQ3OSQyNjE0ODEjNjEjJDEjJDQjJDgz,수지김안과의원,clinic,경기,용인수지구,"경기도 용인시 수지구 풍덕천로 149, 5층 502호 (풍덕천동, 현대그린프라자)",031-264-7582,,37.3246176,127.0975921,1,19981222,1,,,,
JDU4MTI3MSM1MSMkMiMkMCMkMDAkNDgxOTYxIzUxIyQxIyQ1IyQ4OSQyNjEwMDIjODEjJDEjJDYjJDgz,수지드림안과의원,clinic,경기,용인수지구,"경기도 용인시 수지구 신봉2로 2, 323호, 324호, 325(일부)호 (신봉동, 센트럴500)",031-896-8809,,37.3231709,127.0780271,1,20170222,1,,,,
JDQ4MTYyMiM1MSMkMiMkMCMkMDAkNTgxOTYxIzMxIyQxIyQ3IyQ3MiQyNjE0ODEjNDEjJDEjJDQjJDgz,수지서울안과의원,clinic,경기,용인수지구,"경기도 용인시 수지구 만현로 110, A동 404호 (상현동, 원희캐슬프라자)",031-276-4177,,37.3067226,127.0848651,1,20040126,1,"{""0"": [""0930"", ""1830""], ""1"": [""0930"", ""1830""], ""2"": [""0930"", ""1830""], ""3"": [""0930"", ""1830""], ""4"": [""0930"", ""1830""], ""5"": [""0930"", ""1500""]}",13 시 00 분 ~ 14 시 00 분,09 시 30 분 ~ 18 시 30 분,"수지구 상현동 우리은행 4층. 원희캐슬프라자,"
JDU4MTI3MSM1MSMkMiMkMCMkMDAkNTgxOTYxIzIxIyQxIyQ1IyQxMyQ0NjE0ODEjODEjJDEjJDIjJDgz,엠에스안과의원,clinic,경기,용인수지구,"경기도 용인시 수지구 손곡로 95, 송란아트프라자 207-2, 301호 (동천동)",031-8081-1001,,37.3359633,127.0918191,1,20200225,1,,,,
JDU4MTI3MSM1MSMkMiMkNCMkMDAkMzgxMzUxIzIxIyQxIyQ1IyQ5OSQyNjEwMDIjNjEjJDEjJDAjJDgz,연세오로라안과의원,clinic,경기,용인수지구,"경기도 용인시 수지구 현암로 128, 센타프라자 7층 701,702,703,704호 (죽전동)",031-896-7752,,37.3314954,127.1235041,1,20260601,1,,,,
JDU4MTI3MSM1MSMkMiMkNCMkMDAkMzgxMzUxIzExIyQxIyQ3IyQ4OSQ0NjEwMDIjNDEjJDEjJDQjJDgz,잘보는서울빛안과의원,clinic,경기,용인수지구,"경기도 용인시 수지구 성복2로 51, 데이파크 A동 124,125호 (성복동)",031-8067-8575,,37.3134799,127.0787721,1,20250910,1,,,,
JDQ4MTYyMiM1MSMkMiMkMCMkMDAkNDgxMTkxIzUxIyQxIyQ1IyQ5MiQzNjE0ODEjNDEjJDEjJDQjJDgz,한마음안과의원,clinic,경기,용인수지구,"경기도 용인시 수지구 풍덕천로 119, 3층 306호 (풍덕천동, 수지로얄스포츠센터)",031-265-8575,,37.3230615,127.09494,1,20000628,1,,,,
JDQ4MTYyMiM1MSMkMiMkMCMkMDAkNDgxMTkxIzQxIyQxIyQ3IyQ4MiQzNjE4MzIjNjEjJDEjJDAjJDgz,김종우안과의원,clinic,경기,용인처인구,"경기도 용인시 처인구 금령로 73, (김량장동)",031-321-6090,,37.2352265,127.2043925,1,20000228,1,,,,
JDU4MTI3MSM1MSMkMiMkMCMkMDAkNTgxOTYxIzIxIyQxIyQxIyQ2MiQzNjEwMDIjNDEjJDEjJDgjJDgz,서울새봄안과의원,clinic,경기,용인처인구,"경기도 용인시 처인구 백옥대로 1142, 6~7층 (김량장동)",031-333-7500,,37.2374304,127.2090163,1,20231212,1,,,,
JDQ4MTYyMiM1MSMkMiMkMCMkMDAkMzgxNzAyIzIxIyQxIyQ1IyQ5MiQyNjEyMjIjODEjJDEjJDYjJDgz,연세안과의원,clinic,경기,용인처인구,"경기도 용인시 처인구 백옥대로 1108, 402호 (김량장동, 정안메디플러스)",031-336-0457,,37.2345309,127.2093122,1,19920905,1,,,,
JDU4MTI3MSM1MSMkMiMkMCMkMDAkNDgxOTYxIzExIyQxIyQ3IyQxMyQzNjE4MzIjNjEjJDEjJDQjJDgz,용인밝은안과의원,clinic,경기,용인처인구,"경기도 용인시 처인구 포곡읍 포곡로 97-4, (포곡읍)",031-334-7588,,37.269256,127.2161121,1,20160226,1,,,,
JDU4MTI3MSM1MSMkMiMkMCMkMDAkNDgxMTkxIzIxIyQxIyQxIyQxMyQyNjEyMjIjNjEjJDEjJDgjJDgz,용인서울안과의원,clinic,경기,용인처인구,"경기도 용인시 처인구 금령로 86, 3층 303 304 305 306 316호 (김량장동)",031-333-1500,https://www.용인서울안과.com,37.2350825,127.2058051,2,20171122,2,"{""0"": [""0900"", ""1800""], ""1"": [""0900"", ""1800""], ""2"": [""0900"", ""1800""], ""3"": [""0900"", ""1800""], ""4"": [""0900"", ""1800""], ""5"": [""0900"", ""1400""]}",13시 00분~14시 00분,09시 00분~17시 40분,CGV 용인점 3층
JDQ4MTYyMiM1MSMkMiMkMCMkMDAkNTgxOTYxIzUxIyQxIyQ1IyQxMyQzNjEwMDIjODEjJDEjJDYjJDgz,참안과의원,clinic,경기,용인처인구,"경기도 용인시 처인구 금령로 98, (김량장동,제일빌딩 5층)",031-337-1009,,37.235411,127.2070555,1,20040623,1,,,,
JDU4MTI3MSM1MSMkMiMkMCMkMDAkNDgxOTYxIzIxIyQxIyQ5IyQ5OSQzNjE0ODEjODEjJDEjJDYjJDgz,눈사랑안과의원,clinic,경기,의왕시,"경기도 의왕시 부곡중앙남3길 2, 3층 (삼동)",031-462-1717,,37.3207697,126.9508887,1,20081031,1,,,,
JDQ4MTYyMiM1MSMkMiMkMCMkMDAkMzgxNzAyIzMxIyQxIyQ3IyQ2MiQyNjE0ODEjNDEjJDEjJDQjJDgz,서울백세안과의원,clinic,경기,의왕시,"경기도 의왕시 모락로 16, 302호 (오전동, 현대프라자)",031-455-0595,,37.3594858,126.9670896,1,20140825,1,,13시~14시,9시30분~17시50분,
JDQ4MTYyMiM1MSMkMiMkMCMkMDAkMzgxMTkxIzUxIyQxIyQxIyQ5OSQ0NjE0ODEjODEjJDEjJDIjJDgz,손안과의원,clinic,경기,의왕시,"경기도 의왕시 내손중앙로 4, 308호 (내손동)",031-425-5442,,37.3890791,126.9768623,1,19981209,1,,,,
JDQ4MTYyMiM1MSMkMiMkMCMkMDAkNTgxOTYxIzIxIyQxIyQ1IyQ4MiQzNjEwMDIjODEjJDEjJDYjJDgz,예일안과의원,clinic,경기,의왕시,"경기도 의왕시 계원대학로 2, 203, 204호 (내손동, 롯데메디칼)",031-426-8118,,37.37978,126.9716488,1,20030729,1,,,,
JDU4MTI3MSM1MSMkMiMkMCMkMDAkNDgxMzUxIzExIyQxIyQ3IyQ4MiQ0NjE0ODEjNjEjJDEjJDgjJDgz,눈사랑안과의원,clinic,경기,의정부시,"경기도 의정부시 천보로 38, 파스텔시티 301, 305호 (민락동)",031-843-1717,,37.7440418,127.0968731,3,20160321,3,"{""0"": [""0900"", ""1900""], ""1"": [""0900"", ""1900""], ""2"": [""0900"", ""2000""], ""3"": [""0900"", ""1900""], ""4"": [""0900"", ""1900""], ""6"": [""0900"", ""1400""]}",오후 1시-오후 2시,오전 8시20분-오후 7시 00분,"롯데 시네마건물 옆, 신한은행 3층"
JDQ4MTYyMiM1MSMkMiMkMCMkMDAkNTgxOTYxIzIxIyQxIyQ5IyQ5OSQzNjE4MzIjNTEjJDEjJDIjJDgz,명안과의원,clinic,경기,의정부시,"경기도 의정부시 발곡로 34, 512-514호 (신곡동, 장암프라자)",031-855-4581,,37.7308954,127.0586243,1,20030909,1,,,,
JDU4MTI3MSM1MSMkMiMkMCMkMDAkNDgxNzAyIzQxIyQxIyQ3IyQ4OSQzNjE4MzIjNjEjJDEjJDgjJDgz,서울신세계안과의원,clinic,경기,의정부시,"경기도 의정부시 태평로73번길 55, B1, 3, 4층 (의정부동)",1599-7397,,37.7388713,127.0484073,8,20150827,8,,,,
JDQ4MTYyMiM1MSMkMiMkMCMkMDAkNTgxOTYxIzIxIyQxIyQ1IyQ3OSQzNjE0ODEjNzEjJDEjJDgjJDgz,서울안과의원,clinic,경기,의정부시,"경기도 의정부시 청사로 37, 602호 (금오동, 신세계프라자)",031-851-6060,http://,37.7515204,127.0698807,1,20030531,1,,,,
JDU4MTI3MSM1MSMkMiMkMCMkMDAkNDgxOTYxIzIxIyQxIyQ5IyQ5OSQyNjE0ODEjNjEjJDEjJDgjJDgz,성모안과의원,clinic,경기,의정부시,"경기도 의정부시 평화로 561, 화승빌딩 2~4층 (의정부동)",031-856-1114,,37.7422036,127.0466275,4,20011213,4,"{""0"": [""0900"", ""1800""], ""1"": [""0900"", ""1800""], ""2"": [""0900"", ""1800""], ""3"": [""0900"", ""1800""], ""4"": [""0900"", ""1800""], ""5"": [""0900"", ""1300""]}",13시-14시,09시00분~17시30분,의정부역
JDU4MTI3MSM1MSMkMiMkMCMkMDAkNDgxMTkxIzMxIyQxIyQzIyQ3MiQ0NjE0ODEjNjEjJDEjJDQjJDgz,수안과의원,clinic,경기,의정부시,"경기도 의정부시 평화로 540, 퍼시픽타워 3층 (의정부동)",031-846-3003,,37.740076,127.0477801,1,20180724,1,"{""0"": [""0840"", ""1830""], ""1"": [""0840"", ""1830""], ""2"": [""0840"", ""1230""], ""3"": [""0840"", ""1830""], ""4"": [""0840"", ""1830""], ""5"": [""0840"", ""1230""]}",13시~14시(1시간),,스타벅스 의정부공원점 건물 3층
JDU4MTI3MSM1MSMkMiMkMCMkMDAkMzgxMzUxIzUxIyQxIyQ1IyQ5MiQzNjE0ODEjNDEjJDEjJDQjJDgz,신세계안과의원,clinic,경기,의정부시,"경기도 의정부시 평화로 382, 2층 (호원동)",031-829-7733,,37.7259646,127.0485152,2,20060331,2,,,,
JDQ4MTYyMiM1MSMkMiMkMCMkMDAkMzgxNzAyIzExIyQxIyQ3IyQ3OSQzNjEyMjIjODEjJDEjJDIjJDgz,연세안과의원,clinic,경기,의정부시,"경기도 의정부시 태평로 108, 2층 (의정부동)",031-846-9843,,37.742224,127.0517877,2,19911223,2,"{""0"": [""0900"", ""1800""], ""1"": [""0900"", ""1800""], ""2"": [""0900"", ""1800""], ""3"": [""0900"", ""1800""], ""4"": [""0900"", ""1800""], ""5"": [""0900"", ""1300""]}",13시00분~14시00분,,대양빌딩 2층
JDU4MTI3MSM1MSMkMiMkMCMkMDAkNDgxOTYxIzUxIyQxIyQxIyQxMyQyNjE4MzIjNzEjJDEjJDgjJDgz,열린안과의원,clinic,경기,의정부시,"경기도 의정부시 오목로225번길 162, 7층 703,704호 (민락동)",031-852-7559,,37.7445927,127.0958339,1,20170207,1,,,,
JDU4MTI3MSM1MSMkMiMkMCMkMDAkMzgxNzAyIzExIyQxIyQ3IyQ4OSQzNjE4MzIjNjEjJDEjJDgjJDgz,의정부서울안과의원,clinic,경기,의정부시,"경기도 의정부시 평화로 635, 405호 (의정부동, 미림프라자)",031-847-7700,http://www.ilovelasik.co.kr,37.7486588,127.0448571,1,20060403,1,,,,
JDQ4MTYyMiM1MSMkMiMkMCMkMDAkNTgxOTYxIzMxIyQxIyQzIyQwMyQyNjE4MzIjNDEjJDEjJDQjJDgz,한마음서울안과의원,clinic,경기,의정부시,"경기도 의정부시 용민로 77, 302호 (용현동, 한마음미주빌딩)",031-853-9400,,37.7376894,127.0866371,1,20031205,1,,,,
JDU4MTI3MSM1MSMkMiMkMCMkMDAkNDgxOTYxIzMxIyQxIyQzIyQ4OSQyNjEwMDIjNTEjJDEjJDYjJDgz,회룡수안과의원,clinic,경기,의정부시,"경기도 의정부시 평화로 375, 304호 (호원동, 회룡프라자)",031-871-5055,,37.725431,127.0479495,1,19980410,1,,,,
JDU4MTI3MSM1MSMkMiMkMCMkMDAkNDgxOTYxIzIxIyQyIyQxIyQwMCQyNjEyMjIjNzEjJDEjJDgjJDgz,서울성모안과의원,clinic,경기,이천시,"경기도 이천시 중리천로 76, 3층 (중리동, 라온팰리스)",031-638-0200,,37.2785332,127.4458781,1,20150903,1,"{""0"": [""0830"", ""1800""], ""1"": [""0830"", ""1800""], ""2"": [""0830"", ""1800""], ""3"": [""0830"", ""1800""], ""4"": [""0830"", ""1800""], ""5"": [""0830"", ""1430""]}",12시00분 ~ 1시00분,08시00분~17시30분,이천시 터미널
JDQ4MTYyMiM1MSMkMiMkMCMkMDAkNTgxOTYxIzIxIyQxIyQ5IyQ3MiQ0NjE0ODEjNTEjJDEjJDIjJDgz,서울안과의원,clinic,경기,이천시,"경기도 이천시 장호원읍 장감로 96, (장호원읍)",031-642-6410,,37.1177958,127.6332518,1,19980729,1,,,,
JDU4MTI3MSM1MSMkMiMkMCMkMDAkMzgxNzAyIzExIyQxIyQ3IyQ4MiQzNjE0ODEjODEjJDEjJDIjJDgz,연세윤안과의원,clinic,경기,이천시,"경기도 이천시 부발읍 대산로 476-13, 3층 (덕원빌딩)",031-633-7505,www.ysyuneye.com/,37.2598776,127.4795448,1,20100902,1,,,,
JDQ4MTYyMiM1MSMkMiMkMCMkMDAkNDgxMTkxIzIxIyQxIyQ1IyQ5MiQyNjEyMjIjNjEjJDEjJDQjJDgz,이천새빛안과의원,clinic,경기,이천시,"경기도 이천시 이섭대천로 1233, 201호 (창전동, 화창빌딩)",631-1275,,37.2803727,127.4466117,1,20040430,1,,,,
JDQ4MTYyMiM1MSMkMiMkMCMkMDAkMzgxOTYxIzUxIyQxIyQ1IyQxMyQzNjE0ODEjNzEjJDEjJDgjJDgz,조안과의원,clinic,경기,이천시,"경기도 이천시 이섭대천로 1212, 2층 (창전동, 서울메디칼빌딩)",633-8554,,37.2784514,127.4472488,2,19880304,2,,,,
JDQ4MTYyMiM1MSMkMiMkMCMkMDAkNDgxMTkxIzQxIyQxIyQ3IyQ5MiQyNjEyMjIjNDEjJDEjJDgjJDgz,형제안과의원,clinic,경기,이천시,"경기도 이천시 이섭대천로 1203, 2층 (중리동, 하나빌딩)",031-637-0021,,37.2777621,127.4464839,1,19980416,1,,,,
JDU4MTI3MSM1MSMkMiMkMCMkMDAkNDgxMTkxIzExIyQxIyQzIyQxMyQ0NjE0ODEjNTEjJDEjJDIjJDgz,드림삼성안과의원,clinic,경기,파주시,"경기도 파주시 와석순환로 125, 502,503,504호 (동패동, 현대프라자)",031-934-0980,,37.7120908,126.7458544,1,20160113,1,"{""0"": [""0930"", ""1830""], ""1"": [""0930"", ""1830""], ""2"": [""0930"", ""1400""], ""3"": [""0930"", ""1830""], ""4"": [""0930"", ""1830""], ""5"": [""0930"", ""1400""]}",,,이마트 운정점
JDU4MTI3MSM1MSMkMiMkOCMkMDAkMzgxMzUxIzExIyQxIyQzIyQ5OSQyNjE4MzIjNjEjJDEjJDQjJDgz,문산제일안과의원,clinic,경기,파주시,"경기도 파주시 문산읍 문향로 52-1, 5층",031-953-8275,,37.8567422,126.7855666,2,20190228,2,,,,
JDQ4MTYyMiM1MSMkMiMkMCMkMDAkNDgxMzUxIzQxIyQxIyQ3IyQ4OSQzNjEwMDIjNDEjJDEjJDgjJDgz,박안과의원,clinic,경기,파주시,"경기도 파주시 미래로602번길 3, 윤정프라자 501호 (와동동)",031-941-6022,,37.7312761,126.7516807,1,20030312,1,"{""0"": [""0930"", ""1730""], ""1"": [""0930"", ""1730""], ""2"": [""0930"", ""1730""], ""4"": [""0930"", ""1730""], ""5"": [""0930"", ""1230""]}",12시30분~14시00분,09시30분~17시30분,와동동  윤정프라자 5층
JDU4MTI3MSM1MSMkMiMkMCMkMDAkMzgxOTYxIzUxIyQxIyQxIyQ4OSQyNjE0ODEjNTEjJDEjJDIjJDgz,서울안과의원,clinic,경기,파주시,"경기도 파주시 문화로 109, 2층 (금촌동, 서준빌딩)",948-2588,,37.7638962,126.774243,1,20031202,1,,,,
JDU4MTI3MSM1MSMkMiMkMCMkMDAkMzgxMzUxIzMxIyQxIyQzIyQ5MiQyNjE4MzIjNjEjJDEjJDgjJDgz,센트럴제일안과의원,clinic,경기,파주시,"경기도 파주시 경의로 1092, 401호, 406호~408호, 501호 (야당동)",031-978-8275,,37.7149175,126.7601247,4,20050610,3,,,,
JDU4MTI3MSM1MSMkMiMkMCMkMDAkMzgxOTYxIzMxIyQxIyQ3IyQ3MiQzNjEyMjIjODEjJDEjJDIjJDgz,아이안과의원,clinic,경기,파주시,"경기도 파주시 청석로 266, 506호 (동패동, 스타프라자)",031-947-5630,,37.7255671,126.7176564,1,20070528,1,"{""0"": [""0930"", ""1830""], ""1"": [""0930"", ""1830""], ""2"": [""0930"", ""1830""], ""3"": [""0930"", ""1830""], ""4"": [""0930"", ""1830""], ""5"": [""0930"", ""1300""]}",13시00분~14시00분,09시30~18시00분,교하 중앙공원
JDU4MTI3MSM1MSMkMiMkOCMkMDAkMzgxMzUxIzExIyQxIyQzIyQ3MiQzNjEwMDIjNTEjJDEjJDYjJDgz,에이스안과의원,clinic,경기,파주시,"경기도 파주시 청석로 115, 3층 305호, 306호 (동패동)",031-935-6008,,37.7126546,126.720431,1,20230508,1,,,,
JDQ4MTYyMiM1MSMkMiMkMCMkMDAkMzgxNzAyIzExIyQxIyQ3IyQxMyQyNjE4MzIjODEjJDEjJDYjJDgz,연세안과의원,clinic,경기,파주시,"경기도 파주시 중앙로 308, 3층 (금촌동, 금촌현대타워상가)",031-944-7053,,37.7633969,126.7757118,1,19920226,1,,,,
JDU4MTI3MSM1MSMkMiMkMCMkMDAkMzgxMTkxIzUxIyQxIyQxIyQ3OSQyNjE4MzIjNjEjJDEjJDQjJDgz,파주밝은안과의원,clinic,경기,파주시,"경기도 파주시 중앙로 328, 엠에이치타워 316,317호 (금촌동)",944-8820,http://www.pajueye.com,37.7648794,126.7745263,1,20091218,1,,,,
JDU4MTI3MSM1MSMkMiMkMCMkMDAkNDgxOTYxIzIxIyQxIyQ1IyQ5MiQyNjEwMDIjNjEjJDEjJDAjJDgz,푸른세상안과의원,clinic,경기,파주시,"경기도 파주시 청암로17번길 33, 604호~606호, 704호~706호 (목동동)",031-935-5015,http://paju.lasikok.com/,37.7287093,126.7363864,4,20170628,4,"{""0"": [""0930"", ""1900""], ""1"": [""0930"", ""1900""], ""2"": [""0930"", ""1900""], ""3"": [""0930"", ""1900""], ""4"": [""0930"", ""1900""], ""5"": [""0930"", ""1500""]}",점심시간 없습니다,,이마트 파주운정점
JDU4MTI3MSM1MSMkMiMkMCMkMDAkNDgxNzAyIzIxIyQxIyQxIyQ3OSQyNjEyMjIjNjEjJDEjJDgjJDgz,하늘안과의원,clinic,경기,파주시,"경기도 파주시 금빛로 24-27, 제일메디컬 301,2호 (금촌동)",031-947-2762,,37.7519372,126.7683492,1,20191114,1,,,,
JDU4MTI3MSM1MSMkMiMkMCMkMDAkNDgxMzUxIzIxIyQxIyQ5IyQ4OSQ0NjE0ODEjODEjJDEjJDYjJDgz,한빛안과의원,clinic,경기,파주시,"경기도 파주시 와석순환로 133, 3층 (동패동, 형성프라자)",031-939-1221,,37.712113,126.7451347,1,20130930,1,,,,
JDU4MTI3MSM1MSMkMiMkMCMkMDAkMzgxNzAyIzIxIyQyIyQ1IyQwMCQyNjEwMDIjNjEjJDEjJDAjJDgz,경기성모안과의원,clinic,경기,평택시,"경기도 평택시 탄현로 58, 강희프라자 2,6층 (서정동)",031-8054-0996,http://www.songtaneye.com,37.0576314,127.0539603,3,20171213,3,"{""0"": [""0900"", ""1730""], ""1"": [""0900"", ""1730""], ""2"": [""0900"", ""1730""], ""3"": [""0900"", ""1730""], ""4"": [""0900"", ""1730""], ""5"": [""0900"", ""1100""]}",12:30 ~ 14:00,,
JDQ4MTYyMiM1MSMkMiMkMCMkMDAkNDgxMTkxIzUxIyQxIyQxIyQxMyQyNjEyMjIjNDEjJDEjJDgjJDgz,구광림안과의원,clinic,경기,평택시,"경기도 평택시 경기대로 1365, (서정동)",031-664-2727,,37.0670039,127.0636646,1,20000417,1,,,,
JDQ4MTYyMiM1MSMkMiMkMCMkMDAkMzgxMTkxIzIxIyQxIyQxIyQ4MiQyNjEyMjIjNDEjJDEjJDQjJDgz,김안과의원,clinic,경기,평택시,"경기도 평택시 중앙로 270, 2,3,4,5층 (합정동)",031-652-5161,,36.9899437,127.1128692,3,19890420,3,"{""0"": [""0900"", ""1830""], ""1"": [""0900"", ""1830""], ""2"": [""0900"", ""1830""], ""3"": [""0900"", ""1830""], ""4"": [""0900"", ""1830""], ""5"": [""0900"", ""1300""]}",오후1시부터 2시까지,오후6시까지접수바람,"평택경찰서사거리삼성생명앞,AK백화점에서삼거리로약5분정도걸어내려옴"
JDU4MTI3MSM1MSMkMiMkMCMkMDAkMzgxMTkxIzExIyQxIyQ3IyQ2MiQzNjE0ODEjODEjJDEjJDIjJDgz,밝은성모안과의원,clinic,경기,평택시,"경기도 평택시 중앙2로 25, (평택동)",031-655-4628,,36.9917536,127.0898733,1,20080508,1,,,,
JDU4MTI3MSM1MSMkMiMkMCMkMDAkNDgxMzUxIzMxIyQxIyQzIyQxMyQyNjE0ODEjODEjJDEjJDIjJDgz,밝은정안과의원,clinic,경기,평택시,"경기도 평택시 평남로 941, 우성메디피아 2층 (비전동)",031-692-1477,,37.0046213,127.1041729,1,20181109,1,,,,
JDU4MTI3MSM1MSMkMiMkMCMkMDAkNDgxOTYxIzIxIyQxIyQxIyQ3OSQ0NjE0ODEjNjEjJDEjJDAjJDgz,서울안과의원,clinic,경기,평택시,"경기도 평택시 평택2로20번길 14, 2층 (평택동)",031-654-1171,,36.9924728,127.0890029,2,20030401,2,"{""0"": [""0900"", ""1800""], ""1"": [""0900"", ""1800""], ""2"": [""0900"", ""1800""], ""3"": [""0900"", ""1800""], ""4"": [""0900"", ""1800""], ""5"": [""0900"", ""1300""]}",13시00분 ~ 14시00분,09시00분 ~ 17시30분,서울안과의원
JDU4MTI3MSM1MSMkMiMkMCMkMDAkNDgxOTYxIzUxIyQxIyQxIyQ3MiQ0NjE0ODEjODEjJDEjJDYjJDgz,송탄성모안과의원,clinic,경기,평택시,"경기도 평택시 탄현로327번길 8, 2층3층 (신장동)",031-666-0996,,37.0815581,127.0555174,1,20110225,1,"{""0"": [""0900"", ""1800""], ""1"": [""0900"", ""1800""], ""2"": [""0900"", ""1800""], ""3"": [""0900"", ""1800""], ""4"": [""0900"", ""1800""], ""5"": [""0900"", ""1110""]}",12시30분~14시00분,,
JDQ4MTYyMiM1MSMkMiMkMCMkMDAkMzgxMTkxIzMxIyQxIyQzIyQ5OSQyNjE4MzIjODEjJDEjJDIjJDgz,송탄안과의원,clinic,경기,평택시,"경기도 평택시 탄현로 321-1, (신장동)",031-664-6100,,37.0811708,127.055607,1,19900302,1,,,,
JDU4MTI3MSM1MSMkMiMkMCMkMDAkMzgxMzUxIzMxIyQxIyQ3IyQ3OSQ0NjEwMDIjNDEjJDEjJDgjJDgz,송탄하나안과의원,clinic,경기,평택시,"경기도 평택시 관광특구로 19, 207호 (서정동)",031-665-2299,,37.0672656,127.0609138,1,20050721,1,"{""0"": [""0900"", ""1900""], ""1"": [""0900"", ""1900""], ""2"": [""0900"", ""1900""], ""3"": [""0900"", ""1900""], ""4"": [""0900"", ""1900""], ""5"": [""0900"", ""1600""]}",1시 ~ 2시,9시 ~ 18시 50분,송탄출장소
JDU4MTI3MSM1MSMkMiMkMCMkMDAkMzgxMTkxIzMxIyQxIyQ3IyQ5OSQzNjE0ODEjNjEjJDEjJDQjJDgz,안중밝은안과의원,clinic,경기,평택시,"경기도 평택시 안중읍 안현로 300, 안중 메디컬타워",031-684-0067,,36.9777793,126.9253762,1,20090622,1,,,,
JDQ4MTYyMiM1MSMkMiMkMCMkMDAkNTgxOTYxIzExIyQxIyQ3IyQ5MiQyNjEyMjIjODEjJDEjJDYjJDgz,안중오안과의원,clinic,경기,평택시,"경기도 평택시 안중읍 안현로 417, 세정빌딩 2층 201호",031-681-0248,,36.9873103,126.9312741,1,20030416,1,"{""0"": [""0900"", ""1830""], ""1"": [""0900"", ""1830""], ""2"": [""0900"", ""1830""], ""3"": [""0900"", ""1830""], ""4"": [""0900"", ""1830""], ""5"": [""0900"", ""1400""]}",12시 30 분 ~14시00분,,
JDU4MTI3MSM1MSMkMiMkMCMkMDAkNTgxMzUxIzUxIyQxIyQxIyQ4MiQzNjE4MzIjNjEjJDEjJDAjJDgz,엠에스안과의원,clinic,경기,평택시,"경기도 평택시 고덕중앙로 218, 우성메디컬센터 705-710호 (고덕동)",031-616-1001,,37.0478984,127.0449637,3,20230308,2,,,,
JDU4MTI3MSM1MSMkMiMkMCMkMDAkMzgxNzAyIzExIyQxIyQzIyQxMyQzNjE0ODEjNTEjJDEjJDYjJDgz,오렌지안과의원,clinic,경기,평택시,"경기도 평택시 서동대로 3879, 4층 403호 (용이동)",031-618-9123,,36.9942774,127.1378517,1,20100622,1,,,,
JDQ4MTYyMiM1MSMkMiMkMCMkMDAkMzgxMzUxIzUxIyQyIyQ1IyQwMCQyNjE0ODEjNjEjJDEjJDQjJDgz,이안과의원,clinic,경기,평택시,"경기도 평택시 중앙2로 19, (평택동)",031-655-5800,,36.9918474,127.0892466,1,19820427,1,"{""0"": [""0930"", ""1800""], ""1"": [""0930"", ""1800""], ""2"": [""0930"", ""1800""], ""3"": [""0930"", ""1500""], ""4"": [""0930"", ""1800""], ""5"": [""0930"", ""1230""]}",12시30분~14시:00분,09시30분~18시00분(목요일은 15:00분까지),남서울크리닉
JDU4MTI3MSM1MSMkMiMkMCMkMDAkNTgxMzUxIzUxIyQyIyQxIyQwMCQzNjEwMDIjNjEjJDEjJDgjJDgz,클리어안과의원,clinic,경기,평택시,"경기도 평택시 지제동삭2로 181-26, Adriamedi Tower 402호,403호,502호,503호 (동삭동)",031-647-6247,,37.017183,127.09411,5,20230217,5,,,,
JDU4MTI3MSM1MSMkMiMkMCMkMDAkNTgxMzUxIzIxIyQxIyQ5IyQ3MiQyNjE4MzIjODEjJDEjJDYjJDgz,평택비전안과의원,clinic,경기,평택시,"경기도 평택시 비전5로 20-26, 314호 (비전동)",031-656-2256,,36.9988462,127.1146146,1,20220621,1,,,,
JDQ4MTYyMiM1MSMkMiMkMCMkMDAkNDgxNzAyIzIxIyQxIyQ1IyQ3OSQzNjE0ODEjNjEjJDEjJDgjJDgz,평택성모안과의원,clinic,경기,평택시,"경기도 평택시 평택2로 6, 2층 (평택동, 산천빌딩)",031-618-3131,,36.9921415,127.0875488,1,20030326,1,,,,
JDQ4MTYyMiM1MSMkMiMkMCMkMDAkNTgxOTYxIzExIyQxIyQ3IyQ3MiQyNjEyMjIjNjEjJDEjJDAjJDgz,서울안과의원,clinic,경기,포천시,"경기도 포천시 중앙로 139, (신읍동)",031-536-5353,,37.8985683,127.2041825,1,20030414,1,,,,
JDU4MTI3MSM1MSMkMiMkMCMkMDAkNDgxMTkxIzMxIyQyIyQ3IyQwMCQzNjE4MzIjODEjJDEjJDYjJDgz,송우밝은안과의원,clinic,경기,포천시,"경기도 포천시 소흘읍 솔모루로 55, 4층 (뉴스토리솔모루빌딩)",031-541-7552,,37.8273505,127.1445972,1,20160215,1,"{""0"": [""0900"", ""1800""], ""1"": [""0900"", ""1800""], ""2"": [""0900"", ""1300""], ""3"": [""0900"", ""1800""], ""4"": [""0900"", ""1800""], ""5"": [""0900"", ""1300""]}",13:00 ~ 14:00,09:00 ~ 18:00,
JDQ4MTYyMiM1MSMkMiMkMCMkMDAkNTgxMzUxIzExIyQxIyQzIyQ3MiQzNjEwMDIjNzEjJDEjJDgjJDgz,송우신안과의원,clinic,경기,포천시,"경기도 포천시 소흘읍 봉솔로5길 27, 5층 503호",031-543-5432,,37.8278021,127.1450427,1,20020108,1,"{""0"": [""0900"", ""1800""], ""1"": [""0900"", ""1800""], ""2"": [""0900"", ""1800""], ""3"": [""0900"", ""1230""], ""4"": [""0900"", ""1800""], ""5"": [""0900"", ""1300""]}",12시30분~14시00분,"월~금 - 09시00분~18시00분, 목 09시00분~12시30분",
JDU4MTI3MSM1MSMkMiMkMCMkMDAkNDgxMzUxIzIxIyQxIyQxIyQ5MiQzNjE4MzIjNDEjJDEjJDgjJDgz,연세안과의원,clinic,경기,포천시,"경기도 포천시 중앙로115번길 4, 5층 (신읍동)",031-535-8807,,37.8969272,127.2025301,2,19990304,1,,,,
JDU4MTI3MSM1MSMkMiMkNCMkMDAkMzgxMzUxIzExIyQxIyQzIyQ2MiQzNjEyMjIjNDEjJDEjJDgjJDgz,SNU밝은안과의원,clinic,경기,하남시,"경기도 하남시 하남대로 805, 3층 (신장동)",031-792-2020,,37.540925,127.207888,2,20250522,2,,,,
JDQ4MTYyMiM1MSMkMiMkMCMkMDAkNDgxMTkxIzUxIyQxIyQxIyQ3OSQzNjEyMjIjODEjJDEjJDYjJDgz,맑은안과의원,clinic,경기,하남시,"경기도 하남시 대청로 29, 3층 (신장동, 대유빌딩)",792-8275,,37.5410594,127.2155731,1,20000228,1,"{""0"": [""0900"", ""1800""], ""1"": [""0900"", ""1800""], ""2"": [""0900"", ""1800""], ""3"": [""0900"", ""1300""], ""4"": [""0900"", ""1800""], ""5"": [""0900"", ""1300""]}",13시00분~14시00분    목요일은 없음,09시00분~18시00분    목요일은 09시00분~13시00분,
JDU4MTI3MSM1MSMkMiMkMCMkMDAkNDgxMTkxIzMxIyQxIyQzIyQ3OSQzNjE4MzIjNDEjJDEjJDgjJDgz,미사성모안과의원,clinic,경기,하남시,"경기도 하남시 미사강변대로 220, 501호502호 (망월동)",031-791-0717,,37.5692596,127.1843874,1,20160920,1,,,,
JDU4MTI3MSM1MSMkMiMkMCMkMDAkMzgxOTYxIzExIyQxIyQzIyQxMyQyNjEwMDIjODEjJDEjJDIjJDgz,빛사랑안과의원,clinic,경기,하남시,"경기도 하남시 신장로 156, 406호 (덕풍동, 하남프라자)",794-7582,,37.5399292,127.2019465,0,20060529,0,,,,
JDU4MTI3MSM1MSMkMiMkMCMkMDAkNDgxOTYxIzQxIyQxIyQ3IyQ3OSQzNjE0ODEjNTEjJDEjJDYjJDgz,서울안과의원,clinic,경기,하남시,"경기도 하남시 미사강변대로 228, 402호 (망월동)",031-8027-2977,,37.5698869,127.1839902,1,20160901,1,,,,
JDQ4MTYyMiM1MSMkMiMkMCMkMDAkNDgxMzUxIzMxIyQxIyQzIyQ3OSQ0NjEwMDIjNTEjJDEjJDYjJDgz,성모안과의원,clinic,경기,하남시,"경기도 하남시 신평로 49, 4층 (신장동)",031-795-1002,,37.5382702,127.2045407,1,19950620,1,,,,
JDU4MTI3MSM1MSMkMiMkMCMkMDAkNTgxMzUxIzUxIyQxIyQxIyQ4OSQ0NjE0ODEjNjEjJDEjJDgjJDgz,시온안과의원,clinic,경기,하남시,"경기도 하남시 감일백제로180번길 9, 호평메디컬타워 4층 401~403, 406호 (감이동)",02-483-9191,,37.5087776,127.154242,1,20230215,1,,,,
JDU4MTI3MSM1MSMkMiMkMCMkMDAkNDgxMTkxIzMxIyQxIyQzIyQ4OSQyNjE0ODEjNDEjJDEjJDgjJDgz,연세봄안과의원,clinic,경기,하남시,"경기도 하남시 미사강변동로 100-1, 미사역 파라곤 스퀘어 6층 601~606호 (망월동)",031-8027-0885,,37.5644155,127.1929347,5,20180530,5,,,,
JDQ4MTYyMiM1MSMkMiMkMCMkMDAkMzgxOTYxIzQxIyQxIyQ3IyQxMyQzNjE4MzIjODEjJDEjJDYjJDgz,연세안과의원,clinic,경기,하남시,"경기도 하남시 신장로 126, 3층 (신장동, 하남빌딩)",791-1001,,37.5383329,127.2043135,1,19870320,1,,,,
JDU4MTI3MSM1MSMkMiMkMCMkMDAkNDgxNzAyIzExIyQxIyQzIyQ3MiQzNjEyMjIjNTEjJDEjJDIjJDgz,이안과의원,clinic,경기,하남시,"경기도 하남시 미사강변대로54번길 91, 센타프라자 3층 306호 (풍산동)",031-792-2207,,37.5568749,127.1888202,1,20050525,1,"{""0"": [""1100"", ""1800""], ""1"": [""1100"", ""1800""], ""2"": [""1100"", ""1800""], ""3"": [""1400"", ""1800""], ""4"": [""1100"", ""1800""], ""5"": [""1000"", ""1300""]}",13:00  ~ 14:00,,미사강변성당
JDU4MTI3MSM1MSMkMiMkNCMkMDAkMzgxMzUxIzExIyQxIyQzIyQ3OSQyNjEwMDIjNDEjJDEjJDgjJDgz,하남미사더뷰안과의원,clinic,경기,하남시,"경기도 하남시 미사강변동로 127, 12층 1201~1206호 (망월동)",031-794-3737,https://theview.co.kr,37.5661873,127.1910518,1,20250408,1,"{""0"": [""0900"", ""1930""], ""1"": [""0900"", ""1930""], ""2"": [""0900"", ""1930""], ""3"": [""0900"", ""1930""], ""4"": [""0900"", ""1930""], ""5"": [""0900"", ""1500""]}",13시00분 ~ 14시00분,08시50분 ~ 19시15분,하남종합운동장 맞은편 경서타워 12층
JDU4MTI3MSM1MSMkMiMkMCMkMDAkMzgxOTYxIzUxIyQxIyQxIyQ3MiQzNjE4MzIjODEjJDEjJDYjJDgz,굿아이동탄이안과의원,clinic,경기,화성동탄구,"경기도 화성시 동탄구 동탄솔빛로 44, 6층 (반송동, 신성프라자)",031-258-0100,http://www.smileseye.com,37.1928999,127.0729529,1,20071030,1,,,,동탄솔빛나루마을 이안과사거리
JDQ4MTYyMiM1MSMkMiMkMCMkMDAkNTgxOTYxIzExIyQxIyQzIyQ5MiQzNjEyMjIjNjEjJDEjJDQjJDgz,동탄누네안과의원,clinic,경기,화성동탄구,"경기도 화성시 동탄구 동탄대로시범길 146, 502호 (청계동, 포트센트럴시티)",031-374-3886,,37.2003439,127.1131432,1,20151015,1,,,,
JDQ4MTYyMiM1MSMkMiMkMCMkMDAkMzgxNzAyIzUxIyQyIyQxIyQwMCQyNjEyMjIjNDEjJDEjJDgjJDgz,동탄밝은안과의원,clinic,경기,화성동탄구,"경기도 화성시 동탄구 동탄반석로 204, 401호 (반송동, 동탄제일프라자)",031-8015-1808,,37.2066808,127.07282,1,20090601,1,,,,
JDU4MTI3MSM1MSMkMiMkMCMkMDAkNDgxMTkxIzUxIyQxIyQxIyQ4MiQyNjEyMjIjNTEjJDEjJDIjJDgz,동탄서울안과의원,clinic,경기,화성동탄구,"경기도 화성시 동탄구 동탄순환대로 127-17, 우성메디피아 5층 508~510호 (산척동)",031-306-8875,,37.1670009,127.1072679,2,20190318,2,,,,
JDU4MTI3MSM1MSMkMiMkMCMkMDAkMzgxOTYxIzQxIyQxIyQ3IyQ5MiQzNjEyMjIjODEjJDEjJDYjJDgz,동탄연세안과의원,clinic,경기,화성동탄구,"경기도 화성시 동탄구 동탄중심상가1길 40, 403~405호 (반송동, 엔터프라임빌딩)",031-613-2119,,37.2014916,127.0712389,1,20070822,1,,,,
JDU4MTI3MSM1MSMkMiMkMCMkMDAkNTgxOTYxIzUxIyQxIyQ1IyQ2MiQzNjE4MzIjNDEjJDEjJDgjJDgz,동탄올바른안과의원,clinic,경기,화성동탄구,"경기도 화성시 동탄구 동탄대로 489, 동탄역우성타워 503~506호 (오산동)",031-377-6900,,37.1973592,127.0982637,3,20250310,3,,,,
JDU4MTI3MSM1MSMkMiMkMCMkMDAkNTgxMzUxIzUxIyQxIyQxIyQxMyQ0NjEwMDIjNTEjJDEjJDIjJDgz,동탄퍼스트안과의원,clinic,경기,화성동탄구,"경기도 화성시 동탄구 동탄오산로 82, 퍼스트프라자 403호,404호,606호,7층전체호 (여울동)",031-372-7591,,37.198165,127.0971269,5,20161116,5,,,,
JDU4MTI3MSM1MSMkMiMkMCMkMDAkNTgxMzUxIzIxIyQxIyQ5IyQ4MiQzNjEwMDIjNTEjJDEjJDIjJDgz,삼성플러스안과의원,clinic,경기,화성동탄구,"경기도 화성시 동탄구 동탄순환대로20길 118, 우성스타파크 B 201호~203호 (목동)",031-831-9708,,37.1830112,127.1248249,1,20220624,1,"{""0"": [""0930"", ""1830""], ""1"": [""0930"", ""1830""], ""2"": [""1400"", ""1830""], ""3"": [""0930"", ""1830""], ""4"": [""0930"", ""1830""], ""5"": [""0900"", ""1400""]}",13시00분~14시00분,,"경기도 화성시 동탄순환대로 20길, 118, 우성스타파크B동, 201,202,203."
JDU4MTI3MSM1MSMkMiMkMCMkMDAkNTgxMzUxIzUxIyQxIyQ1IyQ5OSQ0NjEwMDIjODEjJDEjJDIjJDgz,샤일리안과의원,clinic,경기,화성동탄구,"경기도 화성시 동탄구 동탄대로5길 15, 그랑파사쥬 4061~4076호 (송동)",031-377-5567,,37.1661162,127.1051213,3,20230420,3,,,,
JDU4MTI3MSM1MSMkMiMkMCMkMDAkNTgxOTYxIzUxIyQyIyQxIyQwMCQyNjE4MzIjNjEjJDEjJDQjJDgz,서울브라이트안과의원,clinic,경기,화성동탄구,"경기도 화성시 동탄구 동탄순환대로 257, 종산타워 501~503호 (산척동)",031-375-7999,,37.1706204,127.1185212,1,20241226,1,,,,
JDU4MTI3MSM1MSMkMiMkMCMkMDAkNDgxMTkxIzIxIyQxIyQxIyQxMyQ0NjEwMDIjNTEjJDEjJDYjJDgz,연세아이힐안과의원,clinic,경기,화성동탄구,"경기도 화성시 동탄구 동탄순환대로 704, A동 303호 (영천동)",031-376-7511,,37.2075871,127.1107808,1,20171218,1,,,,
JDU4MTI3MSM1MSMkMiMkMCMkMDAkNDgxOTYxIzMxIyQxIyQzIyQ4OSQ0NjE0ODEjNDEjJDEjJDgjJDgz,잘보는서울안과의원,clinic,경기,화성동탄구,"경기도 화성시 동탄구 동탄중앙로 220, B동 316호 (반송동, 메타폴리스)",031-613-0011,,37.2051565,127.0683148,1,20160419,1,,,,
JDQ4MTYyMiM1MSMkMiMkMCMkMDAkNDgxMzUxIzIxIyQxIyQ1IyQ3OSQzNjEyMjIjNjEjJDEjJDgjJDgz,남양미래안과의원,clinic,경기,화성만세구,"경기도 화성시 만세구 남양읍 남양성지로 147, 2층 202,209-1호",031-355-7555,,37.20974,126.8190799,1,20040114,1,"{""0"": [""0930"", ""1830""], ""1"": [""0930"", ""1830""], ""2"": [""0930"", ""1830""], ""3"": [""0930"", ""1830""], ""4"": [""0930"", ""1830""], ""5"": [""0930"", ""1230""]}",1시~2시,,아이리스프라자빌딩
JDU4MTI3MSM1MSMkMiMkNCMkMDAkMzgxMzUxIzExIyQxIyQ3IyQ4MiQzNjE0ODEjNjEjJDEjJDQjJDgz,남양밝은안과의원,clinic,경기,화성만세구,"경기도 화성시 만세구 남양읍 시청로 7, 604~606호",031-356-5554,,37.2085691,126.8192545,1,20251119,1,,,,
JDQ4MTYyMiM1MSMkMiMkMCMkMDAkNTgxOTYxIzExIyQxIyQzIyQ3OSQyNjE4MzIjNDEjJDEjJDQjJDgz,심안과의원,clinic,경기,화성만세구,"경기도 화성시 만세구 향남읍 삼천병마로 189, (삼산빌딩)",031-354-2335,,37.1300558,126.9096095,1,20030307,1,,,,
JDU4MTI3MSM1MSMkMiMkNCMkMDAkMzgxMzUxIzExIyQxIyQzIyQ5MiQyNjEwMDIjNDEjJDEjJDgjJDgz,연세맑은빛안과의원,clinic,경기,화성만세구,"경기도 화성시 만세구 수노을중앙로 122, 엔젤리움에르메스프라자 1동 301, 302호 (새솔동)",031-357-6677,,37.2854574,126.8172239,1,20250626,1,,,,
JDU4MTI3MSM1MSMkMiMkMCMkMDAkNDgxMTkxIzIxIyQxIyQxIyQ4OSQzNjE0ODEjNjEjJDEjJDAjJDgz,향남밝은안과의원,clinic,경기,화성만세구,"경기도 화성시 만세구 향남읍 향남로 392, 405호 우성메디피아",031-354-3036,,37.1300512,126.9214487,2,20140303,2,,,,
JDU4MTI3MSM1MSMkMiMkMCMkMDAkNDgxOTYxIzUxIyQxIyQ1IyQ5OSQzNjEwMDIjODEjJDEjJDYjJDgz,화성연세안과의원,clinic,경기,화성만세구,"경기도 화성시 만세구 향남읍 상신하길로328번길 26, 5층층 (키움프라자)",031-8047-0008,,37.1163675,126.9135275,1,20170217,1,"{""0"": [""0900"", ""1900""], ""1"": [""0900"", ""1900""], ""2"": [""0900"", ""1900""], ""3"": [""0900"", ""1900""], ""4"": [""0900"", ""1900""], ""5"": [""0900"", ""1500""]}",13시00분~14시00분,09시00분~18시50분,향남2지구 롯데시네마 근처 부영3단지 312동 맞은편 키움프라자(락볼링장 건물)
JDU4MTI3MSM1MSMkMiMkMCMkMDAkNTgxOTYxIzUxIyQxIyQxIyQ5MiQyNjEwMDIjODEjJDEjJDIjJDgz,강안과의원,clinic,경기,화성병점구,"경기도 화성시 병점구 영통로 74, 502호 일부, 503호 전체호 (반월동)",031-204-1009,,37.2365275,127.0611628,1,20250203,1,,,,
JDU4MTI3MSM1MSMkMiMkMCMkMDAkNTgxOTYxIzIxIyQxIyQxIyQ3OSQ0NjE0ODEjNjEjJDEjJDgjJDgz,데미안안과의원,clinic,경기,화성병점구,"경기도 화성시 병점구 병점노을4로 29, 5층 501~510호 (병점동)",031-8013-1234,,37.2058724,127.031861,3,20231123,3,,,,
JDQ4MTYyMiM1MSMkMiMkMCMkMDAkNTgxOTYxIzIxIyQxIyQxIyQ5MiQyNjEwMDIjNzEjJDEjJDgjJDgz,병점신안과의원,clinic,경기,화성병점구,"경기도 화성시 병점구 병점1로 221, 4층 (진안동, 화인메디칼프라자)",031-238-5800,,37.2135979,127.0418331,2,20030531,2,,1시부터 2시까지,9시30분부터 오후 6시까지,병점중심상가 롯데시네마 건너편 롯데리아 4층
JDU4MTI3MSM1MSMkMiMkMCMkMDAkMzgxMzUxIzIxIyQxIyQxIyQxMyQyNjE0ODEjNzEjJDEjJDgjJDgz,태안밝은안과의원,clinic,경기,화성병점구,"경기도 화성시 병점구 효행로 1051, 406호 (진안동, 메인프라자)",031-222-2332,,37.214627,127.0419608,1,20050215,1,,,,
JDU4MTI3MSM1MSMkMiMkMCMkMDAkNTgxMzUxIzMxIyQxIyQ3IyQ3OSQzNjEyMjIjNDEjJDEjJDQjJDgz,눈애안과의원,clinic,경기,화성효행구,"경기도 화성시 효행구 봉담읍 상리2길 51, 3층",031-295-1888,,37.2245561,126.9471441,3,20220831,3,,,,
JDQ4MTYyMiM1MSMkMiMkMCMkMDAkMzgxNzAyIzExIyQyIyQ3IyQwMCQyNjEwMDIjODEjJDEjJDYjJDgz,밝은성모안과의원,clinic,경기,화성효행구,"경기도 화성시 효행구 봉담읍 동화길 93-2, 301호 (제이스프라자)",031-227-2064,,37.2162972,126.9591576,1,20081215,1,,,,
JDU4MTI3MSM1MSMkMiMkMCMkMDAkNDgxMTkxIzQxIyQxIyQ3IyQ3MiQzNjE0ODEjNjEjJDEjJDQjJDgz,봉담제일안과의원,clinic,경기,화성효행구,"경기도 화성시 효행구 봉담읍 동화길 85, 206,207호",031-890-8275,,37.2169268,126.9583456,1,20181218,1,,,,
JDQ4MTYyMiM4MSMkMiMkNCMkMDAkNDgxOTYxIzMxIyQxIyQzIyQ3MiQzNjEwMDIjODEjJDEjJDIjJDgz,드림진안과의원,clinic,경남,거제시,"경상남도 거제시 거제중앙로 1925, 2층 206호 (고현동)",055-736-1010,,34.8898098,128.6221057,1,20240712,1,,,,
JDQ4MTYyMiM4MSMkMiMkNCMkMDAkMzgxNzAyIzQxIyQxIyQ3IyQ5OSQyNjEyMjIjNTEjJDEjJDYjJDgz,옥포성모안과의원,clinic,경남,거제시,"경상남도 거제시 옥포로 224, 3층 (옥포동)",055-688-9007,,34.894696,128.690945,1,20060718,1,,,,
JDQ4MTYyMiM4MSMkMiMkNCMkMDAkMzgxNzAyIzUxIyQxIyQxIyQwMyQzNjEwMDIjODEjJDEjJDIjJDgz,이안과의원,clinic,경남,거제시,"경상남도 거제시 서문로 64, 청암빌딩 3층 (고현동)",055-637-2755,,34.8894042,128.6228467,1,19970425,1,"{""0"": [""0930"", ""1900""], ""1"": [""0930"", ""1900""], ""2"": [""0930"", ""1900""], ""3"": [""0930"", ""1900""], ""4"": [""0930"", ""1700""]}",13시00분~14시00분,09시00분~17시30분,
JDQ4MTYyMiM4MSMkMiMkNCMkMDAkMzgxMTkxIzIxIyQxIyQxIyQ4OSQyNjE4MzIjNzEjJDEjJDgjJDgz,정안과의원,clinic,경남,거제시,"경상남도 거제시 거제중앙로25길 4, 유신빌딩 3.4.7.10층 (고현동)",055-636-7345,http://www.jungeye.co.kr,34.8883886,128.6228617,7,19981126,7,"{""0"": [""0900"", ""1900""], ""1"": [""0900"", ""1900""], ""2"": [""0900"", ""1900""], ""3"": [""0900"", ""1900""], ""4"": [""0900"", ""1900""], ""5"": [""0900"", ""1300""]}",13시00분~14시00분,,"경남 거제시 고현동 961-108번지 유신빌딩 3층, 4층, 6층"
JDQ4MTYyMiM4MSMkMiMkNCMkMDAkMzgxMTkxIzIxIyQxIyQxIyQwMyQyNjEyMjIjNDEjJDEjJDQjJDgz,거창성모안과의원,clinic,경남,거창군,"경상남도 거창군 거창읍 거창대로 52, 2층 (동성리젠시)",055-945-3010,,35.6863997,127.9167604,1,19981102,1,,,,
JDQ4MTYyMiM4MSMkMiMkNCMkMDAkNDgxMzUxIzIxIyQxIyQ1IyQ5OSQyNjE4MzIjNDEjJDEjJDgjJDgz,거창제일안과의원,clinic,경남,거창군,"경상남도 거창군 거창읍 중앙로 157, 3층",055-943-7114,,35.6878573,127.9153148,2,20110413,2,,,,
JDQ4MTYyMiM4MSMkMiMkNCMkMDAkNDgxOTYxIzExIyQxIyQzIyQ2MiQyNjE0ODEjODEjJDEjJDIjJDgz,고성밝은안과 의원,clinic,경남,고성군,"경상남도 고성군 고성읍 동외로 175, 양강빌딩 2층 203호",055-672-5777,,34.9769088,128.3258993,1,20180227,1,,,,
JDQ4MTYyMiM4MSMkMiMkNCMkMDAkMzgxNzAyIzUxIyQxIyQxIyQ5MiQyNjEyMjIjNjEjJDEjJDgjJDgz,고성성모안과의원,clinic,경남,고성군,"경상남도 고성군 고성읍 동외로 156, 156",055-672-5252,,34.9751014,128.3261233,1,20070823,1,,,,
JDQ4MTYyMiM4MSMkMiMkNCMkMDAkNDgxOTYxIzMxIyQxIyQzIyQ5OSQzNjE4MzIjNTEjJDEjJDIjJDgz,강남안과의원,clinic,경남,김해시,"경상남도 김해시 가락로 26, 501, 502호 (부원동)",055-902-8838,,35.2289365,128.8826731,1,20240327,1,"{""0"": [""0900"", ""1800""], ""1"": [""0900"", ""1800""], ""2"": [""0900"", ""1800""], ""3"": [""0900"", ""1300""], ""4"": [""0900"", ""1800""], ""5"": [""0900"", ""1300""]}",13시00분~14시00분(목요일은 점심시간 없이 진료),,중앙지구대
JDQ4MTYyMiM4MSMkMiMkNCMkMDAkMzgxNzAyIzExIyQxIyQ3IyQ3OSQyNjEwMDIjNTEjJDEjJDIjJDgz,굿모닝안과의원,clinic,경남,김해시,"경상남도 김해시 장유로 230, 301호 (부곡동, 프리마빌딩)",055-312-0075,,35.203688,128.809146,1,20021112,1,,,,
JDQ4MTYyMiM4MSMkMiMkNCMkMDAkMzgxMTkxIzUxIyQxIyQ1IyQ4OSQ0NjEwMDIjNDEjJDEjJDgjJDgz,김해밝은안과의원,clinic,경남,김해시,"경상남도 김해시 내외중앙로 74, 401호 (내동, 밝은메디컬센터)",055-329-6700,,35.2364501,128.8673786,1,20080218,1,,,,
JDQ4MTYyMiM4MSMkMiMkNCMkMDAkMzgxNzAyIzIxIyQxIyQ1IyQxMyQyNjEwMDIjNDEjJDEjJDgjJDgz,밝은눈안과의원,clinic,경남,김해시,"경상남도 김해시 인제로 174, 2층 (어방동)",055-322-0075,http://www.eye1004.co.kr,35.2440682,128.9041992,1,20040806,1,"{""0"": [""0900"", ""1830""], ""1"": [""0900"", ""1830""], ""2"": [""0900"", ""1830""], ""3"": [""0900"", ""1830""], ""4"": [""0900"", ""1830""], ""5"": [""0900"", ""1300""]}",12시45분~14시00분,,인제대학교 정문
JDQ4MTYyMiM4MSMkMiMkNCMkMDAkMzgxNzAyIzIxIyQxIyQ1IyQwMyQ0NjE0ODEjNDEjJDEjJDgjJDgz,삼계밝은안과의원,clinic,경남,김해시,"경상남도 김해시 삼계중앙로 27, 301호 (삼계동, 삼계메디칼)",055-331-3811,,35.2607255,128.8679305,1,20090220,1,,,,
JDQ4MTYyMiM4MSMkMiMkNCMkMDAkNDgxOTYxIzMxIyQxIyQzIyQ3OSQzNjEyMjIjNDEjJDEjJDQjJDgz,삼계성모안과의원,clinic,경남,김해시,"경상남도 김해시 삼계중앙로 33, 201호 (삼계동)",055-724-0014,,35.2607713,128.8686423,1,20231128,1,"{""0"": [""0900"", ""1830""], ""1"": [""0900"", ""1830""], ""2"": [""0900"", ""1830""], ""3"": [""0900"", ""1830""], ""4"": [""0900"", ""1830""], ""5"": [""0900"", ""1300""]}",,,
JDQ4MTYyMiM4MSMkMiMkNCMkMDAkMzgxMTkxIzIxIyQxIyQ1IyQ5OSQyNjE0ODEjNjEjJDEjJDgjJDgz,서울안과의원,clinic,경남,김해시,"경상남도 김해시 내외중앙로 84, 2,7,8,9층 (내동)",055-327-7582,http://seoul-eye.co.kr,35.23737,128.8675561,4,19981224,4,"{""0"": [""0930"", ""1830""], ""1"": [""0930"", ""1830""], ""2"": [""0930"", ""1830""], ""3"": [""0930"", ""1830""], ""4"": [""0930"", ""1830""]}",,,
JDQ4MTYyMiM4MSMkMiMkNCMkMDAkNDgxOTYxIzExIyQxIyQ3IyQ5OSQzNjEwMDIjNDEjJDEjJDgjJDgz,신세계안과의원,clinic,경남,김해시,"경상남도 김해시 분성로 216, 304호 (외동)",055-326-9191,,35.2306081,128.8703673,1,20190308,1,,,,
JDQ4MTYyMiM4MSMkMiMkNCMkMDAkMzgxMTkxIzExIyQxIyQ3IyQ5MiQyNjEyMjIjNjEjJDEjJDgjJDgz,양호성안과의원,clinic,경남,김해시,"경상남도 김해시 분성로 321, 골든에비뉴 205호 (서상동)",055-327-2201,,35.233617,128.8811255,1,19980323,1,,,,
JDQ4MTYyMiM4MSMkMiMkNCMkMDAkMzgxNzAyIzMxIyQxIyQ3IyQ5OSQyNjE0ODEjNDEjJDEjJDgjJDgz,율하밝은권안과의원,clinic,경남,김해시,"경상남도 김해시 율하3로 21, 701호 (율하동, 율하메디칼)",055-329-1260,,35.1705016,128.8126674,1,20120808,1,,,,
JDQ4MTYyMiM4MSMkMiMkNCMkMDAkMzgxNzAyIzUxIyQxIyQ1IyQ5OSQzNjE4MzIjNzEjJDEjJDgjJDgz,이용길안과의원,clinic,경남,김해시,"경상남도 김해시 능동로 153, (부곡동, 삼화빌딩 201호)",055-324-7582,,35.202457,128.8079688,1,20080201,1,"{""0"": [""0830"", ""1830""], ""1"": [""0830"", ""1830""], ""2"": [""0830"", ""1830""], ""3"": [""0830"", ""1830""], ""4"": [""0830"", ""1830""], ""5"": [""0830"", ""1400""]}",13시~14시,08시 30분이후  .  진료일자  1주전부터 예약가능,장유 건강지원센터 (장유보건소)
JDQ4MTYyMiM4MSMkMiMkNCMkMDAkNDgxOTYxIzIxIyQyIyQ5IyQwMCQ0NjEwMDIjNDEjJDEjJDQjJDgz,좋은눈안과의원,clinic,경남,김해시,"경상남도 김해시 율하6로 67, 솔로몬빌딩 503,504,505호 (장유동)",055-724-1607,,35.1714838,128.8227952,1,20230224,1,,,,
JDQ4MTYyMiM4MSMkMiMkNCMkMDAkNDgxOTYxIzExIyQxIyQzIyQ4MiQ0NjE0ODEjODEjJDEjJDIjJDgz,진영삼성안과의원,clinic,경남,김해시,"경상남도 김해시 진영읍 장등로 3, 2층",055-724-0988,,35.3066898,128.7347083,2,20180726,2,,,,
JDQ4MTYyMiM4MSMkMiMkNCMkMDAkMzgxNzAyIzIxIyQxIyQ5IyQ5MiQ0NjEwMDIjODEjJDEjJDIjJDgz,진영성모안과의원,clinic,경남,김해시,"경상남도 김해시 진영읍 여래로 21, 6층",055-345-3530,,35.3043536,128.7350147,1,20050303,1,"{""0"": [""0900"", ""1800""], ""1"": [""0900"", ""1800""], ""2"": [""0900"", ""1800""], ""3"": [""0900"", ""1300""], ""4"": [""0900"", ""1800""], ""5"": [""0900"", ""1300""]}",오후 13:00~14:00,,
JDQ4MTYyMiM4MSMkMiMkNCMkMDAkMzgxOTYxIzMxIyQxIyQ3IyQ4MiQ0NjEwMDIjNTEjJDEjJDIjJDgz,최안과의원,clinic,경남,김해시,"경상남도 김해시 가락로 19, 아름다운뉴욕메디컬센터 7,8층 (부원동)",055-327-1900,,35.2283398,128.8821886,6,19940429,6,"{""0"": [""0920"", ""1800""], ""1"": [""0920"", ""1800""], ""2"": [""0920"", ""1800""], ""3"": [""0920"", ""1800""], ""4"": [""0920"", ""1800""], ""5"": [""0920"", ""1500""]}",12시45분 ~ 14시,08시30분~5시,부원동 구 금강병원
JDQ4MTYyMiM4MSMkMiMkNCMkMDAkNDgxMzUxIzIxIyQxIyQ5IyQ4MiQzNjE4MzIjNDEjJDEjJDQjJDgz,연세안과의원,clinic,경남,남해군,"경상남도 남해군 남해읍 화전로 85, 1층",055-862-0357,,34.8388208,127.8938502,1,20060525,1,"{""0"": [""0830"", ""1730""], ""1"": [""0830"", ""1730""], ""2"": [""0830"", ""1730""], ""3"": [""0830"", ""1730""], ""4"": [""0830"", ""1730""], ""5"": [""0830"", ""1230""]}",12:50~14:00,,
JDQ4MTYyMiM4MSMkMiMkNCMkMDAkMzgxOTYxIzQxIyQxIyQ3IyQxMyQyNjEyMjIjNTEjJDEjJDYjJDgz,김보영안과의원,clinic,경남,밀양시,"경상남도 밀양시 삼문중앙로 49, 3층 (삼문동, 세종메디칼 빌딩)",055-352-5965,,35.4858659,128.7569741,1,19950429,1,,,,
JDQ4MTYyMiM4MSMkMiMkNCMkMDAkNDgxMzUxIzIxIyQxIyQ5IyQxMyQ0NjE0ODEjNDEjJDEjJDQjJDgz,밀양삼성안과의원,clinic,경남,밀양시,"경상남도 밀양시 북성로 11-2, 5층 (내이동)",354-0202,,35.498471,128.7442023,1,20121101,1,,,,
JDQ4MTYyMiM4MSMkMiMkNCMkMDAkNDgxMzUxIzIxIyQxIyQ1IyQ3OSQzNjEwMDIjNTEjJDEjJDYjJDgz,밀양성모안과의원,clinic,경남,밀양시,"경상남도 밀양시 중앙로 413, 4층 403호 (내이동)",,,35.4965697,128.7477682,1,20230131,1,"{""0"": [""0900"", ""1800""], ""1"": [""0900"", ""1800""], ""2"": [""0900"", ""1300""], ""3"": [""0900"", ""1800""], ""4"": [""0900"", ""1800""], ""5"": [""0900"", ""1300""]}",점심시간 12시30분~14시00분,"월,화,목,금 (09시~17시40분) 수(09시~12시40분)",제일메디빌딩
JDQ4MTYyMiM4MSMkMiMkNCMkMDAkMzgxNzAyIzUxIyQxIyQ1IyQ3OSQzNjE0ODEjODEjJDEjJDIjJDgz,밀양한빛안과의원,clinic,경남,밀양시,"경상남도 밀양시 중앙로 249, 1-2층 (삼문동)",055-356-8075,http://,35.4856835,128.7566438,1,20071214,1,"{""0"": [""0900"", ""1800""], ""1"": [""0900"", ""1800""], ""2"": [""0900"", ""1800""], ""3"": [""0900"", ""1800""], ""4"": [""0900"", ""1800""], ""5"": [""0900"", ""1240""]}",12시40분 ~14시00분,,
JDQ4MTYyMiM4MSMkMiMkNCMkMDAkMzgxNzAyIzIxIyQxIyQxIyQ3MiQ0NjEwMDIjNDEjJDEjJDgjJDgz,우안과의원,clinic,경남,밀양시,"경상남도 밀양시 석정로 7-1, 남정빌딩 (내일동)",055-355-2112,,35.4915422,128.7529595,1,20031021,1,"{""0"": [""0900"", ""1740""], ""1"": [""0900"", ""1740""], ""2"": [""0900"", ""1740""], ""3"": [""0900"", ""1740""], ""4"": [""0900"", ""1740""], ""5"": [""0900"", ""1230""]}",12시30분~14시까지,,
JDQ4MTYyMiM4MSMkMiMkNCMkMDAkMzgxMTkxIzIxIyQxIyQxIyQ4OSQzNjE0ODEjNjEjJDEjJDQjJDgz,곽안과의원,clinic,경남,사천시,"경상남도 사천시 중앙로 68, (동금동)",055-832-0033,,34.9320871,128.0763008,1,19980525,1,"{""0"": [""0900"", ""1730""], ""1"": [""0900"", ""1730""], ""2"": [""0900"", ""1230""], ""3"": [""0900"", ""1730""], ""4"": [""0900"", ""1730""], ""5"": [""0900"", ""1230""]}",12시30분~14시00분,09시00분~17시00분,삼원빌딩2층
JDQ4MTYyMiM4MSMkMiMkNCMkMDAkNDgxMzUxIzMxIyQyIyQ3IyQwMCQyNjEwMDIjNDEjJDEjJDgjJDgz,사천김안과의원,clinic,경남,사천시,"경상남도 사천시 사천읍 읍내1길 57, (사천읍)",055-853-5885,,35.0824824,128.0866236,1,20140321,1,"{""0"": [""0900"", ""1800""], ""1"": [""0900"", ""1800""], ""2"": [""0900"", ""1300""], ""3"": [""0900"", ""1800""], ""4"": [""0900"", ""1800""], ""5"": [""0900"", ""1300""], ""6"": [""0000"", ""0000""]}",,09시 00분 -17시30분,하나병원
JDQ4MTYyMiM4MSMkMiMkNCMkMDAkMzgxNzAyIzMxIyQxIyQ3IyQwMyQzNjE0ODEjNzEjJDEjJDgjJDgz,삼천포성모안과의원,clinic,경남,사천시,"경상남도 사천시 중앙로 122, 1,2층 (벌리동)",055-833-7588,http://www.3004sungmoeye.com,34.936569,128.0787771,1,20060421,1,,,,
JDQ4MTYyMiM4MSMkMiMkNCMkMDAkNDgxMzUxIzMxIyQxIyQzIyQ3OSQyNjEwMDIjNTEjJDEjJDYjJDgz,밝은서울안과의원,clinic,경남,산청군,"경상남도 산청군 산청읍 웅석봉로 6, (산청읍)",055-973-9937,,35.4166153,127.8768192,1,20080604,1,"{""0"": [""0800"", ""0500""], ""1"": [""0800"", ""0500""], ""2"": [""0800"", ""0500""], ""3"": [""0800"", ""0500""], ""4"": [""0800"", ""0500""], ""5"": [""0800"", ""1230""]}",,08시30분~17시50분,산청군농협
JDQ4MTYyMiM4MSMkMiMkNCMkMDAkMzgxMTkxIzUxIyQxIyQ1IyQxMyQyNjEwMDIjNTEjJDEjJDYjJDgz,미래안과의원,clinic,경남,양산시,"경상남도 양산시 양산역6길 17, 401호 (중부동, 청림타워)",055-389-0075,,35.3374266,129.0277612,1,20020424,1,,,,
JDQ4MTYyMiM4MSMkMiMkNCMkMDAkNDgxOTYxIzExIyQyIyQzIyQwMCQzNjEwMDIjNDEjJDEjJDgjJDgz,밝은김안과의원,clinic,경남,양산시,"경상남도 양산시 서일동로 39, 자연빌딩 3,4층 (중부동)",055-367-9116,,35.3418677,129.0371694,1,20160224,1,,,,
JDQ4MTYyMiM4MSMkMiMkNCMkMDAkNDgxMzUxIzExIyQxIyQ3IyQ5MiQyNjE0ODEjNDEjJDEjJDgjJDgz,밝은성모안과의원,clinic,경남,양산시,"경상남도 양산시 서창로 159, 남광빌딩 3층 (삼호동)",055-365-7676,,35.4142263,129.1701804,1,20091223,1,"{""0"": [""0900"", ""1800""], ""1"": [""0900"", ""1800""], ""2"": [""0900"", ""1800""], ""3"": [""0900"", ""1800""], ""4"": [""0900"", ""1800""], ""5"": [""0900"", ""1300""]}",1:00 ~2:00,08시 45분~17시50분(진료내용에 따라 다를수있음),서창 농협중앙회
JDQ4MTYyMiM4MSMkMiMkNCMkMDAkMzgxNzAyIzIxIyQxIyQ5IyQxMyQzNjEyMjIjODEjJDEjJDIjJDgz,보아스안과의원,clinic,경남,양산시,"경상남도 양산시 번영로 13, (덕계동)",055-366-9888,,35.3738637,129.1513021,1,20050309,1,,,,
JDQ4MTYyMiM4MSMkMiMkNCMkMDAkNDgxOTYxIzIxIyQxIyQ1IyQ3MiQyNjEwMDIjNTEjJDEjJDIjJDgz,양산밝은안과의원,clinic,경남,양산시,"경상남도 양산시 물금읍 증산역로 177, 라피에스타 522,523호",055-911-5030,,35.3098631,129.0093721,1,20220105,1,,,,
JDQ4MTYyMiM4MSMkMiMkNCMkMDAkNDgxMzUxIzIxIyQxIyQ1IyQ3OSQzNjE0ODEjNjEjJDEjJDQjJDgz,양산성모안과의원,clinic,경남,양산시,"경상남도 양산시 강변로 438, 크리스탈타워 3층 (중부동)",055-366-0103,http://www.sungmoys.co.kr,35.3380541,129.0267671,1,20110228,1,"{""0"": [""0900"", ""1730""], ""1"": [""0900"", ""1730""], ""2"": [""1330"", ""1730""], ""3"": [""0900"", ""1730""], ""4"": [""0900"", ""1730""], ""5"": [""0900"", ""1200""]}",12시30분~13시30분,09시00분~17시30분,지하철 2호선 양산역
JDQ4MTYyMiM4MSMkMiMkNCMkMDAkMzgxMTkxIzIxIyQxIyQxIyQ3OSQzNjEwMDIjNjEjJDEjJDgjJDgz,양산안과의원,clinic,경남,양산시,"경상남도 양산시 중앙로 143, (중부동)",055-387-8282,,35.3436484,129.0379184,1,19980430,1,"{""0"": [""0900"", ""1800""], ""1"": [""0900"", ""1800""], ""2"": [""0900"", ""1800""], ""3"": [""1400"", ""1800""], ""4"": [""0900"", ""1800""], ""5"": [""0800"", ""1200""]}",13-14시,,남부시장 농협 하나로마트
JDQ4MTYyMiM4MSMkMiMkNCMkMDAkMzgxOTYxIzMxIyQxIyQzIyQ5OSQyNjEyMjIjNDEjJDEjJDQjJDgz,에스케이안과의원,clinic,경남,양산시,"경상남도 양산시 양산역1길 18, 나래프라자 4층 401호 (중부동)",055-386-8240,,35.3364863,129.02762,1,20130328,1,,,,
JDQ4MTYyMiM4MSMkMiMkNCMkMDAkNDgxOTYxIzMxIyQxIyQ3IyQ4MiQzNjEyMjIjNDEjJDEjJDQjJDgz,증산성모안과의원,clinic,경남,양산시,"경상남도 양산시 물금읍 청운로 178, 아르누보시티 5층 502호",055-383-0096,,35.3162602,129.0027808,1,20170306,1,,,,
JDQ4MTYyMiM4MSMkMiMkNCMkMDAkNDgxOTYxIzIxIyQxIyQ5IyQ4OSQzNjE0ODEjNjEjJDEjJDAjJDgz,플러스 안과 의원,clinic,경남,양산시,"경상남도 양산시 평산로 17, 원강타워 5층 501,502호 (평산동)",055-785-5004,,35.3813237,129.1529788,1,20220929,1,,,,
JDQ4MTYyMiM4MSMkMiMkNCMkMDAkMzgxNzAyIzMxIyQxIyQ3IyQ3MiQyNjE0ODEjNTEjJDEjJDIjJDgz,김동건안과의원,clinic,경남,진주시,"경상남도 진주시 진양호로 288, (신안동)",055-741-0246,,35.1789127,128.0647552,1,20060220,1,"{""0"": [""0900"", ""1800""], ""1"": [""0900"", ""1800""], ""2"": [""0900"", ""1230""], ""3"": [""0900"", ""1800""], ""4"": [""0900"", ""1800""], ""5"": [""0900"", ""1300""]}",,,
JDQ4MTYyMiM4MSMkMiMkNCMkMDAkNDgxOTYxIzIxIyQxIyQxIyQ3OSQyNjEyMjIjODEjJDEjJDIjJDgz,밝은삼성안과의원,clinic,경남,진주시,"경상남도 진주시 진주대로 888, 아이비타워 5층 503호 (칠암동)",055-795-1700,,35.1798093,128.091059,1,20200212,1,,,,
JDQ4MTYyMiM4MSMkMiMkNCMkMDAkMzgxNzAyIzMxIyQxIyQ3IyQxMyQzNjE0ODEjNjEjJDEjJDAjJDgz,밝은안과의원,clinic,경남,진주시,"경상남도 진주시 동진로 175, 3층 (상대동)",055-756-6700,,35.1798349,128.1104733,1,20060519,1,"{""0"": [""0900"", ""1830""], ""1"": [""0900"", ""1830""], ""2"": [""0900"", ""1830""], ""3"": [""0900"", ""1500""], ""4"": [""0900"", ""1830""], ""5"": [""0900"", ""1600""]}",13시00분~14시00분,09시 00분~ 18시 15분. 단 목요일 09시00분~14시 30분,진주시 동진로 175
JDQ4MTYyMiM4MSMkMiMkNCMkMDAkNDgxOTYxIzQxIyQxIyQ3IyQ4OSQyNjE0ODEjNDEjJDEjJDgjJDgz,삼성리안과의원,clinic,경남,진주시,"경상남도 진주시 진주대로 871, 3층 306,307,308호 (주약동, 철도문화공원 극동스타클래스)",055-752-1010,,35.1782178,128.0910181,1,20260609,1,,,,
JDQ4MTYyMiM4MSMkMiMkNCMkMDAkNDgxMzUxIzIxIyQxIyQ1IyQ3OSQ0NjEwMDIjNjEjJDEjJDgjJDgz,송안과이비인후과의원,clinic,경남,진주시,"경상남도 진주시 향교로 13, 7층 (수정동, 영채메디컬)",055-746-6002,,35.197837,128.0840578,3,20110301,2,,,,
JDQ4MTYyMiM4MSMkMiMkNCMkMDAkNDgxOTYxIzMxIyQxIyQzIyQ4OSQ0NjEwMDIjNDEjJDEjJDgjJDgz,연세안과의원,clinic,경남,진주시,"경상남도 진주시 진주대로 1065, 2,3층 (대안동)",055-742-0006,,35.1946349,128.0835023,1,19980930,1,,,,
JDQ4MTYyMiM4MSMkMiMkNCMkMDAkNDgxMzUxIzIxIyQxIyQxIyQ5OSQzNjE0ODEjNTEjJDEjJDYjJDgz,예인안과의원,clinic,경남,진주시,"경상남도 진주시 도동로 222, 3층 (하대동)",055-759-9595,,35.1900838,128.1223023,1,20100503,1,"{""0"": [""0900"", ""1800""], ""1"": [""0900"", ""1800""], ""2"": [""0900"", ""1300""], ""3"": [""0900"", ""1800""], ""4"": [""0900"", ""1800""], ""5"": [""0900"", ""1300""]}",12시30분-2시,,
JDQ4MTYyMiM4MSMkMiMkNCMkMDAkMzgxOTYxIzUxIyQxIyQ1IyQ5OSQzNjE4MzIjNjEjJDEjJDgjJDgz,이성수안과의원,clinic,경남,진주시,"경상남도 진주시 진주대로 863, 2-4, 6층 (주약동)",746-6000,http://www.lasik114.com,35.1776583,128.0914502,3,19960530,3,"{""0"": [""0900"", ""1800""], ""1"": [""0900"", ""1800""], ""2"": [""0900"", ""1800""], ""3"": [""0900"", ""1800""], ""4"": [""0900"", ""1800""], ""5"": [""0900"", ""1300""]}",13시00분~14시00분,09시00분~17시30분,진주고려병원
JDQ4MTYyMiM4MSMkMiMkNCMkMDAkMzgxMTkxIzExIyQxIyQzIyQ3OSQyNjEwMDIjNDEjJDEjJDgjJDgz,제일안과의원,clinic,경남,진주시,"경상남도 진주시 사들로 91, 3층 301호,302호 (충무공동)",055-748-0990,,35.1758566,128.1486992,1,19970307,1,,,,
JDQ4MTYyMiM4MSMkMiMkNCMkMDAkNDgxMzUxIzUxIyQxIyQxIyQ3OSQyNjEwMDIjNTEjJDEjJDIjJDgz,좋은안과의원,clinic,경남,진주시,"경상남도 진주시 순환로 527, (평거동, 좋은메디컬빌딩)",055-742-9663,,35.1712047,128.0614364,1,20151027,1,"{""0"": [""0900"", ""1800""], ""1"": [""0900"", ""1800""], ""2"": [""0900"", ""1800""], ""3"": [""0900"", ""1300""], ""4"": [""0900"", ""2000""], ""5"": [""0900"", ""1300""]}",13:00-14:00,,
JDQ4MTYyMiM4MSMkMiMkNCMkMDAkMzgxMTkxIzIxIyQxIyQ1IyQ5OSQyNjEyMjIjNTEjJDEjJDIjJDgz,진주박안과의원,clinic,경남,진주시,"경상남도 진주시 진주대로 1064, 2~6층 (대안동)",055-746-0175,www.jinjulasik.co.kr/,35.1945109,128.0840547,2,19981230,2,"{""0"": [""0830"", ""1730""], ""1"": [""0830"", ""1730""], ""2"": [""0830"", ""1730""], ""3"": [""0830"", ""1730""], ""4"": [""0830"", ""1730""], ""5"": [""0830"", ""1200""]}",13:00~14:00,08:30~17:30,"국민은행 대안동지점옆,우리은행 진주지점 맞은편,진주중앙시장 입구 반도약국 3-7층"
JDQ4MTYyMiM4MSMkMiMkNCMkMDAkNDgxOTYxIzIxIyQxIyQxIyQ5MiQzNjEwMDIjNTEjJDEjJDYjJDgz,혁신우리안과의원,clinic,경남,진주시,"경상남도 진주시 사들로 50, 401호, ND빌딩 (충무공동)",055-795-5050,,35.1720177,128.1486485,1,20210120,1,"{""0"": [""0850"", ""1800""], ""1"": [""0850"", ""1800""], ""2"": [""0850"", ""1300""], ""3"": [""0850"", ""1800""], ""4"": [""0850"", ""1800""], ""5"": [""0850"", ""1300""]}","월,화,목,금 12:30 ~14:00",,
JDQ4MTYyMiM4MSMkMiMkNCMkMDAkMzgxNzAyIzMxIyQxIyQ3IyQ3OSQzNjE0ODEjODEjJDEjJDYjJDgz,삼성안과의원,clinic,경남,창녕군,"경상남도 창녕군 창녕읍 명덕로 47, (창녕읍)",055-533-8582,,35.5432903,128.4946203,1,20051027,1,,,,
JDQ4MTYyMiM4MSMkMiMkNCMkMDAkNDgxOTYxIzExIyQxIyQ3IyQ5MiQzNjE0ODEjODEjJDEjJDYjJDgz,창녕밝은안과의원,clinic,경남,창녕군,"경상남도 창녕군 창녕읍 군청길 18, 6층 601,602호",055-533-8877,,35.5425332,128.4920631,1,20190916,1,,,,
JDQ4MTYyMiM4MSMkMiMkNCMkMDAkMzgxMTkxIzUxIyQxIyQxIyQ5OSQzNjE0ODEjNDEjJDEjJDgjJDgz,누리안과의원,clinic,경남,창원마산합포구,"경상남도 창원시 마산합포구 가포로 8, (해운동, 선진빌딩)",055-224-0075,,35.1793938,128.5581438,1,20010706,1,"{""0"": [""0930"", ""1800""], ""1"": [""0930"", ""1800""], ""2"": [""0930"", ""1800""], ""3"": [""0930"", ""1230""], ""4"": [""0930"", ""1800""], ""5"": [""0930"", ""1230""]}",12;30-14;00,09;30-18;00,선진빌딩302호
JDQ4MTYyMiM4MSMkMiMkNCMkMDAkMzgxMTkxIzUxIyQxIyQ1IyQ2MiQyNjE4MzIjNTEjJDEjJDYjJDgz,마산밝은안과의원,clinic,경남,창원마산합포구,"경상남도 창원시 마산합포구 해안대로 15, (해운동, 파라다이스빌딩)",055-247-4782,http://,35.1805211,128.5606812,1,20020314,1,"{""0"": [""0900"", ""1800""], ""1"": [""0900"", ""1800""], ""2"": [""0900"", ""1800""], ""3"": [""1400"", ""1800""], ""4"": [""0900"", ""1800""], ""5"": [""0900"", ""1300""]}",13시 00분 - 14시 00분,"월 화 수 금 09시 -17시 50분, 목요일은 14시 00분 - 17시 50분",경민파라다이스빌딩
JDQ4MTYyMiM4MSMkMiMkNCMkMDAkNDgxMzUxIzExIyQxIyQ3IyQwMyQzNjE4MzIjNjEjJDEjJDQjJDgz,마산성모안과의원,clinic,경남,창원마산합포구,"경상남도 창원시 마산합포구 합포로 28, (남성동, 대동빌딩)",055-222-7107,,35.2030447,128.5754667,1,20100204,1,"{""0"": [""0900"", ""1800""], ""1"": [""0900"", ""1800""], ""2"": [""0900"", ""1800""], ""3"": [""0900"", ""1800""], ""4"": [""0900"", ""1800""], ""5"": [""0900"", ""1300""]}",13시00분~14시00분,,
JDQ4MTYyMiM4MSMkMiMkNCMkMDAkMzgxMTkxIzQxIyQyIyQ3IyQwMCQzNjEyMjIjODEjJDEjJDIjJDgz,파티마안과의원,clinic,경남,창원마산합포구,"경상남도 창원시 마산합포구 합포로 26-1, (남성동, 경남약국)",055-242-3700,www.fatimaeye.co.kr/,35.2029786,128.5751971,1,20010308,1,"{""0"": [""0630"", ""1730""], ""1"": [""0630"", ""1730""], ""2"": [""0630"", ""1730""], ""3"": [""0630"", ""1730""], ""4"": [""0630"", ""1730""], ""5"": [""0630"", ""1730""]}",12시-14시,06시30분-18시,"어시장 구지하도 입구, 돼지골목 입구 옆,"
JDQ4MTYyMiM4MSMkMiMkNCMkMDAkMzgxMzUxIzIxIyQyIyQ5IyQwMCQyNjEwMDIjNzEjJDEjJDgjJDgz,평안안과의원,clinic,경남,창원마산합포구,"경상남도 창원시 마산합포구 북성로 3, (창동, 평안안과의원)",055-246-0076,www.ilove-eye.co.kr/,35.2076137,128.5735858,1,19800201,1,,,,
JDQ4MTYyMiM4MSMkMiMkNCMkMDAkMzgxOTYxIzIxIyQxIyQ1IyQ4MiQzNjE0ODEjNTEjJDEjJDIjJDgz,김안과의원,clinic,경남,창원마산회원구,"경상남도 창원시 마산회원구 3·15대로 669, (석전동)",055-298-1176,http://www.eyeclinic.co.kr/,35.2329231,128.5778262,9,19911009,8,,,,
JDQ4MTYyMiM4MSMkMiMkNCMkMDAkMzgxMTkxIzUxIyQxIyQ1IyQxMyQzNjEwMDIjNjEjJDEjJDgjJDgz,삼성안과의원,clinic,경남,창원마산회원구,"경상남도 창원시 마산회원구 내서읍 삼계로 12, (내서읍)",055-231-3375,,35.232225,128.5034759,1,20040209,1,,,,
JDQ4MTYyMiM4MSMkMiMkNCMkMDAkNDgxMzUxIzIxIyQxIyQ5IyQ4MiQyNjEwMDIjNDEjJDEjJDgjJDgz,아인스안과의원,clinic,경남,창원마산회원구,"경상남도 창원시 마산회원구 3·15대로 778, (합성동, 정비인후과의원)",055-294-7442,http://www.einseye.com/,35.2407768,128.5847004,1,20120702,1,"{""0"": [""0850"", ""1800""], ""1"": [""0850"", ""1800""], ""2"": [""0850"", ""1800""], ""3"": [""0850"", ""1800""], ""4"": [""0850"", ""1800""], ""5"": [""0850"", ""1400""]}",13:00~14:00,08:45~18:00,합성동 마산시외버스터미널 하차장에서
JDQ4MTYyMiM4MSMkMiMkNCMkMDAkMzgxMTkxIzMxIyQxIyQzIyQ5MiQyNjEyMjIjNDEjJDEjJDgjJDgz,예일안과의원,clinic,경남,창원마산회원구,"경상남도 창원시 마산회원구 3·15대로 659, (석전동, 예일안과)",055-296-6111,,35.2320669,128.5771849,4,20000419,4,,,,
JDQ4MTYyMiM4MSMkMiMkNCMkMDAkMzgxNzAyIzExIyQxIyQzIyQ4OSQ0NjE0ODEjNDEjJDEjJDgjJDgz,이종흔안과의원,clinic,경남,창원마산회원구,"경상남도 창원시 마산회원구 3·15대로 750, (합성동, 마산시외버스터미널)",055-299-5599,,35.2386909,128.5831259,2,20020607,2,"{""0"": [""0830"", ""1800""], ""1"": [""0830"", ""1800""], ""2"": [""0830"", ""1800""], ""3"": [""0830"", ""1800""], ""4"": [""0830"", ""1800""], ""5"": [""0830"", ""1300""]}",13시 00분 ~ 14시 00분,08시 30분 ~17시 30분,이종흔안과의원
JDQ4MTYyMiM4MSMkMiMkNCMkMDAkMzgxOTYxIzIxIyQxIyQ5IyQ3MiQzNjE0ODEjNDEjJDEjJDgjJDgz,정안과의원,clinic,경남,창원마산회원구,"경상남도 창원시 마산회원구 3·15대로 767, 1.2.3층 (합성동, 정안과의원)",055-252-1400,http://lasikeyecenter.co.kr/,35.2403298,128.5836262,1,19920506,1,"{""0"": [""0930"", ""1800""], ""1"": [""0930"", ""1800""], ""2"": [""0930"", ""1800""], ""3"": [""0930"", ""1800""], ""4"": [""0930"", ""1800""], ""5"": [""0900"", ""1300""]}",12시00분~14시00분,09시30분~18시00분,합성동시외버스터미널 하차장
JDQ4MTYyMiM4MSMkMiMkNCMkMDAkMzgxNzAyIzQxIyQxIyQ3IyQ4OSQzNjEwMDIjNDEjJDEjJDgjJDgz,밝고고운안과의원,clinic,경남,창원성산구,"경상남도 창원시 성산구 원이대로 595, 고운메디컬빌딩 7층 (용호동)",055-283-3200,,35.2280094,128.6802898,1,20060718,1,"{""0"": [""0900"", ""1820""], ""1"": [""0900"", ""1820""], ""2"": [""0900"", ""1820""], ""3"": [""0900"", ""1820""], ""4"": [""0900"", ""1820""], ""5"": [""0900"", ""1400""]}",12시 30분 ~ 14시 00분,,
JDQ4MTYyMiM4MSMkMiMkNCMkMDAkMzgxOTYxIzMxIyQxIyQzIyQ4MiQyNjEwMDIjNDEjJDEjJDgjJDgz,밝은미래안과의원,clinic,경남,창원성산구,"경상남도 창원시 성산구 상남로 122, (상남동, 롯데메디컬)",282-9100,,35.2237652,128.6832856,1,20020703,1,,,,
JDQ4MTYyMiM4MSMkMiMkNCMkMDAkNDgxMzUxIzQxIyQxIyQ3IyQ3MiQ0NjEwMDIjODEjJDEjJDIjJDgz,밝은힐링안과의원,clinic,경남,창원성산구,"경상남도 창원시 성산구 상남로 126, 10층 (상남동)",055-719-2800,,35.2240773,128.6836462,2,20230821,1,,,,
JDQ4MTYyMiM4MSMkMiMkNCMkMDAkNDgxOTYxIzMxIyQxIyQzIyQ5OSQyNjE0ODEjNjEjJDEjJDQjJDgz,범안과의원,clinic,경남,창원성산구,"경상남도 창원시 성산구 원이대로 587, 정우상가 4층 1-1호 (용호동)",055-285-0307,,35.228414,128.6794813,1,20240229,1,"{""0"": [""0930"", ""1800""], ""1"": [""0930"", ""1800""], ""2"": [""0930"", ""1800""], ""3"": [""0930"", ""1800""], ""4"": [""0930"", ""1800""], ""5"": [""0930"", ""1200""]}",12시30분~2시00분,09시00분~17시30분,창원시청
JDQ4MTYyMiM4MSMkMiMkNCMkMDAkMzgxNzAyIzUxIyQxIyQxIyQwMyQyNjE0ODEjNzEjJDEjJDgjJDgz,서울아이비안과의원,clinic,경남,창원성산구,"경상남도 창원시 성산구 상남로 73, (상남동, 서울메디컬빌딩4층)",055-274-5027,,35.2206377,128.6798691,1,20070904,1,"{""0"": [""0930"", ""1830""], ""1"": [""0930"", ""1830""], ""2"": [""0930"", ""1830""], ""3"": [""0930"", ""1830""], ""4"": [""0930"", ""2000""], ""5"": [""0900"", ""1300""]}",13시00분~14시00분,09시30분~18시00분 ( 금요일 09시30분~19시30분 ),코아상가
JDQ4MTYyMiM4MSMkMiMkNCMkMDAkMzgxOTYxIzIxIyQxIyQ5IyQ4OSQ0NjEwMDIjNTEjJDEjJDYjJDgz,유안과의원,clinic,경남,창원성산구,"경상남도 창원시 성산구 동산로 124, (상남동, 성원그랜드쇼핑)",055-262-8203,,35.2193566,128.6915779,1,19920303,1,"{""0"": [""0930"", ""1830""], ""1"": [""0930"", ""1830""], ""2"": [""0930"", ""1830""], ""3"": [""0930"", ""1830""], ""4"": [""0930"", ""1830""], ""5"": [""0930"", ""1330""]}",13시00분~14시00분,09시30분~18시00분,
JDQ4MTYyMiM4MSMkMiMkNCMkMDAkMzgxOTYxIzMxIyQyIyQzIyQwMCQyNjE4MzIjNjEjJDEjJDQjJDgz,정영주안과의원,clinic,경남,창원성산구,"경상남도 창원시 성산구 가양로124번길 13, (대방동, 204호)",055-283-0277,,35.2082587,128.7075527,1,20050204,1,"{""0"": [""0900"", ""1830""], ""1"": [""0900"", ""1830""], ""2"": [""0900"", ""1230""], ""3"": [""0900"", ""1830""], ""4"": [""0900"", ""1830""], ""5"": [""0900"", ""1230""]}",12:30 - 14:00,,
JDQ4MTYyMiM4MSMkMiMkNCMkMDAkNDgxMzUxIzUxIyQxIyQ1IyQ3OSQzNjE0ODEjNTEjJDEjJDYjJDgz,창원글로리안과의원,clinic,경남,창원성산구,"경상남도 창원시 성산구 마디미서로 54, 3층 301호 (상남동, 서울아동병원)",055-285-2855,,35.2208386,128.6808909,1,20160908,1,,,,
JDQ4MTYyMiM4MSMkMiMkNCMkMDAkMzgxNzAyIzUxIyQxIyQ1IyQ4OSQzNjEyMjIjNDEjJDEjJDgjJDgz,파티마안과의원,clinic,경남,창원성산구,"경상남도 창원시 성산구 원이대로 320, 더시티세븐 트레이드센터 301,302,303,401호 (대원동)",055-277-9100,,35.2396668,128.6544087,3,20150706,3,"{""0"": [""0900"", ""1800""], ""1"": [""0900"", ""1800""], ""2"": [""0900"", ""1800""], ""3"": [""0900"", ""1800""], ""4"": [""0900"", ""2000""], ""5"": [""0900"", ""1500""]}",,,
JDQ4MTYyMiM4MSMkMiMkNCMkMDAkNDgxOTYxIzMxIyQxIyQ3IyQ2MiQzNjEyMjIjNjEjJDEjJDQjJDgz,북면감계안과의원,clinic,경남,창원의창구,"경상남도 창원시 의창구 북면 감계로110번길 54-39, 5층 504호",055-292-3888,,35.3015564,128.5955592,1,20170302,1,,,,
JDQ4MTYyMiM4MSMkMiMkNCMkMDAkNDgxOTYxIzQxIyQxIyQ3IyQ3OSQ0NjE0ODEjODEjJDEjJDYjJDgz,원안과의원,clinic,경남,창원의창구,"경상남도 창원시 의창구 창원대로363번길 22-33, 대찬 빌딩 3층 (팔용동)",055-237-0101,,35.2371141,128.6413342,1,20260521,1,,,,
JDQ4MTYyMiM4MSMkMiMkNCMkMDAkMzgxNzAyIzIxIyQxIyQ5IyQ3MiQyNjE4MzIjNjEjJDEjJDAjJDgz,이안과의원,clinic,경남,창원의창구,"경상남도 창원시 의창구 읍성로 46, (중동)",055-255-8275,,35.2647999,128.6231812,1,20050204,1,"{""0"": [""0930"", ""1800""], ""1"": [""0930"", ""1800""], ""2"": [""0930"", ""1300""], ""3"": [""0930"", ""1800""], ""4"": [""0930"", ""1800""], ""5"": [""0930"", ""1300""]}",13시00분~14시00분,,
JDQ4MTYyMiM4MSMkMiMkNCMkMDAkMzgxMzUxIzUxIyQxIyQ1IyQ5OSQyNjE0ODEjNTEjJDEjJDYjJDgz,차안과의원,clinic,경남,창원의창구,"경상남도 창원시 의창구 원이대로 587, (용호동)",055-285-0301,,35.228414,128.6794813,1,20120409,1,,12시 30분~14시 00분,09시 30분~16시,
JDQ4MTYyMiM4MSMkMiMkNCMkMDAkMzgxOTYxIzIxIyQxIyQxIyQwMyQzNjEwMDIjODEjJDEjJDYjJDgz,최재선안과의원,clinic,경남,창원의창구,"경상남도 창원시 의창구 원이대로 283, (봉곡동, 청마상가)",055-238-2010,,35.2427123,128.6509948,1,19910219,1,"{""0"": [""0900"", ""1800""], ""1"": [""0900"", ""1800""], ""2"": [""0900"", ""1800""], ""3"": [""0900"", ""1800""], ""4"": [""0900"", ""1800""], ""5"": [""0900"", ""1250""]}",12시50분~14시00분,09시00분~17시50분,
JDQ4MTYyMiM4MSMkMiMkNCMkMDAkMzgxNzAyIzExIyQxIyQzIyQ4OSQyNjE4MzIjNDEjJDEjJDQjJDgz,류영철안과의원,clinic,경남,창원진해구,"경상남도 창원시 진해구 냉천로 87, 203호 (석동, Y-Zone빌딩)",055-545-7375,,35.1532746,128.7065113,1,20020521,1,,,,
JDQ4MTYyMiM4MSMkMiMkNCMkMDAkMzgxNzAyIzIxIyQxIyQ5IyQ2MiQ0NjE0ODEjODEjJDEjJDIjJDgz,맑은눈안과의원,clinic,경남,창원진해구,"경상남도 창원시 진해구 충장로 361, 301호 (경화동, 그랜드메디컬)",055-545-7582,http://www.cleaneyes.co.kr,35.1539583,128.6916717,1,20050118,1,"{""0"": [""0900"", ""1800""], ""1"": [""0900"", ""1800""], ""2"": [""0900"", ""1800""], ""3"": [""0900"", ""1230""], ""4"": [""0900"", ""1800""], ""5"": [""0900"", ""1230""]}",13:00 ~ 14:00,"09:00 ~ 18:00 , 목요일 09:00~12:30분",진해 경화동 홈플러스
JDQ4MTYyMiM4MSMkMiMkNCMkMDAkNDgxOTYxIzIxIyQxIyQ5IyQ5MiQyNjEyMjIjNDEjJDEjJDgjJDgz,밝은힐링안과의원,clinic,경남,창원진해구,"경상남도 창원시 진해구 충장로 128, (충무동)",055-545-9100,,35.1517258,128.6658797,1,20080115,1,,,,
JDQ4MTYyMiM4MSMkMiMkNCMkMDAkNDgxMzUxIzIxIyQyIyQ1IyQwMCQyNjE0ODEjNjEjJDEjJDAjJDgz,용원성모안과의원,clinic,경남,창원진해구,"경상남도 창원시 진해구 안골로 348, 용원그랜드쇼핑 202,205,206호 (용원동)",055-546-2002,,35.1020412,128.8102967,3,20110422,3,"{""0"": [""0900"", ""1800""], ""1"": [""0900"", ""1800""], ""2"": [""0900"", ""1300""], ""3"": [""0900"", ""1800""], ""4"": [""0900"", ""1800""], ""5"": [""0900"", ""1300""]}",13시00~ 14시00분,8시30분~ 18시 00분,
JDQ4MTYyMiM4MSMkMiMkNCMkMDAkMzgxMzUxIzQxIyQxIyQ3IyQ5MiQzNjEwMDIjODEjJDEjJDIjJDgz,진해안과의원,clinic,경남,창원진해구,"경상남도 창원시 진해구 충장로 131, (여좌동)",055-542-0069,,35.1523938,128.6664474,1,19850227,1,"{""0"": [""0900"", ""2230""], ""1"": [""0900"", ""2230""], ""2"": [""0900"", ""2230""], ""3"": [""0900"", ""2230""], ""4"": [""0900"", ""2230""], ""5"": [""0900"", ""2230""], ""6"": [""0900"", ""2230""]}",12:30~13:30,09:00~22:30,
JDQ4MTYyMiM4MSMkMiMkNCMkMDAkMzgxMzUxIzUxIyQxIyQ1IyQ2MiQyNjEwMDIjNjEjJDEjJDgjJDgz,김안과의원,clinic,경남,통영시,"경상남도 통영시 중앙로 129, 2층 (항남동, 천보빌딩)",055-642-4452,,34.8432846,128.422559,1,19870501,1,,,,
JDQ4MTYyMiM4MSMkMiMkNCMkMDAkNDgxMzUxIzQxIyQxIyQ3IyQ3MiQyNjEyMjIjNDEjJDEjJDgjJDgz,삼성안과의원,clinic,경남,통영시,"경상남도 통영시 중앙로 160, 2층 2,3,4호 (태평동, 충무데파트)",055-644-1919,,34.8459141,128.4242918,1,20090519,1,"{""0"": [""0900"", ""1800""], ""1"": [""0900"", ""1800""], ""2"": [""0900"", ""1800""], ""3"": [""0900"", ""1230""], ""4"": [""0900"", ""1800""], ""5"": [""0900"", ""1230""]}",09시00분~18시00분(목요일 오후 휴진),,
JDQ4MTYyMiM4MSMkMiMkNCMkMDAkMzgxNzAyIzIxIyQxIyQxIyQ3OSQyNjE4MzIjNjEjJDEjJDQjJDgz,성모안과의원,clinic,경남,통영시,"경상남도 통영시 중앙로 303, 양희빌딩 4,5층 (북신동)",055-649-5919,,34.8574176,128.4282053,1,20030529,1,,,,
JDQ4MTYyMiM4MSMkMiMkNCMkMDAkMzgxOTYxIzUxIyQxIyQxIyQ4MiQzNjE4MzIjODEjJDEjJDYjJDgz,통영예일안과의원,clinic,경남,통영시,"경상남도 통영시 중앙로 240, 2,6층 (북신동)",055-644-5419,,34.8517526,128.4283654,2,19960202,2,"{""0"": [""0900"", ""0630""], ""1"": [""0900"", ""0630""], ""2"": [""0900"", ""0630""], ""3"": [""0900"", ""0630""], ""4"": [""0900"", ""0630""], ""5"": [""0900"", ""1300""]}",12시30분 ~ 14시00분,,
JDQ4MTYyMiM4MSMkMiMkNCMkMDAkNDgxOTYxIzIxIyQxIyQxIyQ3OSQzNjEyMjIjNDEjJDEjJDgjJDgz,서울안과의원,clinic,경남,하동군,"경상남도 하동군 하동읍 중앙로 15, 경남은행 2층",055-882-2075,,35.0701547,127.7508472,1,20070405,1,,,,
JDQ4MTYyMiM4MSMkMiMkNCMkMDAkNDgxOTYxIzMxIyQxIyQzIyQ5OSQ0NjE0ODEjNDEjJDEjJDgjJDgz,함안성모안과의원,clinic,경남,함안군,"경상남도 함안군 가야읍 남경길 32, 1층 103호",055-582-1700,,35.2787239,128.4095942,1,20240322,1,"{""0"": [""0900"", ""1800""], ""1"": [""0900"", ""1800""], ""2"": [""0900"", ""1800""], ""3"": [""0900"", ""1800""], ""4"": [""0900"", ""1800""], ""5"": [""0900"", ""1300""]}",오후 13시부터14시까지,09시00~17시30분,
JDQ4MTYyMiM4MSMkMiMkNCMkMDAkNDgxMzUxIzMxIyQxIyQ3IyQ5OSQ0NjE0ODEjNDEjJDEjJDgjJDgz,함양안과의원,clinic,경남,함양군,"경상남도 함양군 함양읍 용평중앙길 10-1, 동신빌딩A 3층4층",055-963-0875,,35.5184157,127.7279511,1,20100421,1,"{""0"": [""0850"", ""1800""], ""1"": [""0850"", ""1800""], ""2"": [""0850"", ""1800""], ""3"": [""0850"", ""1800""], ""4"": [""0850"", ""1800""], ""5"": [""0850"", ""1230""]}",13:00-14:00,8시 30분 ~ 17시 50분,
JDQ4MTYyMiM4MSMkMiMkNCMkMDAkNDgxMzUxIzQxIyQxIyQ3IyQwMyQzNjEyMjIjNjEjJDEjJDQjJDgz,합천밝은안과의원,clinic,경남,합천군,"경상남도 합천군 합천읍 옥산로 70, 70",055-932-7553,,35.5681045,128.1628615,1,20070112,1,"{""0"": [""0900"", ""1700""], ""1"": [""0900"", ""1700""], ""2"": [""0900"", ""1700""], ""3"": [""0900"", ""1230""], ""4"": [""0900"", ""1700""], ""5"": [""0900"", ""1230""]}",12시 30분~14시,8시 50분~16시50분,합천시외버스터미널
JDQ4MTYyMiM4MSMkMiMkMCMkMDAkMzgxNzAyIzUxIyQxIyQxIyQwMyQyNjEwMDIjNDEjJDEjJDgjJDgz,경산밝은안과의원,clinic,경북,경산시,"경상북도 경산시 중방로 17, 4층 (중방동)",053-813-9944,,35.8303321,128.736076,1,20031206,1,,,,
JDQ4MTYyMiM4MSMkMiMkMCMkMDAkMzgxMTkxIzIxIyQxIyQ1IyQ3OSQzNjEwMDIjODEjJDEjJDYjJDgz,경산안과의원,clinic,경북,경산시,"경상북도 경산시 경안로 202, 3층 (중방동)",053-814-7007,,35.8255842,128.7373615,1,19960415,1,"{""0"": [""0930"", ""1800""], ""1"": [""0930"", ""1800""], ""2"": [""0930"", ""1800""], ""3"": [""0930"", ""1800""], ""4"": [""0930"", ""1800""], ""5"": [""0930"", ""1230""]}",12시 30분 - 2시,09시 30분 - 18시,국민은행 세명병원
JDQ4MTYyMiM4MSMkMiMkMCMkMDAkNDgxMzUxIzIxIyQxIyQxIyQ3MiQzNjEyMjIjODEjJDEjJDIjJDgz,경산제일안과의원,clinic,경북,경산시,"경상북도 경산시 중앙로 78, 3층 (중방동)",053-811-5463,,35.8228687,128.7355,3,20060111,3,"{""0"": [""0840"", ""1800""], ""1"": [""0840"", ""1800""], ""2"": [""0840"", ""1800""], ""3"": [""0840"", ""1800""], ""4"": [""0840"", ""1800""], ""5"": [""0840"", ""1230""]}",13시~14시,,
JDQ4MTYyMiM4MSMkMiMkMCMkMDAkNDgxOTYxIzIxIyQxIyQ5IyQ5MiQ0NjEwMDIjNjEjJDEjJDQjJDgz,밝은미래안과의원,clinic,경북,경산시,"경상북도 경산시 대학로 46, 2층 (정평동)",053-811-7585,,35.8337425,128.7277482,1,20210915,1,"{""0"": [""0900"", ""1830""], ""1"": [""0900"", ""1830""], ""2"": [""0900"", ""1830""], ""3"": [""0900"", ""1830""], ""4"": [""0900"", ""1830""], ""5"": [""0900"", ""1300""]}",13시00분~14시00분,08시50분~18시00분,정평역 2번출구앞
JDQ4MTYyMiM4MSMkMiMkMCMkMDAkMzgxMTkxIzQxIyQxIyQ3IyQ3OSQyNjEwMDIjNDEjJDEjJDgjJDgz,우경호연합안과의원,clinic,경북,경산시,"경상북도 경산시 하양읍 하양로 107, (하양읍)",053-854-7582,,35.9138772,128.8189684,1,19990116,1,,,,
JDQ4MTYyMiM4MSMkMiMkMCMkMDAkMzgxNzAyIzExIyQxIyQ3IyQ4OSQ0NjEwMDIjNDEjJDEjJDgjJDgz,중앙안과의원,clinic,경북,경산시,"경상북도 경산시 중앙로 79, 3층 (중방동, 제일빌딩)",053-814-1222,,35.8234177,128.7355074,1,20001201,1,"{""0"": [""0900"", ""1730""], ""1"": [""0900"", ""1730""], ""2"": [""0000"", ""0000""], ""3"": [""0900"", ""1730""], ""4"": [""0900"", ""1730""], ""5"": [""0900"", ""1200""]}",12시 30분- 2시,08:40- 17: 45,경산 시장입구 제일  약국 3 층
JDQ4MTYyMiM4MSMkMiMkMCMkMDAkNDgxMTkxIzUxIyQxIyQ1IyQ4OSQ0NjE0ODEjNDEjJDEjJDgjJDgz,하양삼성안과의원,clinic,경북,경산시,"경상북도 경산시 하양읍 하양로 119, 119",053-856-7515,,35.9145739,128.8200081,1,20070119,1,,,,
JDQ4MTYyMiM4MSMkMiMkMCMkMDAkNDgxMTkxIzIxIyQxIyQ1IyQ5OSQzNjEwMDIjNjEjJDEjJDQjJDgz,경주김안과의원,clinic,경북,경주시,"경상북도 경주시 원화로 288, (성동동)",054-775-2255,,35.8462796,129.2175272,1,20210210,1,"{""0"": [""0900"", ""1800""], ""1"": [""0900"", ""1800""], ""2"": [""0900"", ""1800""], ""3"": [""0900"", ""1800""], ""4"": [""0900"", ""1800""], ""5"": [""0900"", ""1200""]}",,,
JDQ4MTYyMiM4MSMkMiMkMCMkMDAkNDgxOTYxIzQxIyQyIyQ3IyQwMCQzNjE0ODEjNjEjJDEjJDAjJDgz,경주밝은안과의원,clinic,경북,경주시,"경상북도 경주시 금성로 287, 이룸프라자 2층 (성건동)",054-743-9977,,35.843091,129.2066503,1,20160512,1,,,,
JDQ4MTYyMiM4MSMkMiMkMCMkMDAkMzgxMTkxIzIxIyQxIyQxIyQ4MiQzNjEyMjIjNjEjJDEjJDAjJDgz,경주성모안과의원,clinic,경북,경주시,"경상북도 경주시 원화로 293, 성모클리닉빌딩 (성동동)",054-772-9922,http://www.sungmolasik.com/,35.846824,129.2169822,3,19960116,3,"{""0"": [""0840"", ""1800""], ""1"": [""0840"", ""1800""], ""2"": [""0840"", ""1800""], ""3"": [""0840"", ""1800""], ""4"": [""0840"", ""1800""], ""5"": [""0840"", ""1200""]}",,8시40분~18시까지(진료),구경주역
JDQ4MTYyMiM4MSMkMiMkMCMkMDAkMzgxMTkxIzExIyQxIyQ3IyQ4OSQzNjE0ODEjNjEjJDEjJDQjJDgz,명안과의원,clinic,경북,경주시,"경상북도 경주시 원화로 273, (성동동)",054-773-2125,,35.8450409,129.2169438,1,19941118,1,"{""0"": [""0900"", ""1800""], ""1"": [""0900"", ""1800""], ""2"": [""0900"", ""1230""], ""3"": [""0900"", ""1800""], ""4"": [""0900"", ""1800""], ""5"": [""0900"", ""1230""]}",12시30분~2시,09시00~5시30분,
JDQ4MTYyMiM4MSMkMiMkMCMkMDAkNDgxMzUxIzMxIyQxIyQzIyQxMyQyNjEyMjIjNTEjJDEjJDYjJDgz,안강제일안과의원,clinic,경북,경주시,"경상북도 경주시 안강읍 안강중앙로 205, 2층",054-761-8275,,35.9928232,129.2227531,1,20071212,1,"{""0"": [""0930"", ""1700""], ""1"": [""0930"", ""1900""], ""2"": [""0930"", ""1230""], ""3"": [""0930"", ""1700""], ""4"": [""0930"", ""1700""]}",12:30~14:00,09:00~16:30 화요일 09:00~18:30 수요일 09:00~12:00,안강시장사거리 고내과건물
JDQ4MTYyMiM4MSMkMiMkMCMkMDAkNDgxMzUxIzIxIyQxIyQxIyQ5OSQ0NjE0ODEjNTEjJDEjJDIjJDgz,조수호안과의원,clinic,경북,경주시,"경상북도 경주시 금성로 290, 2층 (성건동)",054-777-0067,,35.8433599,129.2072777,1,20051024,1,,,,
JDQ4MTYyMiM4MSMkMiMkMCMkMDAkNDgxOTYxIzExIyQxIyQzIyQwMyQzNjE4MzIjNDEjJDEjJDgjJDgz,경대연합안과의원,clinic,경북,고령군,"경상북도 고령군 대가야읍 중앙로 9, 1층",054-955-0090,http://www.kdeye.com/,35.7300254,128.2689685,2,20050518,2,,,,
JDQ4MTYyMiM4MSMkMiMkMCMkMDAkNDgxMTkxIzMxIyQxIyQzIyQ4MiQ0NjEwMDIjNDEjJDEjJDQjJDgz,구미더원안과의원,clinic,경북,구미시,"경상북도 구미시 송정대로 34, 2~3층 (송정동)",054-452-7582,http://the1eyecenter.com/,36.1173322,128.3426075,2,20230222,2,,,,
JDQ4MTYyMiM4MSMkMiMkMCMkMDAkNDgxMTkxIzIxIyQxIyQ1IyQ3OSQzNjEyMjIjODEjJDEjJDYjJDgz,구미봄안과의원,clinic,경북,구미시,"경상북도 구미시 옥계북로 26, (옥계동)",054-472-1010,,36.1382147,128.4202436,1,20201218,1,"{""0"": [""0900"", ""1830""], ""1"": [""0900"", ""1830""], ""2"": [""0900"", ""1830""], ""4"": [""0900"", ""1830""], ""5"": [""0900"", ""1400""]}",13:00~14:00,,
JDQ4MTYyMiM4MSMkMiMkMCMkMDAkMzgxNzAyIzIxIyQxIyQ5IyQxMyQyNjEyMjIjNDEjJDEjJDgjJDgz,밝은안과의원,clinic,경북,구미시,"경상북도 구미시 구미중앙로 52, (원평동)",054-455-9559,,36.1296864,128.3285936,1,20020227,1,,,,
JDQ4MTYyMiM4MSMkMiMkMCMkMDAkMzgxMTkxIzExIyQxIyQ3IyQ5OSQ0NjE0ODEjNjEjJDEjJDQjJDgz,빛사랑안과의원,clinic,경북,구미시,"경상북도 구미시 금오대로 291, (오태동)",054-462-0070,,36.0711267,128.3484396,1,20070503,1,,,,
JDQ4MTYyMiM4MSMkMiMkMCMkMDAkMzgxNzAyIzUxIyQxIyQ1IyQ3OSQyNjEwMDIjNDEjJDEjJDQjJDgz,제일안과의원,clinic,경북,구미시,"경상북도 구미시 인동가산로 33, (인의동)",054-474-0012,http://,36.1062739,128.4199544,1,20040129,1,,,,
JDQ4MTYyMiM4MSMkMiMkMCMkMDAkMzgxMTkxIzExIyQxIyQzIyQ4MiQyNjEwMDIjNDEjJDEjJDgjJDgz,진안과의원,clinic,경북,구미시,"경상북도 구미시 구미중앙로 85, 3층 1호 (원평동)",054-453-6989,www.lasikgumi.co.kr/,36.12877,128.3321213,1,19940503,1,"{""0"": [""0930"", ""1830""], ""1"": [""0930"", ""1830""], ""2"": [""0930"", ""1300""], ""3"": [""0930"", ""1830""], ""4"": [""0930"", ""1830""], ""5"": [""0930"", ""1300""]}",13시 ~14시,08시 00분 ~17시 30분,구미역 맞은편 외환은행 3층
JDQ4MTYyMiM4MSMkMiMkMCMkMDAkMzgxNzAyIzUxIyQxIyQ1IyQ5OSQzNjE4MzIjNTEjJDEjJDYjJDgz,현대안과의원,clinic,경북,구미시,"경상북도 구미시 신시로14길 4, 1,2.5층 (송정동)",054-441-0880,www.fineeye.co.kr/,36.1153566,128.3395455,4,20040310,4,"{""0"": [""0930"", ""1800""], ""1"": [""0930"", ""1800""], ""2"": [""0930"", ""1800""], ""3"": [""0930"", ""1800""], ""4"": [""0930"", ""1800""], ""5"": [""0930"", ""1300""]}",13시00분-14시00분,09시00분-17시45분,
JDQ4MTYyMiM4MSMkMiMkMCMkMDAkMzgxOTYxIzUxIyQxIyQ1IyQ2MiQzNjE0ODEjNTEjJDEjJDIjJDgz,민안과의원,clinic,경북,김천시,"경상북도 김천시 자산로 67, (모암동)",054-436-3121,,36.1190022,128.12431,1,19930602,1,"{""0"": [""0930"", ""1700""], ""1"": [""0930"", ""1700""], ""2"": [""0930"", ""1700""], ""3"": [""0930"", ""1700""], ""4"": [""0930"", ""1700""], ""5"": [""1000"", ""1300""]}",12시30~14시00,9시~4시 40분,모암동 삼각로타리 분수대
JDQ4MTYyMiM4MSMkMiMkMCMkMDAkMzgxOTYxIzIxIyQxIyQ1IyQ3MiQyNjE4MzIjNTEjJDEjJDYjJDgz,안태욱안과의원,clinic,경북,김천시,"경상북도 김천시 자산로 55, (모암동)",054-430-6842,,36.1193902,128.1257018,1,19880308,1,"{""0"": [""0830"", ""0530""], ""1"": [""0830"", ""0530""], ""2"": [""0830"", ""0530""], ""3"": [""0830"", ""0530""], ""4"": [""0830"", ""0530""], ""5"": [""0830"", ""1200""]}",12시30분 - 2시,8시 30분-5시20분,
JDQ4MTYyMiM4MSMkMiMkMCMkMDAkMzgxNzAyIzUxIyQxIyQ1IyQ3MiQyNjE4MzIjNTEjJDEjJDIjJDgz,한빛연합안과의원,clinic,경북,김천시,"경상북도 김천시 자산로 154-1, (성내동)",054-433-7588,,36.1240645,128.1182874,2,20040326,2,"{""0"": [""0900"", ""1730""], ""1"": [""0900"", ""1730""], ""2"": [""0900"", ""1730""], ""3"": [""0900"", ""1730""], ""4"": [""0900"", ""1730""], ""5"": [""0900"", ""1300""]}",13시 00분 ~ 14시 00분,8시 30분 ~4시 30분,김천 시외버스터미널
JDQ4MTYyMiM4MSMkMiMkMCMkMDAkNDgxMTkxIzUxIyQxIyQ1IyQ3OSQ0NjE0ODEjNTEjJDEjJDYjJDgz,삼성안과의원,clinic,경북,문경시,"경상북도 문경시 점촌로 23, 4,5층 (점촌동)",054-554-1119,,36.5969034,128.2001159,2,20041209,2,,,,
JDQ4MTYyMiM4MSMkMiMkMCMkMDAkNDgxMTkxIzQxIyQxIyQ3IyQ4OSQyNjE4MzIjNzEjJDEjJDgjJDgz,성모안과의원,clinic,경북,문경시,"경상북도 문경시 중앙로 139, (점촌동)",054-553-3742,,36.5972503,128.2005925,3,19910313,3,,,,
JDQ4MTYyMiM4MSMkMiMkMCMkMDAkNDgxMTkxIzIxIyQxIyQxIyQwMyQ0NjE0ODEjNzEjJDEjJDgjJDgz,봉화 수안과의원,clinic,경북,봉화군,"경상북도 봉화군 봉화읍 봉화로 1146, 봉화새마을금고 2층",054-674-7585,,36.8907425,128.7353397,1,20200908,1,"{""0"": [""0830"", ""1500""], ""1"": [""0830"", ""1500""], ""2"": [""0830"", ""1500""], ""3"": [""0830"", ""1500""], ""4"": [""0830"", ""1500""], ""5"": [""0830"", ""1200""]}",,,
JDQ4MTYyMiM4MSMkMiMkMCMkMDAkNDgxMTkxIzIxIyQxIyQ1IyQ5MiQ0NjE0ODEjNjEjJDEjJDgjJDgz,서울안과의원,clinic,경북,상주시,"경상북도 상주시 삼백로 88, 4층 (무양동)",054-536-0301,,36.4180824,128.1533022,1,20080312,1,,,,
JDQ4MTYyMiM4MSMkMiMkMCMkMDAkNDgxMzUxIzIxIyQxIyQxIyQwMyQzNjEyMjIjNDEjJDEjJDQjJDgz,영남연합안과의원,clinic,경북,상주시,"경상북도 상주시 중앙로 172, 3층 영남연합안과의원 (남성동)",054-536-8275,,36.4155327,128.1573166,1,20060306,1,"{""0"": [""0900"", ""1700""], ""1"": [""0900"", ""1700""], ""2"": [""0900"", ""1700""], ""3"": [""0900"", ""1700""], ""4"": [""0900"", ""1700""]}",13시 ~ 14시,,
JDQ4MTYyMiM4MSMkMiMkMCMkMDAkNDgxMzUxIzExIyQxIyQ3IyQ2MiQzNjE0ODEjODEjJDEjJDIjJDgz,제일안과의원,clinic,경북,상주시,"경상북도 상주시 상산로 251, (남성동)",054-536-7585,,36.4133064,128.1592493,1,20050422,1,,,,
JDQ4MTYyMiM4MSMkMiMkMCMkMDAkNDgxMzUxIzMxIyQxIyQ3IyQwMyQyNjEwMDIjNjEjJDEjJDAjJDgz,성주동산연합안과의원,clinic,경북,성주군,"경상북도 성주군 성주읍 성주로 3229, 2층",054-933-8575,,35.9182232,128.2872019,1,20080610,1,"{""0"": [""0900"", ""1800""], ""1"": [""0900"", ""1800""], ""2"": [""0900"", ""1800""], ""3"": [""0900"", ""1800""], ""4"": [""0900"", ""1800""], ""5"": [""0900"", ""1300""]}",13시00분~14시00분,09시00분~18시00분,고령성주축협 성주지점
JDQ4MTYyMiM4MSMkMiMkMCMkMDAkNDgxMTkxIzIxIyQxIyQ1IyQ3MiQ0NjEwMDIjNDEjJDEjJDQjJDgz,안동더조은안과의원,clinic,경북,안동시,"경상북도 안동시 경동로 559, 3층 (당북동)",054-858-7575,,36.563933,128.7189768,1,20210511,1,"{""0"": [""0830"", ""1700""], ""1"": [""0830"", ""1700""], ""2"": [""0830"", ""1700""], ""3"": [""0830"", ""1700""], ""4"": [""0830"", ""1700""], ""5"": [""0830"", ""1230""]}",12시 30분~1시 30분,,안동우체국
JDQ4MTYyMiM4MSMkMiMkMCMkMDAkNDgxOTYxIzMxIyQxIyQ3IyQxMyQyNjE0ODEjODEjJDEjJDYjJDgz,안동밝은안과의원,clinic,경북,안동시,"경상북도 안동시 경동로 609, 3층 (안흥동)",054-853-6500,,36.563581,128.7243383,1,20130329,1,"{""0"": [""0830"", ""1730""], ""1"": [""0830"", ""1730""], ""2"": [""0830"", ""1730""], ""3"": [""0830"", ""1730""], ""4"": [""0830"", ""1730""], ""5"": [""0830"", ""1230""]}",12시 30분 ~ 14시 00분,08시 30분 ~ 17시 00분,신시장버스정류장(육교)
JDQ4MTYyMiM4MSMkMiMkMCMkMDAkNDgxOTYxIzExIyQxIyQ3IyQwMyQzNjEyMjIjODEjJDEjJDYjJDgz,안동삼성연합안과의원,clinic,경북,안동시,"경상북도 안동시 경북대로 486, 2층 (송현동)",054-853-1275,,36.5715373,128.6977247,1,20120229,1,"{""0"": [""0900"", ""1800""], ""1"": [""0900"", ""1800""], ""2"": [""0900"", ""1800""], ""3"": [""0900"", ""1800""], ""4"": [""0900"", ""1800""], ""5"": [""0830"", ""1220""]}",12:30~14:00,,송현오거리(인디안아울렛2층)
JDQ4MTYyMiM4MSMkMiMkMCMkMDAkNDgxOTYxIzUxIyQxIyQxIyQ3OSQyNjE4MzIjNDEjJDEjJDgjJDgz,안동제일안과의원,clinic,경북,안동시,"경상북도 안동시 대안로 107, 2층 (대석동)",054-855-7582,,36.5654499,128.7246893,2,20030424,2,"{""0"": [""0830"", ""1730""], ""1"": [""0830"", ""1730""], ""2"": [""0830"", ""1730""], ""3"": [""0830"", ""1730""], ""4"": [""0830"", ""1730""], ""5"": [""0830"", ""1230""]}",12시30분~13시30분,08시30분~17시10분,
JDQ4MTYyMiM4MSMkMiMkMCMkMDAkMzgxNzAyIzMxIyQxIyQzIyQxMyQzNjEyMjIjNDEjJDEjJDgjJDgz,연합성모안과의원,clinic,경북,안동시,"경상북도 안동시 퇴계로 81, 4-5층 (목성동)",054-859-0072,,36.5661096,128.7272462,1,20020525,1,"{""0"": [""0900"", ""1800""], ""1"": [""0900"", ""1800""], ""2"": [""0900"", ""1800""], ""3"": [""0900"", ""1800""], ""4"": [""0900"", ""1800""], ""5"": [""0900"", ""1100""]}",13시00분-14시00분,08시10분-17시30분,구시장 찜닭골목 입구 앞
JDQ4MTYyMiM4MSMkMiMkMCMkMDAkNDgxMzUxIzIxIyQxIyQxIyQ4MiQzNjE0ODEjODEjJDEjJDYjJDgz,영덕경대안과의원,clinic,경북,영덕군,"경상북도 영덕군 영덕읍 중앙길 90, (영덕읍)",054-734-5817,,36.4109442,129.3702092,2,20090311,2,,,,
JDQ4MTYyMiM4MSMkMiMkMCMkMDAkNDgxMzUxIzIxIyQxIyQ5IyQ2MiQ0NjEwMDIjODEjJDEjJDIjJDgz,삼성안과의원,clinic,경북,영주시,"경상북도 영주시 중앙로 119, 3층 301호 (하망동, 중앙빌딩)",054-637-7582,,36.8259038,128.6255975,1,20081021,1,"{""0"": [""0830"", ""1720""], ""1"": [""0830"", ""1720""], ""2"": [""0830"", ""1720""], ""3"": [""0830"", ""1220""], ""4"": [""0830"", ""1720""], ""5"": [""0830"", ""1220""]}",,,
JDQ4MTYyMiM4MSMkMiMkMCMkMDAkNDgxOTYxIzQxIyQxIyQ3IyQ4OSQzNjE0ODEjNDEjJDEjJDQjJDgz,영주밝은안과의원,clinic,경북,영주시,"경상북도 영주시 중앙로 95, (영주동)",054-634-9700,,36.8239249,128.6251245,1,20100302,1,"{""0"": [""0900"", ""1730""], ""1"": [""0900"", ""1730""], ""2"": [""0900"", ""1730""], ""3"": [""0900"", ""1730""], ""4"": [""0900"", ""1730""], ""5"": [""0900"", ""1230""]}",12시30분 ~ 14시00분,08시30분~17시30분,장춘당약국 2층
JDQ4MTYyMiM4MSMkMiMkMCMkMDAkMzgxMTkxIzQxIyQxIyQ3IyQ2MiQ0NjE0ODEjODEjJDEjJDIjJDgz,영주성모안과의원,clinic,경북,영주시,"경상북도 영주시 중앙로 120, (하망동)",054-631-3929,,36.825807,128.626005,2,19990311,2,,13시00분~14시00분,09시00분~17시00분,
JDQ4MTYyMiM4MSMkMiMkMCMkMDAkMzgxMTkxIzIxIyQxIyQ5IyQ4OSQzNjE4MzIjODEjJDEjJDYjJDgz,지성안과의원,clinic,경북,영주시,"경상북도 영주시 중앙로 93, (영주동)",054-632-7083,,36.8236281,128.6249798,1,19970306,1,,,,
JDQ4MTYyMiM4MSMkMiMkMCMkMDAkMzgxOTYxIzQxIyQxIyQ3IyQ3OSQyNjE0ODEjODEjJDEjJDIjJDgz,김헌수안과의원,clinic,경북,영천시,"경상북도 영천시 시장로 74-1, (완산동)",054-331-8885,,35.9633206,128.9384217,1,19910503,1,,,,
JDQ4MTYyMiM4MSMkMiMkMCMkMDAkMzgxMTkxIzMxIyQxIyQzIyQ5MiQ0NjEwMDIjNjEjJDEjJDQjJDgz,박안과의원,clinic,경북,영천시,"경상북도 영천시 시장로 89, 3층 (완산동)",332-0017,,35.9638662,128.9402941,2,19980403,2,,,,
JDQ4MTYyMiM4MSMkMiMkMCMkMDAkNDgxMzUxIzMxIyQxIyQzIyQwMyQ0NjEwMDIjNTEjJDEjJDYjJDgz,영천삼성안과의원,clinic,경북,영천시,"경상북도 영천시 완산로 52, 3층 (완산동)",054-338-7582,,35.9648282,128.9392301,1,20071213,1,"{""0"": [""0900"", ""1730""], ""1"": [""0900"", ""1730""], ""2"": [""0900"", ""1730""], ""3"": [""0900"", ""1730""], ""4"": [""0900"", ""1730""], ""5"": [""0900"", ""1230""]}",13시-14시,08시30분-17시20분,영천시장 입구 중원약국 3층
JDQ4MTYyMiM4MSMkMiMkMCMkMDAkNDgxMzUxIzIxIyQxIyQ5IyQ3OSQzNjEyMjIjNjEjJDEjJDAjJDgz,영천성모안과의원,clinic,경북,영천시,"경상북도 영천시 시장로 59, 4층 (완산동)",054-338-7533,,35.963596,128.9367055,1,20060929,1,,,,
JDQ4MTYyMiM4MSMkMiMkMCMkMDAkNDgxMzUxIzIxIyQxIyQxIyQwMyQzNjEwMDIjNDEjJDEjJDgjJDgz,연세안과의원,clinic,경북,예천군,"경상북도 예천군 예천읍 시장로 111, (예천읍)",054-655-7701,,36.6568339,128.4562004,1,20060308,1,"{""0"": [""0830"", ""1730""], ""1"": [""0830"", ""1730""], ""2"": [""0830"", ""1300""], ""3"": [""0830"", ""1730""], ""4"": [""0830"", ""1730""], ""5"": [""0830"", ""1300""]}",13시00분~14시00분,08시30분~17시30분,연세안과
JDQ4MTYyMiM4MSMkMiMkMCMkMDAkNDgxMzUxIzIxIyQxIyQxIyQ2MiQyNjEwMDIjNDEjJDEjJDQjJDgz,제일안과의원,clinic,경북,울진군,"경상북도 울진군 울진읍 울진중앙로 118, (울진읍)",054-783-8575,,36.9920945,129.4014138,1,20051205,1,,12:00~13:30,9:00~17:30,삼화당약국건물 3층
JDQ4MTYyMiM4MSMkMiMkMCMkMDAkNDgxMzUxIzExIyQxIyQ3IyQ4OSQzNjEwMDIjNjEjJDEjJDAjJDgz,서울중앙안과의원,clinic,경북,의성군,"경상북도 의성군 의성읍 후죽3길 8, (의성읍)",054-833-8302,,36.3555155,128.6949987,1,20050228,1,"{""0"": [""0900"", ""1600""], ""1"": [""0900"", ""1600""], ""2"": [""0900"", ""1600""], ""3"": [""0900"", ""1600""], ""4"": [""0900"", ""1300""], ""5"": [""0900"", ""1200""]}",1시-2시,,의성읍온누리터
JDQ4MTYyMiM4MSMkMiMkMCMkMDAkNDgxMzUxIzExIyQxIyQzIyQ4MiQ0NjEwMDIjNzEjJDEjJDgjJDgz,삼성안과의원,clinic,경북,청도군,"경상북도 청도군 청도읍 청화로 154, 6층",054-373-6845,,35.6437054,128.7426429,1,20051117,1,"{""0"": [""0830"", ""1720""], ""1"": [""0830"", ""1720""], ""2"": [""0830"", ""1720""], ""3"": [""0830"", ""1220""], ""4"": [""0830"", ""1720""], ""5"": [""0830"", ""1220""]}",12:50~14:00,08:30~17:20,경상북도 청도군 화양읍 청화로 154 6층 삼성안과의원
JDQ4MTYyMiM4MSMkMiMkMCMkMDAkNDgxOTYxIzIxIyQxIyQ5IyQ5MiQyNjEwMDIjNDEjJDEjJDQjJDgz,안동성소안과의원,clinic,경북,청송군,"경상북도 청송군 진보면 진보로 115, 115",054-873-5151,,36.5287978,129.0443496,1,20140912,1,"{""0"": [""0900"", ""1800""], ""1"": [""0900"", ""1800""], ""2"": [""0900"", ""1800""], ""3"": [""0900"", ""1800""], ""4"": [""0900"", ""1800""]}",,,
JDQ4MTYyMiM4MSMkMiMkMCMkMDAkNDgxMzUxIzMxIyQyIyQzIyQwMCQzNjEwMDIjNjEjJDEjJDAjJDgz,난초꽃피다왜관안과의원,clinic,경북,칠곡군,"경상북도 칠곡군 왜관읍 중앙로 164, (왜관읍)",054-974-8575,,35.9896143,128.3997545,1,20070704,1,"{""0"": [""0900"", ""1740""], ""1"": [""0900"", ""1740""], ""2"": [""0900"", ""1230""], ""3"": [""0900"", ""1740""], ""4"": [""0900"", ""1740""], ""5"": [""0900"", ""1230""]}",12시30분~14시00분,,
JDQ4MTYyMiM4MSMkMiMkMCMkMDAkNDgxOTYxIzExIyQxIyQzIyQ3OSQzNjEwMDIjNjEjJDEjJDgjJDgz,밝은눈안과의원,clinic,경북,칠곡군,"경상북도 칠곡군 왜관읍 중앙로 242, (왜관읍)",054-971-5700,,35.9964419,128.3993221,1,20101213,1,,,,
JDQ4MTYyMiM4MSMkMiMkMCMkMDAkNDgxMzUxIzExIyQxIyQ3IyQwMyQzNjE0ODEjNzEjJDEjJDgjJDgz,우리삼성안과의원,clinic,경북,칠곡군,"경상북도 칠곡군 왜관읍 중앙로 159, 159",054-975-7582,,35.9891425,128.3992427,1,20050628,1,,,,
JDQ4MTYyMiM4MSMkMiMkMCMkMDAkNDgxMTkxIzQxIyQxIyQ3IyQ3MiQ0NjE0ODEjNzEjJDEjJDgjJDgz,김수영안과의원,clinic,경북,포항남구,"경상북도 포항시 남구 효자동길 10, 효곡상가 2층 202호 (효자동)",054-615-7000,,36.0084926,129.3301277,1,20240924,1,,,,
JDQ4MTYyMiM4MSMkMiMkMCMkMDAkNDgxMTkxIzMxIyQxIyQzIyQ4MiQyNjEyMjIjNTEjJDEjJDIjJDgz,문덕 좋은의사들 안과의원,clinic,경북,포항남구,"경상북도 포항시 남구 오천읍 남원로 75, 2층",054-293-1005,,35.970158,129.4014865,1,20200721,1,"{""0"": [""0900"", ""1800""], ""1"": [""0900"", ""1800""], ""3"": [""0900"", ""1800""], ""4"": [""0900"", ""1800""], ""5"": [""0900"", ""1300""]}",13시 00분 ~ 14시 00분,09시00분~17시30분,
JDQ4MTYyMiM4MSMkMiMkMCMkMDAkNDgxMzUxIzIxIyQyIyQ5IyQwMCQyNjE0ODEjNzEjJDEjJDgjJDgz,오안과의원,clinic,경북,포항남구,"경상북도 포항시 남구 포스코대로 138, (대잠동, DMT대잠메디컬타워 302호)",054-278-6717,,36.0255491,129.3406189,1,20061221,1,"{""0"": [""0900"", ""1800""], ""1"": [""0900"", ""1800""], ""2"": [""0900"", ""1800""], ""3"": [""0900"", ""1800""], ""4"": [""0900"", ""1800""], ""5"": [""0900"", ""1300""]}",13시00분-14시00분,09시00분-17시45분,이동농협 맞은편
JDQ4MTYyMiM4MSMkMiMkMCMkMDAkMzgxNzAyIzUxIyQxIyQ1IyQ5OSQyNjEwMDIjNjEjJDEjJDAjJDgz,오천제일안과의원,clinic,경북,포항남구,"경상북도 포항시 남구 오천읍 정몽주로 651, (오천읍)",054-292-2264,,35.9759849,129.41351,1,20040217,1,"{""0"": [""0900"", ""1830""], ""1"": [""0900"", ""1830""], ""2"": [""0900"", ""1300""], ""3"": [""0900"", ""1830""], ""4"": [""0900"", ""1830""], ""5"": [""0900"", ""1300""]}",13시 00분 ~14시 00분,"월, 화, 목, 금 9시~ 18시 / 수 9시 ~ 12시 30분",
JDQ4MTYyMiM4MSMkMiMkMCMkMDAkNDgxOTYxIzExIyQxIyQzIyQwMyQyNjE0ODEjNTEjJDEjJDYjJDgz,우리눈안과의원,clinic,경북,포항남구,"경상북도 포항시 남구 중흥로 92, 2층 (상도동)",054-278-1036,http://www.woorinoon.co.kr,36.0132295,129.3507698,3,20110426,3,,,,
JDQ4MTYyMiM4MSMkMiMkMCMkMDAkNDgxOTYxIzExIyQxIyQzIyQ4OSQyNjE4MzIjNzEjJDEjJDgjJDgz,좋은의사들안과의원,clinic,경북,포항남구,"경상북도 포항시 남구 시청로 7, 2,8층 (대잠동, 좋은의사들)",054-271-9020,www.gdeye.co.kr/,36.0180464,129.3417615,1,20170926,1,"{""0"": [""0900"", ""1800""], ""1"": [""0900"", ""1800""], ""2"": [""0900"", ""1300""], ""3"": [""0900"", ""1800""], ""4"": [""0900"", ""1800""], ""5"": [""0900"", ""1300""]}",13시 00분 ~ 14시 00분,09시00분~17시30분,포항시청
JDQ4MTYyMiM4MSMkMiMkMCMkMDAkNDgxOTYxIzIxIyQxIyQxIyQ3MiQyNjE4MzIjODEjJDEjJDYjJDgz,내눈에 김안과 의원,clinic,경북,포항북구,"경상북도 포항시 북구 대곡로 57-22, 화림빌딩 3층 (두호동)",054-253-3332,http://www.mykimeye.co.kr,36.0686299,129.3727702,1,20120817,1,"{""0"": [""0900"", ""1800""], ""1"": [""0900"", ""1800""], ""2"": [""0900"", ""1300""], ""3"": [""0900"", ""1800""], ""4"": [""0900"", ""1800""], ""5"": [""0900"", ""1300""]}",13시00분~14시00분,,코아이비인후과빌딩 5층
JDQ4MTYyMiM4MSMkMiMkMCMkMDAkNDgxMzUxIzExIyQxIyQ3IyQ3MiQyNjEyMjIjODEjJDEjJDYjJDgz,밝은눈연합안과의원,clinic,경북,포항북구,"경상북도 포항시 북구 중흥로 319, (죽도동)",273-7002,,36.0307494,129.3640819,1,20090420,1,"{""0"": [""0900"", ""1800""], ""1"": [""0900"", ""1800""], ""2"": [""0900"", ""1800""], ""3"": [""0900"", ""1800""], ""4"": [""0900"", ""1800""], ""5"": [""0900"", ""1300""]}",13시00분~14시00분,,
JDQ4MTYyMiM4MSMkMiMkMCMkMDAkMzgxOTYxIzIxIyQyIyQ5IyQwMCQzNjEwMDIjNDEjJDEjJDgjJDgz,분도안과의원,clinic,경북,포항북구,"경상북도 포항시 북구 중앙로 282, (상원동)",054-244-9344,,36.0378827,129.3657957,1,19890105,1,,,,
JDQ4MTYyMiM4MSMkMiMkMCMkMDAkNDgxMzUxIzExIyQxIyQzIyQ2MiQ0NjE0ODEjNjEjJDEjJDAjJDgz,양덕바른안과의원,clinic,경북,포항북구,"경상북도 포항시 북구 천마로 55, 양덕빌딩 2층 (양덕동)",054-256-0007,,36.0814988,129.3965723,1,20140929,1,"{""0"": [""0900"", ""1830""], ""1"": [""0900"", ""1830""], ""2"": [""0900"", ""1830""], ""3"": [""0900"", ""1830""], ""4"": [""0900"", ""1830""], ""5"": [""0900"", ""1300""]}",13:00 - 14:00,09:00 - 18:20,국민은행 중동지점 3층
JDQ4MTYyMiM4MSMkMiMkMCMkMDAkMzgxMTkxIzMxIyQxIyQzIyQ4OSQzNjEwMDIjODEjJDEjJDYjJDgz,영동안과의원,clinic,경북,포항북구,"경상북도 포항시 북구 중흥로 265, 5층 501,502호 (죽도동, 성원메디칼)",054-274-5225,,36.0266118,129.3606487,3,19971223,3,"{""0"": [""0900"", ""1800""], ""1"": [""0900"", ""1800""], ""2"": [""0900"", ""1800""], ""3"": [""0900"", ""1800""], ""4"": [""0900"", ""1800""], ""5"": [""0900"", ""1300""]}",13~14,수시접수,
JDQ4MTYyMiM4MSMkMiMkMCMkMDAkMzgxOTYxIzMxIyQxIyQzIyQ4OSQyNjE0ODEjNTEjJDEjJDIjJDgz,이재백안과의원,clinic,경북,포항북구,"경상북도 포항시 북구 중흥로 228, (죽도동)",054-281-6689,,36.0235082,129.3590183,5,19900108,4,"{""0"": [""0830"", ""1730""], ""1"": [""0830"", ""1730""], ""2"": [""0830"", ""1730""], ""3"": [""0830"", ""1730""], ""4"": [""0830"", ""1730""], ""5"": [""0830"", ""1300""]}",13시00분~14시00분,08시:30분~17시:30분,포항e병원건너편   포항삼성어린이집 옆 건물
JDQ4MTYyMiM4MSMkMiMkMCMkMDAkNDgxOTYxIzIxIyQxIyQ1IyQ2MiQzNjE0ODEjNjEjJDEjJDgjJDgz,흥해경대안과의원,clinic,경북,포항북구,"경상북도 포항시 북구 흥해읍 흥해로 48, (흥해읍)",054-262-5817,,36.1091366,129.3468936,2,20130610,2,,,,
JDQ4MTYyMiM4MSMkMiMkMCMkMDAkNDgxMzUxIzUxIyQyIyQ1IyQwMCQyNjE0ODEjODEjJDEjJDYjJDgz,가톨릭연합안과의원,clinic,대구,대구남구,"대구광역시 남구 월배로 482, (대명동)",053-626-3777,,35.8361153,128.5567693,1,20100401,1,,,,
JDQ4MTYyMiM4MSMkMiMkMCMkMDAkNDgxMTkxIzIxIyQxIyQ1IyQ4OSQyNjEwMDIjNjEjJDEjJDQjJDgz,대구안과의원,clinic,대구,대구남구,"대구광역시 남구 월배로 468, 5층 (대명동)",053-651-2233,,35.8346017,128.5559907,4,20130627,4,"{""0"": [""0930"", ""1800""], ""1"": [""0930"", ""1800""], ""2"": [""0930"", ""1800""], ""3"": [""0930"", ""1800""], ""4"": [""0930"", ""1800""], ""5"": [""0930"", ""1300""]}",13:00~14:00,09:00,한영유니존빌딩 5층
JDQ4MTYyMiM4MSMkMiMkMCMkMDAkNDgxMTkxIzExIyQxIyQ3IyQ3MiQ0NjE0ODEjODEjJDEjJDYjJDgz,베스트안과의원,clinic,대구,대구남구,"대구광역시 남구 월배로 470, 2/4층 201/401호 (대명동)",053-622-0300,,35.8348856,128.556113,3,20190613,3,,,,
JDQ4MTYyMiM4MSMkMiMkMCMkMDAkNDgxOTYxIzMxIyQxIyQ3IyQ5OSQzNjE4MzIjNjEjJDEjJDQjJDgz,장우혁안과의원,clinic,대구,대구남구,"대구광역시 남구 대명로 290-1, 5~7층 (대명동)",053-624-7588,,35.8438211,128.588224,2,20151201,1,"{""0"": [""0900"", ""1500""], ""1"": [""0900"", ""1500""], ""2"": [""0900"", ""1500""], ""3"": [""0900"", ""1500""], ""4"": [""0900"", ""1500""], ""5"": [""0900"", ""1100""]}",11시-13시,08시30분- 14시30분,
JDQ4MTYyMiM4MSMkMiMkMCMkMDAkNDgxMTkxIzIxIyQxIyQ5IyQ3MiQ0NjE0ODEjODEjJDEjJDIjJDgz,케이탑안과의원,clinic,대구,대구남구,"대구광역시 남구 대명로 6, 12,13층 (대명동)",053-657-8858,,35.8373699,128.5582328,2,20220406,2,,,,
JDQ4MTYyMiM4MSMkMiMkMCMkMDAkMzgxNzAyIzIxIyQxIyQ1IyQ5OSQyNjE0ODEjODEjJDEjJDIjJDgz,파티마안과의원,clinic,대구,대구남구,"대구광역시 남구 성당로 204, (대명동)",053-627-8522,,35.850816,128.5736262,1,20010528,1,,,,
JDQ4MTYyMiM4MSMkMiMkMCMkMDAkNDgxOTYxIzIxIyQxIyQ5IyQ2MiQyNjE4MzIjNjEjJDEjJDAjJDgz,한덕기안과의원,clinic,대구,대구남구,"대구광역시 남구 중앙대로 240, 4층 (대명동)",053-475-2226,,35.8546431,128.5909964,1,20020326,1,,,,
JDQ4MTYyMiM4MSMkMiMkMCMkMDAkMzgxMTkxIzMxIyQxIyQ3IyQxMyQyNjEyMjIjODEjJDEjJDYjJDgz,가톨릭안과의원,clinic,대구,대구달서구,"대구광역시 달서구 계대동문로 120, 3층 (이곡동)",053-591-6006,,35.8551323,128.5055733,1,19981229,1,"{""0"": [""0900"", ""1830""], ""1"": [""0900"", ""1830""], ""2"": [""0900"", ""1830""], ""3"": [""0900"", ""1830""], ""4"": [""0900"", ""1830""], ""5"": [""0900"", ""1300""]}",13시00분~14시00분,09시00분~18시30분,국민연금관리공단
JDQ4MTYyMiM4MSMkMiMkMCMkMDAkNDgxMzUxIzIxIyQxIyQ1IyQ3MiQzNjEyMjIjNjEjJDEjJDAjJDgz,경대연합안과의원,clinic,대구,대구달서구,"대구광역시 달서구 월배로 233, 6층 (상인동)",053-636-8875,http://www.kdeye.com,35.819504,128.5387761,1,20040303,1,"{""0"": [""0900"", ""1800""], ""1"": [""0900"", ""1800""], ""2"": [""0900"", ""1800""], ""3"": [""0900"", ""1800""], ""4"": [""0900"", ""1800""], ""5"": [""0900"", ""1300""]}",13시00분 - 14시00분,09시00분 - 18시00분,을화빌딩6층
JDQ4MTYyMiM4MSMkMiMkMCMkMDAkMzgxNzAyIzMxIyQxIyQ3IyQ5MiQyNjEwMDIjNDEjJDEjJDgjJDgz,대구명안과의원,clinic,대구,대구달서구,"대구광역시 달서구 달구벌대로 1542, 6층 (감삼동)",053-285-8000,,35.8495603,128.5357034,1,20061010,1,,,,
JDQ4MTYyMiM4MSMkMiMkMCMkMDAkNDgxMTkxIzMxIyQyIyQzIyQwMCQzNjE0ODEjNzEjJDEjJDgjJDgz,더블유안과의원,clinic,대구,대구달서구,"대구광역시 달서구 월배로 219, CENTRO TOWER 3층 302호 (상인동)",053-633-0123,,35.819106,128.5370929,1,20221108,1,,,,
JDQ4MTYyMiM4MSMkMiMkMCMkMDAkNDgxMzUxIzMxIyQxIyQ3IyQ5MiQyNjE0ODEjODEjJDEjJDYjJDgz,로운안과의원,clinic,대구,대구달서구,"대구광역시 달서구 월곡로 260, 3층 (상인동)",053-634-8575,,35.8177817,128.5393341,3,20210401,3,,,,
JDQ4MTYyMiM4MSMkMiMkMCMkMDAkMzgxOTYxIzMxIyQxIyQ3IyQ3OSQzNjE0ODEjNjEjJDEjJDAjJDgz,미래안과의원,clinic,대구,대구달서구,"대구광역시 달서구 달구벌대로 1714, 4층 (두류동)",053-623-7588,,35.8558836,128.5531196,1,20000531,1,"{""0"": [""0900"", ""1830""], ""1"": [""0900"", ""1830""], ""2"": [""0900"", ""1830""], ""3"": [""0900"", ""1830""], ""4"": [""0900"", ""1830""], ""5"": [""0900"", ""1400""]}",13시~14시,9시~18시30분,
JDQ4MTYyMiM4MSMkMiMkMCMkMDAkNDgxMzUxIzUxIyQyIyQxIyQwMCQyNjEwMDIjNDEjJDEjJDgjJDgz,미소안과의원,clinic,대구,대구달서구,"대구광역시 달서구 월배로 175, (상인동)",053-643-5575,,35.8175741,128.5327426,1,20090528,1,"{""0"": [""0930"", ""1800""], ""1"": [""0930"", ""1800""], ""2"": [""0930"", ""1800""], ""3"": [""1400"", ""1800""], ""4"": [""0930"", ""1800""], ""5"": [""0930"", ""1300""]}",13시00분~14시00분,09시30분~17시50분 (목요일 오전 휴진),우리은행 상인동점
JDQ4MTYyMiM4MSMkMiMkMCMkMDAkMzgxNzAyIzExIyQxIyQzIyQ4OSQzNjEwMDIjNTEjJDEjJDIjJDgz,밝은눈안과의원,clinic,대구,대구달서구,"대구광역시 달서구 달구벌대로 1738, 2층 (두류동)",053-654-9660,,35.8567529,128.5554684,2,20000410,2,"{""0"": [""0930"", ""0600""], ""1"": [""0930"", ""0600""], ""2"": [""0930"", ""0600""], ""3"": [""0930"", ""0600""], ""4"": [""0930"", ""0600""], ""5"": [""0930"", ""1230""]}",12시 30분 ~ 14시,,달성고등 맞은편 (지하철 2호선 두류역 9번 출구 바로 앞)
JDQ4MTYyMiM4MSMkMiMkMCMkMDAkNDgxMTkxIzIxIyQyIyQ1IyQwMCQyNjE4MzIjNjEjJDEjJDgjJDgz,서남안과의원,clinic,대구,대구달서구,"대구광역시 달서구 달구벌대로 1659, 3층 (감삼동)",053-555-1500,,35.8544408,128.5473842,1,20210311,1,,,,
JDQ4MTYyMiM4MSMkMiMkMCMkMDAkNDgxMTkxIzExIyQxIyQzIyQ3MiQ0NjEwMDIjNDEjJDEjJDgjJDgz,서울안과의원,clinic,대구,대구달서구,"대구광역시 달서구 달구벌대로 1545, 골든뷰 메디타워 6층 604호 (죽전동)",053-568-1010,,35.8503551,128.5360949,1,20180927,1,,,,
JDQ4MTYyMiM4MSMkMiMkMCMkMDAkNDgxMzUxIzIxIyQxIyQ1IyQxMyQyNjEyMjIjNDEjJDEjJDgjJDgz,성서제일안과의원,clinic,대구,대구달서구,"대구광역시 달서구 이곡공원로 24, 2층 (이곡동)",053-591-8100,http://www.eyehi.kr,35.8549596,128.5099748,1,20060907,1,"{""0"": [""0900"", ""1800""], ""1"": [""0900"", ""1800""], ""2"": [""0900"", ""1800""], ""3"": [""0900"", ""1800""], ""4"": [""0900"", ""1800""], ""5"": [""0900"", ""1400""]}",13:00 ~ 14:00,09:00 ~ 18:00,성서E마트
JDQ4MTYyMiM4MSMkMiMkMCMkMDAkMzgxNzAyIzUxIyQxIyQxIyQ5OSQzNjEwMDIjNDEjJDEjJDgjJDgz,세강안과의원,clinic,대구,대구달서구,"대구광역시 달서구 구마로 224, 2층 (송현동)",053-629-7050,,35.8368428,128.5523362,1,20030723,1,"{""0"": [""0930"", ""1730""], ""1"": [""0930"", ""1730""], ""2"": [""0930"", ""1730""], ""3"": [""0930"", ""1730""], ""4"": [""0930"", ""1730""]}",13시 00분 ~ 14시 00분,9시 30분 ~ 17시 30분,세강병원
JDQ4MTYyMiM4MSMkMiMkMCMkMDAkMzgxOTYxIzUxIyQxIyQ1IyQ5OSQ0NjE0ODEjNDEjJDEjJDgjJDgz,심안과의원,clinic,대구,대구달서구,"대구광역시 달서구 월배로 218, 6,7층 (상인동)",053-635-3600,http://www.simeye.co.kr/New/main/main.htm,35.8184998,128.5373486,2,20080528,2,"{""0"": [""0900"", ""1800""], ""1"": [""0900"", ""1800""], ""2"": [""0900"", ""1800""], ""3"": [""0900"", ""1800""], ""4"": [""0900"", ""1800""], ""5"": [""0900"", ""1300""]}",13:00~14:00분,09:00~18:00분,롯데백화점(상인점)
JDQ4MTYyMiM4MSMkMiMkMCMkMDAkMzgxOTYxIzUxIyQyIyQxIyQwMCQzNjEwMDIjNzEjJDEjJDgjJDgz,영남안과의원,clinic,대구,대구달서구,"대구광역시 달서구 달구벌대로 1637, (감삼동)",053-566-5063,,35.8535772,128.5451703,1,19920501,1,,,,
JDQ4MTYyMiM4MSMkMiMkMCMkMDAkMzgxNzAyIzIxIyQxIyQ1IyQxMyQ0NjE0ODEjNjEjJDEjJDAjJDgz,온누리안과의원,clinic,대구,대구달서구,"대구광역시 달서구 월배로 92, 5층 (진천동)",053-642-0537,,35.8139571,128.5245907,1,20011004,1,,,,
JDQ4MTYyMiM4MSMkMiMkMCMkMDAkNDgxMzUxIzExIyQxIyQ3IyQwMyQyNjE0ODEjNjEjJDEjJDAjJDgz,우리안과의원,clinic,대구,대구달서구,"대구광역시 달서구 용산로 141, 701호 (용산동, 그랜드엠타워)",053-521-6700,,35.8501307,128.5301261,1,20050618,1,"{""0"": [""0900"", ""1800""], ""1"": [""0900"", ""1800""], ""2"": [""0900"", ""1300""], ""3"": [""0900"", ""1800""], ""4"": [""0900"", ""1800""], ""5"": [""0900"", ""1300""]}",13시-14시,,
JDQ4MTYyMiM4MSMkMiMkMCMkMDAkNDgxMzUxIzQxIyQxIyQ3IyQ5MiQyNjEwMDIjNTEjJDEjJDYjJDgz,월배이노안과의원,clinic,대구,대구달서구,"대구광역시 달서구 월배로 100, 2층 (진천동)",053-635-6800,,35.8140394,128.5254913,1,20090220,1,,,,
JDQ4MTYyMiM4MSMkMiMkMCMkMDAkNDgxMTkxIzIxIyQxIyQ1IyQ2MiQyNjEyMjIjNjEjJDEjJDQjJDgz,이노안과의원,clinic,대구,대구달서구,"대구광역시 달서구 월곡로 260, (상인동)",053-632-6800,,35.8177817,128.5393341,1,19930503,1,,,,
JDQ4MTYyMiM4MSMkMiMkMCMkMDAkNDgxMTkxIzMxIyQxIyQ3IyQ4MiQzNjE0ODEjNjEjJDEjJDQjJDgz,잘봄안과의원,clinic,대구,대구달서구,"대구광역시 달서구 조암로 5, 602,603호 (월성동)",053-641-0111,,35.8254666,128.5292331,1,20240109,1,"{""0"": [""0900"", ""1900""], ""1"": [""0900"", ""1900""], ""2"": [""0900"", ""1900""], ""3"": [""0900"", ""1900""], ""4"": [""0900"", ""1900""], ""5"": [""0900"", ""1700""]}",13:00~14:00,,
JDQ4MTYyMiM4MSMkMiMkMCMkMDAkNDgxMTkxIzIxIyQxIyQ5IyQ5MiQyNjEwMDIjNjEjJDEjJDQjJDgz,조은안과의원,clinic,대구,대구달서구,"대구광역시 달서구 조암로 1, 미래타워 601,602호 (월성동)",053-635-0700,,35.8257235,128.5296391,1,20220428,1,,,,
JDQ4MTYyMiM4MSMkMiMkMCMkMDAkNDgxOTYxIzExIyQxIyQzIyQ5MiQzNjE4MzIjNTEjJDEjJDYjJDgz,죽전안과의원,clinic,대구,대구달서구,"대구광역시 달서구 달구벌대로 1653, 4층 (감삼동)",053-523-8575,,35.8541925,128.5467564,1,20110502,1,,,,
JDQ4MTYyMiM4MSMkMiMkMCMkMDAkMzgxMTkxIzMxIyQxIyQzIyQxMyQzNjE4MzIjNTEjJDEjJDYjJDgz,중앙안과의원,clinic,대구,대구달서구,"대구광역시 달서구 성서로 420, (이곡동)",053-587-3338,,35.8550089,128.5077822,1,19980428,1,,,,
JDQ4MTYyMiM4MSMkMiMkMCMkMDAkNDgxMzUxIzMxIyQxIyQ3IyQ3MiQyNjE4MzIjODEjJDEjJDYjJDgz,참밝은안과의원,clinic,대구,대구달서구,"대구광역시 달서구 당산로 88, 3층 (성당동)",053-657-0075,,35.8453445,128.544805,1,20080423,1,"{""0"": [""0900"", ""1830""], ""1"": [""0900"", ""1830""], ""2"": [""0900"", ""1830""], ""3"": [""0900"", ""1830""], ""4"": [""0900"", ""1830""], ""5"": [""0900"", ""1400""]}",오후 1시 ~2시,,"두류종합시장 입구, 대구은행 성당2지점 건물 3층"
JDQ4MTYyMiM4MSMkMiMkMCMkMDAkMzgxMTkxIzQxIyQxIyQ3IyQ3MiQyNjE4MzIjNjEjJDEjJDAjJDgz,황준구안과의원,clinic,대구,대구달서구,"대구광역시 달서구 도원로 29, (도원동)",053-634-1314,,35.8071574,128.5360514,1,19990302,1,"{""0"": [""0900"", ""1830""], ""1"": [""0900"", ""1830""], ""2"": [""0900"", ""1830""], ""3"": [""0900"", ""1830""], ""4"": [""0900"", ""1830""], ""5"": [""0900"", ""1300""]}",13시00분~14시00분,09시00분~18시30분,달서구 대곡지구 대구은행 3층
JDQ4MTYyMiM4MSMkMiMkMCMkMDAkNDgxOTYxIzExIyQxIyQ3IyQ2MiQzNjE0ODEjNTEjJDEjJDYjJDgz,김성훈안과의원,clinic,대구,대구달성군,"대구광역시 달성군 화원읍 비슬로 2723, 3층 302호 (대곡메디빌)",053-639-0075,,35.809824,128.5126787,1,20111125,1,,,,
JDQ4MTYyMiM4MSMkMiMkMCMkMDAkNDgxOTYxIzUxIyQxIyQxIyQwMyQyNjEyMjIjNDEjJDEjJDgjJDgz,봄이오는안과의원,clinic,대구,대구달성군,"대구광역시 달성군 유가면 테크노상업로 98, (유가읍)",053-614-7778,,35.6932451,128.4600841,1,20170424,1,,,,
JDQ4MTYyMiM4MSMkMiMkMCMkMDAkMzgxOTYxIzMxIyQyIyQ3IyQwMCQyNjEwMDIjNDEjJDEjJDgjJDgz,성모안과의원,clinic,대구,대구달성군,"대구광역시 달성군 화원읍 비슬로 2581, (화원읍)",053-632-5505,,35.8039789,128.4991531,1,19990424,1,,,,
JDQ4MTYyMiM4MSMkMiMkMCMkMDAkNDgxOTYxIzMxIyQxIyQ3IyQ5OSQ0NjEwMDIjNDEjJDEjJDgjJDgz,연세제일연합안과의원,clinic,대구,대구달성군,"대구광역시 달성군 다사읍 달구벌대로 866, 4층 401,402호 (C&B타워)",053-592-0103,,35.8581522,128.4640125,2,20151130,2,"{""0"": [""0900"", ""1800""], ""1"": [""0900"", ""1800""], ""2"": [""0900"", ""1800""], ""3"": [""0900"", ""1800""], ""4"": [""0900"", ""1800""], ""5"": [""0900"", ""1300""]}",13시00분~14시00분,,대실역 2번출구
JDQ4MTYyMiM4MSMkMiMkMCMkMDAkNDgxMzUxIzMxIyQxIyQ3IyQ4OSQ0NjEwMDIjODEjJDEjJDYjJDgz,푸른성모안과의원,clinic,대구,대구달성군,"대구광역시 달성군 다사읍 달구벌대로 875, (다사읍)",053-593-8216,,35.8582229,128.4652301,1,20080214,1,,,,
JDQ4MTYyMiM4MSMkMiMkMCMkMDAkNDgxMzUxIzIxIyQxIyQxIyQxMyQzNjE0ODEjNDEjJDEjJDgjJDgz,현풍양안과의원,clinic,대구,대구달성군,"대구광역시 달성군 현풍면 현풍중앙로 42, 2층",053-615-8875,,35.6933603,128.4462078,1,20100309,1,"{""0"": [""0930"", ""1830""], ""1"": [""0930"", ""1830""], ""2"": [""0930"", ""1830""], ""3"": [""0930"", ""1830""], ""4"": [""0930"", ""1830""], ""5"": [""0930"", ""1300""]}",13시00분-14시00분,09시30분-18시30분,박소선할매곰탕집
JDQ4MTYyMiM4MSMkMiMkMCMkMDAkNDgxMzUxIzUxIyQxIyQxIyQwMyQzNjEyMjIjODEjJDEjJDIjJDgz,화원삼성안과의원,clinic,대구,대구달성군,"대구광역시 달성군 화원읍 비슬로 2597, 5층",053-635-8700,,35.8047274,128.5005103,1,20100104,1,,,,
JDQ4MTYyMiM4MSMkMiMkMCMkMDAkNDgxOTYxIzIxIyQxIyQ1IyQxMyQyNjE0ODEjNDEjJDEjJDQjJDgz,(VOM)봄안과의원,clinic,대구,대구동구,"대구광역시 동구 안심로 58, 3층 (율하동, 율하메디빌)",053-963-9991,,35.8698515,128.6918945,3,20140102,3,"{""0"": [""0900"", ""2000""], ""1"": [""0900"", ""1900""], ""2"": [""0900"", ""1900""], ""3"": [""0900"", ""2000""], ""4"": [""0900"", ""1900""], ""5"": [""0900"", ""1600""], ""6"": [""0000"", ""0000""]}",13:00 -14:00,09시00분 - 19시00분,율하역 2번 출구 율하메디빌 3층
JDQ4MTYyMiM4MSMkMiMkMCMkMDAkNDgxOTYxIzExIyQxIyQzIyQ3MiQyNjE4MzIjNjEjJDEjJDgjJDgz,가톨릭연합안과의원,clinic,대구,대구동구,"대구광역시 동구 안심로 106, 2층 203호 (율하동)",053-963-0075,,35.8670256,128.6961938,1,20110324,1,,,,
JDQ4MTYyMiM4MSMkMiMkMCMkMDAkMzgxOTYxIzMxIyQxIyQ3IyQ4MiQ0NjE0ODEjNDEjJDEjJDgjJDgz,김안과의원,clinic,대구,대구동구,"대구광역시 동구 아양로 51, 1층 (신암동)",053-984-8875,,35.8824251,128.6196016,1,20150903,1,,,,
JDQ4MTYyMiM4MSMkMiMkMCMkMDAkMzgxNzAyIzUxIyQxIyQxIyQ4MiQzNjEyMjIjODEjJDEjJDIjJDgz,맑은안과의원,clinic,대구,대구동구,"대구광역시 동구 동촌로 217, (방촌동)",053-984-1002,http://www.pureeye.net,35.882266,128.6642168,1,20031101,1,,,,
JDQ4MTYyMiM4MSMkMiMkMCMkMDAkNDgxMTkxIzQxIyQxIyQ3IyQ5MiQyNjE4MzIjNDEjJDEjJDgjJDgz,밝은빛안과의원,clinic,대구,대구동구,"대구광역시 동구 국채보상로 777, 1,2층 (신천동)",053-252-2786,,35.8683296,128.6157777,2,20241030,2,,,,
JDQ4MTYyMiM4MSMkMiMkMCMkMDAkNDgxOTYxIzUxIyQxIyQxIyQ2MiQyNjEyMjIjNDEjJDEjJDgjJDgz,센트럴안과의원,clinic,대구,대구동구,"대구광역시 동구 동부로22길 2, 서한 코보스카운티 2, 3층 201,202,303호 (신천동)",053-782-0055,,35.8761936,128.6267241,5,20170302,5,,,,
JDQ4MTYyMiM4MSMkMiMkMCMkMDAkNDgxMTkxIzMxIyQxIyQzIyQ5OSQyNjEyMjIjNTEjJDEjJDYjJDgz,우리눈안과의원,clinic,대구,대구동구,"대구광역시 동구 안심로 366, 3층 (신서동)",053-283-8275,,35.8677351,128.7243485,1,20220926,1,,,,
JDQ4MTYyMiM4MSMkMiMkMCMkMDAkNDgxMzUxIzUxIyQxIyQxIyQ4OSQzNjEyMjIjNzEjJDEjJDgjJDgz,율하삼성안과의원,clinic,대구,대구동구,"대구광역시 동구 안심로22길 60, 동흥메디칼 301호 (율하동)",053-964-8575,http://삼성연합안과.com,35.8630878,128.6983417,1,20090429,1,,,,
JDQ4MTYyMiM4MSMkMiMkMCMkMDAkMzgxOTYxIzMxIyQxIyQzIyQ5MiQyNjE0ODEjNjEjJDEjJDgjJDgz,이안과의원,clinic,대구,대구동구,"대구광역시 동구 아양로 178, (신암동)",053-958-3239,,35.8853717,128.6326299,1,19900503,1,,,,
JDQ4MTYyMiM4MSMkMiMkMCMkMDAkMzgxMTkxIzIxIyQxIyQ5IyQ2MiQ0NjEwMDIjNzEjJDEjJDgjJDgz,이종화안과의원,clinic,대구,대구동구,"대구광역시 동구 반야월로 108, 2,3층 (율하동)",053-964-2445,,35.8730957,128.7002213,1,19970415,1,,,,
JDQ4MTYyMiM4MSMkMiMkMCMkMDAkMzgxOTYxIzMxIyQxIyQ3IyQwMyQzNjE4MzIjNzEjJDEjJDgjJDgz,허진호안과의원,clinic,대구,대구동구,"대구광역시 동구 동촌로 228-1, 3층 (방촌동)",053-981-6220,,35.8812295,128.6650939,1,19930417,1,,,,
JDQ4MTYyMiM4MSMkMiMkMCMkMDAkNDgxMzUxIzIxIyQyIyQ5IyQwMCQ0NjE0ODEjNTEjJDEjJDIjJDgz,가톨릭정충일안과의원,clinic,대구,대구북구,"대구광역시 북구 학정로 431, 3층 301호 (동천동, 우리빌딩)",053-322-7525,,35.9433095,128.5632748,1,20061227,1,,,,
JDQ4MTYyMiM4MSMkMiMkMCMkMDAkMzgxMTkxIzIxIyQxIyQ1IyQ2MiQyNjE4MzIjNDEjJDEjJDgjJDgz,김규태안과의원,clinic,대구,대구북구,"대구광역시 북구 동북로 163, 201동 304호,305층 (산격동, 대우아파트 상가)",053-382-4020,,35.9007956,128.6114256,1,19960603,1,"{""0"": [""0900"", ""1830""], ""1"": [""0900"", ""1830""], ""2"": [""0900"", ""1830""], ""3"": [""0900"", ""1830""], ""4"": [""0900"", ""1830""], ""5"": [""0900"", ""1300""]}",13시00분~14시00분,9시00분~18시00분,대우 아파트 상가 3층
JDQ4MTYyMiM4MSMkMiMkMCMkMDAkNDgxMzUxIzIxIyQxIyQxIyQ2MiQyNjE4MzIjNjEjJDEjJDgjJDgz,대구성모안과의원,clinic,대구,대구북구,"대구광역시 북구 동북로 168, 3층 (산격동)",053-955-1090,,35.8990563,128.6108524,1,20051214,1,,,,
JDQ4MTYyMiM4MSMkMiMkMCMkMDAkMzgxMTkxIzIxIyQxIyQ1IyQwMyQyNjEyMjIjNTEjJDEjJDIjJDgz,동산안과의원,clinic,대구,대구북구,"대구광역시 북구 칠곡중앙대로 404, 4층 401호 (태전동, 메디팜빌딩)",053-323-9691,,35.9317753,128.5486239,1,19961213,1,,,,
JDQ4MTYyMiM4MSMkMiMkMCMkMDAkMzgxNzAyIzExIyQxIyQ3IyQwMyQyNjE4MzIjNTEjJDEjJDYjJDgz,새빛안과의원,clinic,대구,대구북구,"대구광역시 북구 칠곡중앙대로 411, (태전동)",053-322-1901,,35.9324969,128.5479862,1,20010122,1,"{""0"": [""0900"", ""1800""], ""1"": [""0900"", ""1300""], ""2"": [""0900"", ""1800""], ""3"": [""0900"", ""1800""], ""4"": [""0900"", ""1800""], ""5"": [""0900"", ""1230""]}",13시00분~14시00분,09시00분~17시40분,대구 칠곡동아아울렛 대각선맞은편 스카이빌딩 3층
JDQ4MTYyMiM4MSMkMiMkMCMkMDAkNDgxMTkxIzUxIyQxIyQxIyQ3OSQyNjEwMDIjNDEjJDEjJDQjJDgz,아이빌리브안과의원,clinic,대구,대구북구,"대구광역시 북구 동북로 244, 6층 604~606호 (복현동)",053-939-3375,,35.8952878,128.6174482,1,20250116,1,,,,
JDQ4MTYyMiM4MSMkMiMkMCMkMDAkNDgxMTkxIzMxIyQxIyQzIyQ3MiQzNjE0ODEjNDEjJDEjJDgjJDgz,아이온안과의원,clinic,대구,대구북구,"대구광역시 북구 팔달로 225, 2층 (노원동2가)",053-285-0130,http://www.eyeoneye.co.kr,35.8880256,128.5748104,3,20230118,3,,,,
JDQ4MTYyMiM4MSMkMiMkMCMkMDAkNDgxMTkxIzIxIyQxIyQxIyQ5MiQyNjEyMjIjNDEjJDEjJDgjJDgz,아이케어안과의원,clinic,대구,대구북구,"대구광역시 북구 팔거천동로 213, 2층 (동천동)",053-322-5050,,35.9429917,128.5577429,2,20230224,2,,,,
JDQ4MTYyMiM4MSMkMiMkMCMkMDAkNDgxMzUxIzIxIyQxIyQxIyQ5MiQyNjE4MzIjODEjJDEjJDIjJDgz,영대연합안과의원,clinic,대구,대구북구,"대구광역시 북구 침산남로 154, 6층 (침산동)",053-356-1030,,35.8878283,128.5922862,1,20060222,1,,,,
JDQ4MTYyMiM4MSMkMiMkMCMkMDAkMzgxOTYxIzUxIyQyIyQ1IyQwMCQyNjE4MzIjNzEjJDEjJDgjJDgz,윤영팔안과의원,clinic,대구,대구북구,"대구광역시 북구 칠곡중앙대로 389, (태전동)",053-321-3880,,35.9304719,128.5477355,1,19930503,1,,,,
JDQ4MTYyMiM4MSMkMiMkMCMkMDAkNDgxOTYxIzExIyQxIyQzIyQ5OSQzNjEwMDIjNDEjJDEjJDgjJDgz,칠곡대구안과의원,clinic,대구,대구북구,"대구광역시 북구 학정로 50, 3층 (태전동)",053-358-7575,,35.9132342,128.548063,1,20110124,1,,,,
JDQ4MTYyMiM4MSMkMiMkMCMkMDAkNDgxMzUxIzExIyQxIyQzIyQ4OSQ0NjE0ODEjNTEjJDEjJDIjJDgz,칠곡명안과의원,clinic,대구,대구북구,"대구광역시 북구 학정로 429, 301호 (동천동)",053-314-8275,,35.9430706,128.5632386,1,20040730,1,,,,
JDQ4MTYyMiM4MSMkMiMkMCMkMDAkNDgxOTYxIzIxIyQxIyQxIyQ3OSQyNjE4MzIjNTEjJDEjJDIjJDgz,현대안과의원,clinic,대구,대구북구,"대구광역시 북구 학정로 421, (동천동)",053-312-7575,http://blog.naver.com/hyundaeeye,35.9423723,128.5630982,1,20120330,1,"{""0"": [""0900"", ""1830""], ""1"": [""0900"", ""1830""], ""2"": [""0900"", ""1830""], ""3"": [""0900"", ""1830""], ""4"": [""0900"", ""1830""], ""5"": [""0900"", ""1330""]}",13시00분~14시00분,08시30분~18시30분,국민은행
JDQ4MTYyMiM4MSMkMiMkMCMkMDAkNDgxMTkxIzExIyQxIyQzIyQ5OSQ0NjEwMDIjODEjJDEjJDYjJDgz,홍안과의원,clinic,대구,대구북구,"대구광역시 북구 침산로 138, 명성프라임 3층 301호 (침산동)",053-356-1040,,35.8887489,128.5918283,1,20180620,1,,,,
JDQ4MTYyMiM4MSMkMiMkMCMkMDAkMzgxNzAyIzMxIyQxIyQzIyQ2MiQzNjEwMDIjNjEjJDEjJDgjJDgz,맑은눈안과의원,clinic,대구,대구서구,"대구광역시 서구 팔달로 164, 4층 (비산동)",053-356-4600,,35.8885758,128.5678325,1,20020410,1,,,,
JDQ4MTYyMiM4MSMkMiMkMCMkMDAkMzgxNzAyIzIxIyQxIyQ5IyQwMyQyNjEwMDIjNjEjJDEjJDgjJDgz,밝은안과의원,clinic,대구,대구서구,"대구광역시 서구 달서로 188, (비산동)",053-566-7575,,35.8791216,128.5715717,1,20020214,1,,,,
JDQ4MTYyMiM4MSMkMiMkMCMkMDAkNDgxMzUxIzIxIyQyIyQ5IyQwMCQ0NjEwMDIjNDEjJDEjJDgjJDgz,서대구안과의원,clinic,대구,대구서구,"대구광역시 서구 국채보상로 258, 2층 (평리동)",053-551-8275,,35.8709968,128.5592937,1,20121203,1,,,,
JDQ4MTYyMiM4MSMkMiMkMCMkMDAkNDgxMTkxIzMxIyQxIyQzIyQ2MiQzNjEyMjIjNDEjJDEjJDgjJDgz,심청안과의원,clinic,대구,대구서구,"대구광역시 서구 달구벌대로361길 1, 4층 403~404호 (내당동)",053-572-4200,,35.8597008,128.5616659,2,20230102,2,,,,
JDQ4MTYyMiM4MSMkMiMkMCMkMDAkMzgxOTYxIzMxIyQxIyQzIyQ4MiQzNjE0ODEjNDEjJDEjJDgjJDgz,이종훈안과의원,clinic,대구,대구서구,"대구광역시 서구 북비산로 359, (비산동)",053-561-2300,,35.879623,128.572695,1,19900508,1,,,,
JDQ4MTYyMiM4MSMkMiMkMCMkMDAkNDgxMTkxIzExIyQxIyQzIyQ4MiQzNjEyMjIjNTEjJDEjJDYjJDgz,평화안과의원,clinic,대구,대구서구,"대구광역시 서구 팔달로 188, 2층 (원대동3가)",053-353-8875,,35.8881964,128.5705668,1,20181019,1,,,,
JDQ4MTYyMiM4MSMkMiMkMCMkMDAkMzgxOTYxIzIxIyQxIyQ5IyQwMyQyNjE0ODEjNzEjJDEjJDgjJDgz,한승욱안과의원,clinic,대구,대구서구,"대구광역시 서구 달구벌대로 1867, 2층 (내당동)",053-559-8008,,35.8615049,128.5685835,1,19890530,1,,,,
JDQ4MTYyMiM4MSMkMiMkMCMkMDAkNDgxMzUxIzUxIyQxIyQxIyQ3MiQyNjEwMDIjNjEjJDEjJDQjJDgz,가톨릭연합안과의원,clinic,대구,대구수성구,"대구광역시 수성구 달구벌대로 3210, 3층 (신매동, 동영빌딩)",053-792-1200,,35.83963,128.707642,2,20090715,2,"{""0"": [""0900"", ""1830""], ""1"": [""0900"", ""1830""], ""2"": [""0900"", ""1830""], ""3"": [""0900"", ""1830""], ""4"": [""0900"", ""1830""], ""5"": [""0900"", ""1300""]}",12시30분~14시 (조기마감 될 수 있습니다),09시00분~17시30분 (조기마감 될 수 있습니다),천주 성상병원
JDQ4MTYyMiM4MSMkMiMkMCMkMDAkNDgxMzUxIzQxIyQxIyQ3IyQ2MiQ0NjEwMDIjNzEjJDEjJDgjJDgz,난초꽃피다임앤오안과의원,clinic,대구,대구수성구,"대구광역시 수성구 달구벌대로 3205, 4,5층 (신매동, 동호빌딩)",053-795-7585,www.inancho.co.kr/,35.8404912,128.7074705,3,20081230,3,"{""0"": [""0900"", ""1800""], ""1"": [""0900"", ""1800""], ""2"": [""0900"", ""1800""], ""3"": [""0900"", ""1800""], ""4"": [""0900"", ""1800""], ""5"": [""0900"", ""1300""], ""6"": [""0000"", ""0000""]}",13시00분~14시00분,9:00~18:00,천주성삼병원
JDQ4MTYyMiM4MSMkMiMkMCMkMDAkMzgxOTYxIzUxIyQxIyQxIyQ3OSQyNjE0ODEjNjEjJDEjJDAjJDgz,남앤김안과의원,clinic,대구,대구수성구,"대구광역시 수성구 지범로 188, 404호 (범물동, 리빙월드)",053-784-7677,,35.8207946,128.6395144,2,19920305,1,,,,
JDQ4MTYyMiM4MSMkMiMkMCMkMDAkMzgxNzAyIzQxIyQxIyQ3IyQ2MiQyNjE0ODEjODEjJDEjJDIjJDgz,눈사랑안과의원,clinic,대구,대구수성구,"대구광역시 수성구 화랑로 50, 자삼빌딩 3층 (만촌동)",053-759-8200,,35.8703428,128.6334521,1,20030308,1,,,,
JDQ4MTYyMiM4MSMkMiMkMCMkMDAkMzgxNzAyIzExIyQxIyQ3IyQ4OSQzNjEwMDIjODEjJDEjJDYjJDgz,대구연세안과의원,clinic,대구,대구수성구,"대구광역시 수성구 수성로 206, 4, 5층 (중동)",053-626-8881,http://www.highnun.co.kr,35.8436684,128.6129284,3,20001117,3,,,,
JDQ4MTYyMiM4MSMkMiMkMCMkMDAkNDgxMTkxIzQxIyQxIyQ3IyQ5OSQzNjE4MzIjNzEjJDEjJDgjJDgz,더퍼스트안과의원,clinic,대구,대구수성구,"대구광역시 수성구 달구벌대로 2557-1, 4층 (만촌동)",053-716-0520,,35.8592463,128.6426174,1,20240619,1,,,,
JDQ4MTYyMiM4MSMkMiMkMCMkMDAkMzgxMTkxIzUxIyQxIyQ1IyQxMyQ0NjEwMDIjNjEjJDEjJDQjJDgz,드림안과의원,clinic,대구,대구수성구,"대구광역시 수성구 지범로 200, 5층 502호 (범물동)",053-781-7500,,35.8201781,128.6405792,1,20031119,1,,,,
JDQ4MTYyMiM4MSMkMiMkMCMkMDAkNDgxMzUxIzExIyQxIyQzIyQ5OSQzNjEyMjIjNTEjJDEjJDYjJDgz,메트로안과의원,clinic,대구,대구수성구,"대구광역시 수성구 달구벌대로 2360, 7~12층 (수성동3가)",053-253-0037,http://www.metroeye.co.kr,35.8590733,128.6205286,11,20060612,11,"{""0"": [""0900"", ""1800""], ""1"": [""0900"", ""1800""], ""2"": [""0900"", ""1800""], ""3"": [""0900"", ""1800""], ""4"": [""0900"", ""1930""], ""5"": [""0900"", ""1300""]}",12:00~13:30 (11:30까지 접수),"11:30, 17:30까지 (금요일 19:00까지)",건물명 메트로안과
JDQ4MTYyMiM4MSMkMiMkMCMkMDAkMzgxMTkxIzExIyQxIyQ3IyQ5OSQ0NjEwMDIjNTEjJDEjJDYjJDgz,범어안과의원,clinic,대구,대구수성구,"대구광역시 수성구 달구벌대로 2401, (범어동)",053-745-6606,,35.8597503,128.6252844,1,20051201,1,"{""0"": [""0900"", ""1800""], ""1"": [""0900"", ""1800""], ""2"": [""0900"", ""1800""], ""3"": [""1400"", ""1800""], ""4"": [""0900"", ""1800""], ""5"": [""0900"", ""1200""]}",13시00분~14시00분,9시00분~17시30분,
JDQ4MTYyMiM4MSMkMiMkMCMkMDAkNDgxMTkxIzQxIyQxIyQ3IyQ4MiQ0NjE0ODEjNjEjJDEjJDAjJDgz,보라빛안과의원,clinic,대구,대구수성구,"대구광역시 수성구 달구벌대로 2599, 301동 801호 (만촌동)",053-287-1001,,35.8594909,128.6470808,1,20241014,1,,,,
JDQ4MTYyMiM4MSMkMiMkMCMkMDAkMzgxMTkxIzMxIyQxIyQ3IyQ4MiQyNjE4MzIjNjEjJDEjJDQjJDgz,수성안과의원,clinic,대구,대구수성구,"대구광역시 수성구 달구벌대로 2288, (수성동1가)",053-792-0075,,35.8595182,128.6128206,1,20071228,1,,,,
JDQ4MTYyMiM4MSMkMiMkMCMkMDAkMzgxNzAyIzMxIyQxIyQzIyQ3OSQyNjE0ODEjNjEjJDEjJDgjJDgz,수안과의원,clinic,대구,대구수성구,"대구광역시 수성구 달구벌대로 2606, 2층, 203호 (만촌동, 만촌역 서한포레스트)",053-959-7575,,35.8577414,128.6472959,1,20020220,1,,,,
JDQ4MTYyMiM4MSMkMiMkMCMkMDAkMzgxNzAyIzMxIyQxIyQ3IyQxMyQzNjE0ODEjNDEjJDEjJDgjJDgz,시지제일안과의원,clinic,대구,대구수성구,"대구광역시 수성구 달구벌대로 3206, 3층 (신매동)",053-794-5771,,35.8397449,128.7073381,1,20021218,1,,,,
JDQ4MTYyMiM4MSMkMiMkMCMkMDAkNDgxMzUxIzIxIyQyIyQxIyQwMCQzNjEwMDIjNjEjJDEjJDQjJDgz,신세계안과의원,clinic,대구,대구수성구,"대구광역시 수성구 동대구로 311, (범어동, 범어애플타워 7층)",053-742-5577,http://amarislasik.co.kr/main/,35.8581272,128.6252464,2,19990302,2,"{""0"": [""0900"", ""1830""], ""1"": [""0900"", ""1830""], ""2"": [""0900"", ""1830""], ""3"": [""0900"", ""1830""], ""4"": [""0900"", ""1830""], ""5"": [""0900"", ""1630""]}",13시00분~14시00분,09시00분~18시30분,
JDQ4MTYyMiM4MSMkMiMkMCMkMDAkNDgxMTkxIzQxIyQxIyQ3IyQ2MiQzNjEyMjIjNTEjJDEjJDYjJDgz,아이굿안과의원,clinic,대구,대구수성구,"대구광역시 수성구 지범로 199, 7~8층 (범물동)",053-781-2345,,35.8206124,128.6409632,2,20240828,2,,,,
JDQ4MTYyMiM4MSMkMiMkMCMkMDAkNDgxMTkxIzUxIyQxIyQxIyQ4OSQyNjE0ODEjODEjJDEjJDYjJDgz,아이엠안과의원,clinic,대구,대구수성구,"대구광역시 수성구 달구벌대로 3188, 아레나스포츠센터 4층 4-1호 (신매동)",053-791-3188,,35.8403253,128.7052207,1,20250205,1,,,,
JDQ4MTYyMiM4MSMkMiMkMCMkMDAkNDgxMzUxIzMxIyQxIyQ3IyQ2MiQyNjE4MzIjNDEjJDEjJDgjJDgz,안견안과의원,clinic,대구,대구수성구,"대구광역시 수성구 청수로 156, 3,4층 (지산동)",053-766-8875,http://www.akeye.co.kr,35.8392494,128.6250939,1,20080403,1,,,,
JDQ4MTYyMiM4MSMkMiMkMCMkMDAkNDgxOTYxIzUxIyQxIyQxIyQxMyQ0NjEwMDIjNjEjJDEjJDQjJDgz,잘보는안과의원,clinic,대구,대구수성구,"대구광역시 수성구 수성로 197, (중동)",053-766-4455,,35.8431183,128.6121033,9,20170622,8,"{""0"": [""0900"", ""1730""], ""1"": [""0900"", ""1730""], ""2"": [""0900"", ""1730""], ""3"": [""0900"", ""1730""], ""4"": [""0900"", ""1730""], ""5"": [""0900"", ""1230""]}",13시00분~14시00분,,수성구 보건소
JDQ4MTYyMiM4MSMkMiMkMCMkMDAkMzgxOTYxIzIxIyQyIyQ1IyQwMCQ0NjE0ODEjNDEjJDEjJDQjJDgz,정안과의원,clinic,대구,대구수성구,"대구광역시 수성구 지범로 181, (지산동)",053-782-6001,,35.8216881,128.6392933,1,19971230,1,,,,
JDQ4MTYyMiM4MSMkMiMkMCMkMDAkNDgxMzUxIzUxIyQxIyQ1IyQ5MiQzNjE0ODEjNDEjJDEjJDgjJDgz,제니스안과의원,clinic,대구,대구수성구,"대구광역시 수성구 달구벌대로 2435, 3층 (범어동, 두산위브더제니스)",053-743-1828,,35.8603108,128.6289865,1,20100903,1,,,,
JDQ4MTYyMiM4MSMkMiMkMCMkMDAkMzgxMTkxIzIxIyQxIyQ5IyQ3MiQyNjE0ODEjNDEjJDEjJDgjJDgz,최창현안과의원,clinic,대구,대구수성구,"대구광역시 수성구 달구벌대로 3204, 3층 (신매동, 시지메디빌)",053-793-1174,,35.839932,128.7069,1,19970424,1,,,,
JDQ4MTYyMiM4MSMkMiMkMCMkMDAkNDgxMTkxIzUxIyQxIyQ1IyQ3MiQyNjEyMjIjNDEjJDEjJDgjJDgz,큰빛안과의원,clinic,대구,대구수성구,"대구광역시 수성구 달구벌대로 3252, 지하1층~지상4층 (신매동)",053-249-1001,https://www.keunbiteyeclinic.kr,35.8381915,128.7115991,2,20260707,2,,,,
JDQ4MTYyMiM4MSMkMiMkMCMkMDAkNDgxOTYxIzExIyQxIyQ3IyQ3OSQ0NjE0ODEjNzEjJDEjJDgjJDgz,프라자안과의원,clinic,대구,대구수성구,"대구광역시 수성구 명덕로 368, 2층 211, 215, 216호 (수성동1가, 우방한가람타운상가)",053-766-7979,,35.8543414,128.610729,2,20010623,2,"{""0"": [""0930"", ""1800""], ""1"": [""0930"", ""1800""], ""2"": [""0930"", ""1800""], ""3"": [""0930"", ""1800""], ""4"": [""0930"", ""1800""], ""5"": [""0930"", ""1300""]}",12시30분~2시,9시30분~6시,한가람코아 2층
JDQ4MTYyMiM4MSMkMiMkMCMkMDAkNDgxMTkxIzUxIyQxIyQxIyQ5MiQ0NjEwMDIjNjEjJDEjJDgjJDgz,하이빛안과의원,clinic,대구,대구수성구,"대구광역시 수성구 동대구로 300, 401동 402호, 403호 (범어동, 범어 롯데캐슬)",053-743-7575,,35.8566406,128.6268433,1,20250805,1,,,,
JDQ4MTYyMiM4MSMkMiMkMCMkMDAkMzgxNzAyIzIxIyQyIyQ1IyQwMCQzNjEwMDIjNjEjJDEjJDgjJDgz,현대안과의원,clinic,대구,대구수성구,"대구광역시 수성구 달구벌대로 2578, (만촌동)",053-744-8414,,35.8585373,128.6447128,2,20010622,2,,,,
JDQ4MTYyMiM4MSMkMiMkMCMkMDAkNDgxMzUxIzIxIyQxIyQ5IyQxMyQyNjEyMjIjNzEjJDEjJDgjJDgz,홍승표안과의원,clinic,대구,대구수성구,"대구광역시 수성구 청수로 186, (지산동)",053-766-7525,,35.8387328,128.6284617,1,20070402,1,"{""0"": [""0900"", ""1830""], ""1"": [""0900"", ""1800""], ""2"": [""1400"", ""1800""], ""3"": [""0900"", ""1800""], ""4"": [""0900"", ""1830""], ""5"": [""0900"", ""1300""]}",13시00분~14시30분,"월, 금 09시00분~18시00분, 화, 목, 09시~17시30분, 수 14시~17시30분",
JDQ4MTYyMiM4MSMkMiMkMCMkMDAkMzgxNzAyIzIxIyQxIyQ5IyQxMyQzNjE4MzIjNTEjJDEjJDIjJDgz,굿모닝안과의원,clinic,대구,대구중구,"대구광역시 중구 중앙대로 359, 4층 (남산동, 반월당메디칼센터)",053-257-7942,www.lasik-lasek.com/,35.8650479,128.5927741,2,20020228,2,"{""0"": [""1000"", ""1800""], ""1"": [""1000"", ""1800""], ""2"": [""1000"", ""1800""], ""3"": [""1000"", ""1800""], ""4"": [""1000"", ""1800""], ""5"": [""1000"", ""1400""]}",12시 30분 ~ 13시 30분,9시 50분 ~ 17시 40분,반월당 메디칼센터
JDQ4MTYyMiM4MSMkMiMkMCMkMDAkMzgxNzAyIzIxIyQxIyQ5IyQ2MiQyNjEyMjIjNjEjJDEjJDQjJDgz,김기산안과의원,clinic,대구,대구중구,"대구광역시 중구 달구벌대로 2126, (봉산동)",053-257-8875,http://www.kisanlasik.co.kr,35.864668,128.5960055,1,20011226,1,,,,
JDQ4MTYyMiM4MSMkMiMkMCMkMDAkNDgxOTYxIzUxIyQxIyQ1IyQwMyQyNjEwMDIjODEjJDEjJDYjJDgz,김인택안과의원,clinic,대구,대구중구,"대구광역시 중구 동덕로 91, 대봉동PYLON빌딩 8층 (대봉동)",053-255-3800,,35.8626548,128.6026067,2,20180228,1,,,,
JDQ4MTYyMiM4MSMkMiMkMCMkMDAkNDgxMTkxIzIxIyQxIyQxIyQ3OSQzNjEyMjIjNTEjJDEjJDIjJDgz,난초꽃피다안과의원,clinic,대구,대구중구,"대구광역시 중구 달구벌대로 2127, S타워 2,7층 (봉산동)",053-254-0075,,35.8653031,128.5965835,3,20050628,2,"{""0"": [""0930"", ""1800""], ""1"": [""0930"", ""1800""], ""2"": [""0930"", ""1800""], ""3"": [""1300"", ""1800""], ""4"": [""0930"", ""1900""], ""5"": [""0930"", ""1600""]}",12시30분 ~ 14시 00분,09시 30분~18시00분,s타워 7층
JDQ4MTYyMiM4MSMkMiMkMCMkMDAkMzgxMTkxIzIxIyQxIyQ5IyQ3MiQzNjEwMDIjNDEjJDEjJDgjJDgz,삼성안과의원,clinic,대구,대구중구,"대구광역시 중구 공평로 20, (삼덕동2가)",053-426-9064,http://www.samsungeye.co.kr/,35.865749,128.600258,2,19970510,2,,,,
JDQ4MTYyMiM4MSMkMiMkMCMkMDAkNDgxMTkxIzIxIyQxIyQ5IyQ2MiQzNjE4MzIjNTEjJDEjJDIjJDgz,서울새론안과 의원,clinic,대구,대구중구,"대구광역시 중구 달구벌대로 2207, 2층, 3층, 5층 (삼덕동2가)",053-719-2580,,35.8630804,128.6048352,1,20220223,1,,,,
JDQ4MTYyMiM4MSMkMiMkMCMkMDAkNDgxMzUxIzMxIyQxIyQzIyQ2MiQzNjE0ODEjNTEjJDEjJDYjJDgz,신동수안과의원,clinic,대구,대구중구,"대구광역시 중구 국채보상로 447, (대신동)",053-558-7582,,35.8706197,128.5797208,1,20070802,1,,,,
JDQ4MTYyMiM4MSMkMiMkMCMkMDAkMzgxMTkxIzMxIyQxIyQ3IyQ2MiQzNjEwMDIjNzEjJDEjJDgjJDgz,씨엘안과의원,clinic,대구,대구중구,"대구광역시 중구 달구벌대로 2105, (덕산동)",053-256-7407,http://www.new-eye.co.kr/,35.8657687,128.5940671,1,20030523,1,"{""0"": [""0930"", ""1830""], ""1"": [""0930"", ""1830""], ""2"": [""0930"", ""1830""], ""3"": [""0930"", ""1830""], ""4"": [""0930"", ""1830""], ""5"": [""0930"", ""1600""]}",13시00분~14시00분,,반월당네거리
JDQ4MTYyMiM4MSMkMiMkMCMkMDAkNDgxOTYxIzUxIyQxIyQ1IyQ5OSQ0NjEwMDIjNDEjJDEjJDgjJDgz,아이백안과의원,clinic,대구,대구중구,"대구광역시 중구 동덕로 106-4, 1~4층,9층 (삼덕동2가)",053-763-1100,,35.8639234,128.6032585,5,20170904,5,,,,
JDQ4MTYyMiM4MSMkMiMkMCMkMDAkMzgxNzAyIzExIyQxIyQzIyQwMyQyNjE4MzIjNzEjJDEjJDgjJDgz,유안과의원,clinic,대구,대구중구,"대구광역시 중구 국채보상로 540, (상서동)",053-254-5105,,35.8700846,128.5896228,1,20050601,1,"{""0"": [""0900"", ""1800""], ""1"": [""0900"", ""1800""], ""2"": [""0900"", ""1800""], ""3"": [""0900"", ""1800""], ""4"": [""0900"", ""1800""], ""5"": [""0900"", ""1300""]}",13시00분~14시00분,,곽병원
JDQ4MTYyMiM4MSMkMiMkMCMkMDAkMzgxNzAyIzUxIyQyIyQ1IyQwMCQzNjE0ODEjNjEjJDEjJDgjJDgz,정화선안과의원,clinic,대구,대구중구,"대구광역시 중구 달구벌대로 2191, (삼덕동2가, 동부화재)",053-421-8008,http://www.eyechung.kr/,35.8635894,128.6031011,1,20040303,1,"{""0"": [""0930"", ""1800""], ""1"": [""0930"", ""1800""], ""2"": [""0930"", ""1800""], ""3"": [""0930"", ""1800""], ""4"": [""0930"", ""1800""], ""5"": [""0930"", ""1230""]}",12시30분~14시00분,09시30분~18시00분,
JDQ4MTYyMiM4MSMkMiMkMCMkMDAkNDgxMTkxIzUxIyQxIyQ1IyQ3OSQzNjEwMDIjODEjJDEjJDYjJDgz,청라빛안과의원,clinic,대구,대구중구,"대구광역시 중구 달구벌대로 2012, 5,6층 (남산동)",053-424-2020,,35.8651081,128.5842207,2,20251021,2,,,,
JDQ4MTYyMiM4MSMkMiMkMCMkMDAkNDgxOTYxIzIxIyQxIyQ5IyQxMyQzNjEwMDIjNzEjJDEjJDgjJDgz,프라임안과의원,clinic,대구,대구중구,"대구광역시 중구 달구벌대로 1999, 2층 (동산동)",053-422-5454,,35.8654491,128.5827035,2,20141201,2,,,,
JDQ4MTYyMiM4MSMkMiMkMCMkMDAkMzgxOTYxIzUxIyQxIyQ1IyQ3MiQyNjEwMDIjNjEjJDEjJDQjJDgz,한빛안과의원,clinic,대구,대구중구,"대구광역시 중구 달구벌대로 2109, 3층 (덕산동, 현대빌딩)",053-423-2367,http://www.eyeok.co.kr,35.8656617,128.59461,3,20000309,3,,,,
JDQ4MTYyMiM4MSMkMiMkMCMkMDAkMzgxOTYxIzIxIyQyIyQ5IyQwMCQ0NjE0ODEjNjEjJDEjJDgjJDgz,한영안과의원,clinic,대구,대구중구,"대구광역시 중구 국채보상로 542, (상서동)",053-254-5324,,35.8702071,128.59005,1,19890203,1,,,,
JDQ4MTYyMiM4MSMkMiMkMCMkMDAkMzgxMzUxIzUxIyQxIyQ1IyQ4MiQ0NjEwMDIjNTEjJDEjJDIjJDgz,한일안과의원,clinic,대구,대구중구,"대구광역시 중구 국채보상로 550, (종로1가)",425-4820,,35.8703584,128.5908503,1,20011029,1,,,,
JDQ4MTYyMiM4MSMkMiMkMCMkMDAkMzgxNzAyIzQxIyQxIyQ3IyQ5MiQ0NjE0ODEjNjEjJDEjJDQjJDgz,해맑은안과의원,clinic,대구,대구중구,"대구광역시 중구 국채보상로 598, (동성로2가)",053-431-6688,http://www.eyesun.co.kr,35.8705269,128.5960431,1,20030430,1,"{""0"": [""0930"", ""1730""], ""1"": [""0930"", ""1730""], ""2"": [""0930"", ""1730""], ""3"": [""0930"", ""1300""], ""4"": [""0930"", ""1730""], ""5"": [""0930"", ""1200""]}",13시~14시,,
JDQ4MTYyMiM2MSMkMiMkMiMkMDAkMzgxOTYxIzIxIyQxIyQxIyQ4MiQyNjEwMDIjNzEjJDEjJDgjJDgz,심안과의원,clinic,대전,대전대덕구,"대전광역시 대덕구 신탄진로 790, 4층 (신탄진동)",042-931-4502,,36.4480027,127.4297814,1,19920118,1,,,,
JDQ4MTYyMiM2MSMkMiMkMiMkMDAkMzgxNzAyIzExIyQxIyQzIyQ2MiQzNjEwMDIjNTEjJDEjJDYjJDgz,지현성모안과의원,clinic,대전,대전대덕구,"대전광역시 대덕구 계족산로 2, 304호 (중리동, 조은크리닉)",042-633-0030,,36.361317,127.4320412,1,20080226,1,"{""0"": [""0930"", ""0000""], ""1"": [""0930"", ""0000""], ""2"": [""0930"", ""0000""], ""3"": [""0930"", ""0000""], ""4"": [""0930"", ""0000""], ""5"": [""0930"", ""0000""]}",,09시 30분~ 오후는 예약시간까지,국민은행 용전동 지점
JDQ4MTYyMiM2MSMkMiMkMiMkMDAkMzgxNzAyIzExIyQxIyQzIyQwMyQyNjEwMDIjNDEjJDEjJDQjJDgz,하나로안과의원,clinic,대전,대전대덕구,"대전광역시 대덕구 계족산로 1, 3층 (중리동)",042-631-2154,,36.3618209,127.4318556,2,19950511,2,,,,
JDQ4MTYyMiM2MSMkMiMkMiMkMDAkNDgxMzUxIzQxIyQxIyQ3IyQ5OSQzNjE4MzIjNjEjJDEjJDQjJDgz,한빛안과의원,clinic,대전,대전대덕구,"대전광역시 대덕구 비래동로 20, 3층 302호 (비래동)",042-639-7582,,36.3556402,127.4502375,1,20151002,1,"{""0"": [""0900"", ""1800""], ""1"": [""0900"", ""1800""], ""2"": [""0900"", ""1230""], ""3"": [""0900"", ""1800""], ""4"": [""0900"", ""1800""], ""5"": [""0900"", ""1230""]}",12:30~ 14:00,09시00분 ~ 18시00분,비래동 주민센터
JDQ4MTYyMiM2MSMkMiMkMiMkMDAkMzgxNzAyIzUxIyQxIyQ1IyQ4OSQyNjE0ODEjODEjJDEjJDIjJDgz,고운눈안과의원,clinic,대전,대전동구,"대전광역시 동구 은어송로 73, 7층 (가오동)",042-272-5975,,36.3072511,127.4568732,1,20080501,1,,,,
JDQ4MTYyMiM2MSMkMiMkMiMkMDAkMzgxMzUxIzIxIyQxIyQ5IyQ5OSQzNjE4MzIjNjEjJDEjJDAjJDgz,김기룡안과의원,clinic,대전,대전동구,"대전광역시 동구 중앙로 193, (중동)",042-257-3948,,36.3306808,127.4305503,1,19820410,1,,,,
JDQ4MTYyMiM2MSMkMiMkMiMkMDAkNDgxOTYxIzExIyQxIyQ3IyQ4MiQyNjEwMDIjNTEjJDEjJDIjJDgz,김앤김안과의원,clinic,대전,대전동구,"대전광역시 동구 동구청로 95, 예시티 3층 2호 (가오동)",042-721-3600,,36.3064929,127.456713,2,20221103,2,,,,
JDQ4MTYyMiM2MSMkMiMkMiMkMDAkNDgxOTYxIzIxIyQxIyQxIyQ2MiQzNjEyMjIjNjEjJDEjJDQjJDgz,눈사랑안과의원,clinic,대전,대전동구,"대전광역시 동구 동서대로1695번길 4, 7층 (용전동)",1644-7500,,36.3499328,127.438075,1,20200210,1,"{""0"": [""0900"", ""1820""], ""1"": [""0900"", ""1820""], ""2"": [""0900"", ""1300""], ""3"": [""0900"", ""1820""], ""4"": [""0900"", ""1820""], ""5"": [""0900"", ""1300""]}",12시40분~14시00분,09시00분~18시10분,
JDQ4MTYyMiM2MSMkMiMkMiMkMDAkNDgxMzUxIzMxIyQyIyQzIyQwMCQyNjE0ODEjNTEjJDEjJDIjJDgz,민들레안과의원,clinic,대전,대전동구,"대전광역시 동구 동대전로 81, (대동)",042-632-0082,,36.3300281,127.4430359,1,20130221,1,"{""0"": [""0900"", ""0600""], ""1"": [""0900"", ""0600""], ""2"": [""0900"", ""0600""], ""3"": [""0900"", ""0600""], ""4"": [""0900"", ""0600""], ""5"": [""0900"", ""1300""]}",13시00분~14시00분,09시 00분~17시30분,대전 동구 동대전로 81 하나은행 6층
JDQ4MTYyMiM2MSMkMiMkMiMkMDAkMzgxNzAyIzUxIyQxIyQxIyQwMyQyNjE0ODEjNTEjJDEjJDIjJDgz,성모눈빛안과의원,clinic,대전,대전동구,"대전광역시 동구 동서대로 1629-6, 3층 (홍도동, 하나은행)",042-638-5050,http://www.invisionclinic.co.kr,36.3474541,127.4314072,1,20080319,1,"{""0"": [""0900"", ""1800""], ""1"": [""0900"", ""1800""], ""2"": [""0900"", ""1800""], ""3"": [""0900"", ""1800""], ""4"": [""0900"", ""1800""], ""5"": [""0900"", ""1200""]}",13:00~14:00,,
JDQ4MTYyMiM2MSMkMiMkMiMkMDAkNDgxMzUxIzExIyQxIyQ3IyQ3OSQzNjE0ODEjODEjJDEjJDIjJDgz,신안과의원,clinic,대전,대전동구,"대전광역시 동구 대전로 834, 1,2층 (정동)",042-256-3320,,36.3339317,127.4317622,3,19940906,3,,,,
JDQ4MTYyMiM2MSMkMiMkMiMkMDAkMzgxOTYxIzQxIyQxIyQ3IyQ4OSQyNjEyMjIjNDEjJDEjJDgjJDgz,조안과의원,clinic,대전,대전동구,"대전광역시 동구 동대전로 74, (대동)",042-272-1700,,36.3291485,127.4426891,1,19991008,1,,,,
JDQ4MTYyMiM2MSMkMiMkMiMkMDAkNDgxMzUxIzUxIyQxIyQxIyQ3MiQ0NjE0ODEjNDEjJDEjJDgjJDgz,창안과의원,clinic,대전,대전동구,"대전광역시 동구 대전로 789, 1,2,3층 (중동)",042-223-7331,,36.3299807,127.4329591,2,20160901,2,,,,
JDQ4MTYyMiM2MSMkMiMkMiMkMDAkMzgxNzAyIzExIyQxIyQzIyQ3MiQyNjE4MzIjNjEjJDEjJDAjJDgz,눈사랑안과의원,clinic,대전,대전서구,"대전광역시 서구 대덕대로 202, 2, 7층 (둔산동)",042-489-0025,http://www.eyelove75.com/main.htm,36.3508361,127.378641,3,20030127,3,"{""0"": [""0900"", ""1830""], ""1"": [""0900"", ""1830""], ""2"": [""0900"", ""1830""], ""3"": [""0900"", ""1830""], ""4"": [""0900"", ""1830""], ""5"": [""0900"", ""1300""]}",13시00분~14시00분,09시00분~18시30분(증상에 따라 검사가 필요한 경우 다름),서구 둔산동 갤러리아타임월드
JDQ4MTYyMiM2MSMkMiMkMiMkMDAkMzgxMTkxIzExIyQxIyQ3IyQ5MiQzNjEyMjIjNjEjJDEjJDAjJDgz,대전성모안과의원,clinic,대전,대전서구,"대전광역시 서구 계룡로 599, MG한밭빌딩 6층 (탄방동)",042-533-0078,http://www.invisionclinic.co.kr,36.3412676,127.3901908,1,20190603,1,,,,
JDQ4MTYyMiM2MSMkMiMkMiMkMDAkNDgxMzUxIzExIyQxIyQ3IyQ5MiQzNjE0ODEjODEjJDEjJDYjJDgz,대전하나안과의원,clinic,대전,대전서구,"대전광역시 서구 도산로 51, 403호 (도마동)",042-524-3475,,36.3134096,127.3795337,2,20030718,2,,,,
JDQ4MTYyMiM2MSMkMiMkMiMkMDAkMzgxOTYxIzIxIyQxIyQ1IyQ2MiQzNjE0ODEjNTEjJDEjJDYjJDgz,둔산안과의원,clinic,대전,대전서구,"대전광역시 서구 청사로 65, 306호 (월평동, 황실타운)",042-486-3420,,36.3614449,127.3716973,1,19921105,1,"{""0"": [""0200"", ""0600""], ""1"": [""0200"", ""0600""], ""2"": [""0200"", ""0600""], ""3"": [""0200"", ""0600""], ""4"": [""0200"", ""0600""], ""5"": [""0000"", ""0000""], ""6"": [""0000"", ""0000""]}",12:30~~2:00,12:30~~2:00,선사유적지 와 서대전고 중간에 황실코아 306호
JDQ4MTYyMiM2MSMkMiMkMiMkMDAkMzgxNzAyIzUxIyQxIyQ1IyQ5MiQ0NjEwMDIjNjEjJDEjJDQjJDgz,드림안과의원,clinic,대전,대전서구,"대전광역시 서구 관저로 157, 2층 (관저동, 하이존)",042-543-5052,,36.299313,127.3397644,2,20081205,2,,,,
JDQ4MTYyMiM2MSMkMiMkMiMkMDAkMzgxMTkxIzMxIyQxIyQzIyQxMyQyNjEyMjIjNDEjJDEjJDgjJDgz,맑은눈안과의원,clinic,대전,대전서구,"대전광역시 서구 청사로 148, 매그놀리아 1층, 4층 101호, 105호, 406호 (둔산동)",042-476-0075,http://www.clearlasik.co.kr,36.3594521,127.3801209,3,20060710,3,,,,
JDQ4MTYyMiM2MSMkMiMkMiMkMDAkMzgxOTYxIzIxIyQxIyQxIyQ3MiQzNjEwMDIjNTEjJDEjJDIjJDgz,명안과의원,clinic,대전,대전서구,"대전광역시 서구 청사로 121, 4층,5층502호6층 (월평동)",042-486-2341,http://www.myungeye.com,36.3600497,127.3772719,6,19950721,6,,,,
JDQ4MTYyMiM2MSMkMiMkMiMkMDAkNDgxOTYxIzIxIyQxIyQ5IyQ2MiQ0NjE0ODEjNjEjJDEjJDAjJDgz,모두의안과의원,clinic,대전,대전서구,"대전광역시 서구 대덕대로 238, 301호 (둔산동)",042-721-2211,,36.3541136,127.379941,4,20220613,4,,,,
JDQ4MTYyMiM2MSMkMiMkMiMkMDAkMzgxOTYxIzUxIyQxIyQ1IyQ5MiQyNjEwMDIjODEjJDEjJDYjJDgz,박안과의원,clinic,대전,대전서구,"대전광역시 서구 계백로 1440, 4층 (도마동)",042-583-8922,,36.3133029,127.3811345,1,19970512,1,,,,
JDQ4MTYyMiM2MSMkMiMkMiMkMDAkNDgxMzUxIzExIyQyIyQ3IyQwMCQyNjEyMjIjNTEjJDEjJDYjJDgz,밝은성모안과의원,clinic,대전,대전서구,"대전광역시 서구 도산로 45, 302,503호 (도마동)",042-585-1516,,36.3126819,127.3803022,1,20080401,1,,,,
JDQ4MTYyMiM2MSMkMiMkMiMkMDAkNDgxMzUxIzIxIyQxIyQxIyQ2MiQzNjEwMDIjNDEjJDEjJDgjJDgz,보다안과의원,clinic,대전,대전서구,"대전광역시 서구 둔산중로 50, 파이낸스빌딩 5층 (둔산동)",042-528-0079,http://bodaeye.com,36.3510232,127.3872975,5,20110506,5,"{""0"": [""0900"", ""1800""], ""1"": [""0900"", ""1800""], ""2"": [""0900"", ""1800""], ""3"": [""0900"", ""1800""], ""4"": [""0900"", ""1800""], ""5"": [""0900"", ""1300""]}",12:30~14:00,9:00~18:00,시청옆
JDQ4MTYyMiM2MSMkMiMkMiMkMDAkMzgxNzAyIzQxIyQxIyQ3IyQ5OSQzNjEwMDIjNTEjJDEjJDYjJDgz,삼성스마일안과의원,clinic,대전,대전서구,"대전광역시 서구 대덕대로 203, 10층 (둔산동)",042-476-0010,http://www.samsungsmile.co.kr,36.3512474,127.3778979,1,20021108,1,"{""0"": [""0930"", ""1800""], ""1"": [""0930"", ""1800""], ""2"": [""0930"", ""1800""], ""3"": [""0930"", ""1800""], ""4"": [""0930"", ""1800""], ""5"": [""0900"", ""1400""]}",12시30분~14시00분,09시30분~17시30분,둔산미래빌딩
JDQ4MTYyMiM2MSMkMiMkMiMkMDAkMzgxNzAyIzIxIyQxIyQ5IyQwMyQzNjEyMjIjNjEjJDEjJDgjJDgz,소중한빛안과의원,clinic,대전,대전서구,"대전광역시 서구 계룡로 605, 201호 (탄방동)",042-524-7588,http://www.valueye.co.kr,36.3409344,127.3905607,4,20050808,4,,,,
JDQ4MTYyMiM2MSMkMiMkMiMkMDAkMzgxNzAyIzUxIyQxIyQ1IyQxMyQyNjEyMjIjNTEjJDEjJDIjJDgz,심안과의원,clinic,대전,대전서구,"대전광역시 서구 도안동로 3, 304,305호 (가수원동, 리더스프라자에이)",042-543-5647,,36.3055523,127.3526723,1,20150430,1,,,,
JDQ4MTYyMiM2MSMkMiMkMiMkMDAkMzgxNzAyIzExIyQxIyQzIyQ4OSQ0NjE0ODEjNjEjJDEjJDgjJDgz,우리안과의원,clinic,대전,대전서구,"대전광역시 서구 대덕대로 219, (둔산동)",042-476-1675,,36.3526507,127.3787285,1,20021213,1,,,,
JDQ4MTYyMiM2MSMkMiMkMiMkMDAkNDgxOTYxIzMxIyQxIyQ3IyQ3OSQzNjEwMDIjNTEjJDEjJDYjJDgz,한솔안과의원,clinic,대전,대전서구,"대전광역시 서구 둔산중로 38, 8층 (둔산동)",042-487-5500,https://www.hansoleye.co.kr,36.3499644,127.3872537,2,20070420,2,,,,
JDQ4MTYyMiM2MSMkMiMkMiMkMDAkMzgxNzAyIzUxIyQxIyQxIyQ4OSQyNjE0ODEjODEjJDEjJDYjJDgz,효안과의원,clinic,대전,대전서구,"대전광역시 서구 대덕대로175번길 16, 7,8,9층 (둔산동)",042-486-5050,http://www.invisionclinic.co.kr,36.3496763,127.3763057,3,20150615,3,"{""0"": [""0900"", ""1800""], ""1"": [""0900"", ""1800""], ""2"": [""0900"", ""1800""], ""3"": [""0900"", ""1800""], ""4"": [""0900"", ""1800""], ""5"": [""0900"", ""1300""]}",13:00~14:00,08:50~17:50,
JDQ4MTYyMiM2MSMkMiMkMiMkMDAkMzgxOTYxIzMxIyQxIyQ3IyQ3OSQzNjEyMjIjNDEjJDEjJDQjJDgz,강안과의원,clinic,대전,대전유성구,"대전광역시 유성구 계룡로 50, (봉명동)",042-823-8737,,36.3549289,127.3365212,1,19941227,1,,,,
JDQ4MTYyMiM2MSMkMiMkMiMkMDAkMzgxMTkxIzQxIyQxIyQ3IyQ2MiQzNjE0ODEjNjEjJDEjJDAjJDgz,김동철안과의원,clinic,대전,대전유성구,"대전광역시 유성구 테크노중앙로 32, (관평동)",042-936-8575,,36.4269648,127.38909,1,20041116,1,,13시 00분 ~ 14시 00분,09시 00분 ~ 19시 00분,관평동 롯데마트
JDQ4MTYyMiM2MSMkMiMkMiMkMDAkMzgxOTYxIzExIyQxIyQzIyQ4OSQyNjEyMjIjNjEjJDEjJDgjJDgz,노은안과의원,clinic,대전,대전유성구,"대전광역시 유성구 노은로 178, (지족동)",042-476-5975,,36.3756014,127.3185157,1,20040216,1,,,,
JDQ4MTYyMiM2MSMkMiMkMiMkMDAkNDgxOTYxIzExIyQxIyQzIyQ2MiQyNjEwMDIjNDEjJDEjJDgjJDgz,새봄안과의원,clinic,대전,대전유성구,"대전광역시 유성구 계룡로 114, BYC빌딩  7층 704호~707호호 (봉명동)",042-826-2475,,36.3526651,127.3429741,5,20180228,5,,,,
JDQ4MTYyMiM2MSMkMiMkMiMkMDAkNDgxMzUxIzExIyQxIyQzIyQ3OSQyNjE0ODEjODEjJDEjJDYjJDgz,서울안과의원,clinic,대전,대전유성구,"대전광역시 유성구 테크노4로 105, 304,305호 (관평동)",042-934-7585,,36.4253029,127.3897584,1,20120914,1,,,,
JDQ4MTYyMiM2MSMkMiMkMiMkMDAkMzgxMTkxIzMxIyQyIyQ3IyQwMCQzNjEyMjIjNzEjJDEjJDgjJDgz,성모안과의원,clinic,대전,대전유성구,"대전광역시 유성구 유성대로 770, 2층, 7층, 8층 (장대동)",042-823-0975,www.eyesurgery.co.kr/,36.3607983,127.3361747,1,20050420,1,"{""0"": [""0900"", ""1800""], ""1"": [""0900"", ""1800""], ""2"": [""0900"", ""1800""], ""4"": [""0900"", ""1800""], ""5"": [""0900"", ""1200""]}",12시30분 ~ 14시00분,09시00분 ~ 18시30분,금호고속터미널
JDQ4MTYyMiM2MSMkMiMkMiMkMDAkNDgxOTYxIzUxIyQxIyQxIyQ3OSQyNjE4MzIjNDEjJDEjJDQjJDgz,아이솔안과의원,clinic,대전,대전유성구,"대전광역시 유성구 동서대로 681, 웰라이프 빌딩 4층 (원신흥동)",042-710-0712,https://www.isoleye.com,36.3325672,127.3388045,1,20251230,1,,,,
JDQ4MTYyMiM2MSMkMiMkMiMkMDAkMzgxNzAyIzExIyQxIyQ3IyQ3MiQzNjE4MzIjNTEjJDEjJDYjJDgz,유성안과의원,clinic,대전,대전유성구,"대전광역시 유성구 계룡로 105, 3-4층 (봉명동)",042-826-0751,http://cameseeing.com,36.3537402,127.3423992,2,20100927,2,"{""0"": [""0900"", ""1730""], ""1"": [""0900"", ""1730""], ""2"": [""0900"", ""1730""], ""3"": [""0900"", ""1730""], ""4"": [""0900"", ""1730""], ""5"": [""0900"", ""1200""]}",12:30~14:00,,
JDQ4MTYyMiM2MSMkMiMkMiMkMDAkNDgxOTYxIzExIyQxIyQ3IyQwMyQyNjE0ODEjODEjJDEjJDYjJDgz,윤슬안과의원,clinic,대전,대전유성구,"대전광역시 유성구 계백로 927, 코젤랜드 3층 (원내동)",042-546-5005,,36.3008979,127.3266814,2,20190415,2,"{""0"": [""0900"", ""1800""], ""1"": [""0900"", ""1800""], ""2"": [""0900"", ""1700""], ""3"": [""0900"", ""1800""], ""4"": [""0900"", ""1800""], ""5"": [""0900"", ""1230""]}",12:30 ~ 14:00,,대전코젤병원
JDQ4MTYyMiM2MSMkMiMkMiMkMDAkNDgxOTYxIzIxIyQxIyQ5IyQ3OSQ0NjEwMDIjNTEjJDEjJDYjJDgz,키다리안과의원,clinic,대전,대전유성구,"대전광역시 유성구 노은로 170, 스타시티 3층 304,305,306호 (지족동)",042-823-2475,,36.3748234,127.3184208,1,20141215,1,,,,
JDQ4MTYyMiM2MSMkMiMkMiMkMDAkMzgxMzUxIzMxIyQxIyQzIyQ3OSQ0NjEwMDIjNTEjJDEjJDIjJDgz,김안과의원,clinic,대전,대전중구,"대전광역시 중구 대종로 506, (은행동)",042-255-8000,,36.3294076,127.4253731,1,19811021,1,"{""0"": [""0840"", ""1700""], ""1"": [""0840"", ""1700""], ""2"": [""0840"", ""1700""], ""3"": [""0840"", ""1700""], ""4"": [""0840"", ""1700""], ""5"": [""0840"", ""1200""]}",12시30분-13시30분,,
JDQ4MTYyMiM2MSMkMiMkMiMkMDAkMzgxMTkxIzUxIyQyIyQ1IyQwMCQzNjEyMjIjNjEjJDEjJDgjJDgz,눈사랑성모안과의원,clinic,대전,대전중구,"대전광역시 중구 동서대로 1218, 2층 (태평동, 태평크리닉)",042-533-2110,,36.3255391,127.3952896,1,20020614,1,,,,
JDQ4MTYyMiM2MSMkMiMkMiMkMDAkNDgxMzUxIzUxIyQxIyQxIyQxMyQyNjE0ODEjNjEjJDEjJDQjJDgz,민들레제일안과의원,clinic,대전,대전중구,"대전광역시 중구 계백로 1715, 501호 (오류동)",042-256-5162,,36.3220788,127.4098387,1,19820223,1,,,,
JDQ4MTYyMiM2MSMkMiMkMiMkMDAkNDgxOTYxIzIxIyQxIyQ5IyQ2MiQyNjEyMjIjNjEjJDEjJDQjJDgz,일점영안과의원,clinic,대전,대전중구,"대전광역시 중구 계룡로 935, 1~4층 (대사동)",042-345-1010,,36.3196322,127.4164211,4,20220317,4,,,,
JDQ4MTYyMiM2MSMkMiMkMiMkMDAkMzgxMzUxIzMxIyQxIyQ3IyQ3MiQ0NjE0ODEjNzEjJDEjJDgjJDgz,중부우리안과의원,clinic,대전,대전중구,"대전광역시 중구 중앙로 136, 2,3층 (대흥동)",042-254-1015,http://www.woorieye11.co.kr/,36.3280322,127.4248085,1,19841227,1,,,,
JDQ4MTYyMiM2MSMkMiMkMiMkMDAkMzgxMzUxIzMxIyQxIyQ3IyQ2MiQyNjEyMjIjNDEjJDEjJDgjJDgz,황안과의원,clinic,대전,대전중구,"대전광역시 중구 계백로 1546, 2층 (유천동)",042-581-0607,,36.3166838,127.3919674,1,19950330,1,,,,
JDQ4MTAxMiM1MSMkMiMkMCMkMDAkNDgxOTYxIzUxIyQxIyQxIyQ2MiQzNjEwMDIjNDEjJDEjJDgjJDgz,더퍼스트성모안과의원,clinic,부산,부산강서구,"부산광역시 강서구 명지국제2로 41, 판매시설동 1층 249~252호 (명지동, 더샵 명지퍼스트월드 3단지)",051-715-1135,,35.0953046,128.9061688,1,20220215,1,,,,
JDQ4MTAxMiM1MSMkMiMkMCMkMDAkNDgxOTYxIzIxIyQxIyQxIyQ5OSQzNjEwMDIjODEjJDEjJDYjJDgz,명지더봄안과의원,clinic,부산,부산강서구,"부산광역시 강서구 명지오션시티11로 74, 601,602호 (명지동)",051-714-0800,,35.0840454,128.9040357,1,20161201,1,"{""0"": [""0830"", ""1830""], ""1"": [""0830"", ""1830""], ""2"": [""0830"", ""1300""], ""3"": [""0830"", ""1830""], ""4"": [""0830"", ""1830""], ""5"": [""0830"", ""1300""]}",13시00분~14시00분,08시30분~18시30분(수요일08시30분~13시00분),
JDQ4MTAxMiM1MSMkMiMkMCMkMDAkNDgxOTYxIzQxIyQxIyQ3IyQ2MiQyNjEyMjIjNDEjJDEjJDgjJDgz,명지성모안과의원,clinic,부산,부산강서구,"부산광역시 강서구 명지국제8로 245, 명지뉴타워복합상가 6층 602,603,604호 (명지동)",051-711-3233,,35.0984094,128.9198442,2,20210316,2,,,,
JDQ4MTAxMiM1MSMkMiMkMCMkMDAkNDgxOTYxIzIxIyQxIyQ5IyQ5OSQ0NjE0ODEjNjEjJDEjJDgjJDgz,금정성모안과의원,clinic,부산,부산금정구,"부산광역시 금정구 구서로 10, 501호 (구서동)",051-711-7977,,35.2468711,129.0901269,1,20180615,1,,,,
JDQ4MTAxMiM1MSMkMiMkMCMkMDAkMzgxOTYxIzMxIyQxIyQzIyQ2MiQyNjE4MzIjNjEjJDEjJDAjJDgz,김안과의원,clinic,부산,부산금정구,"부산광역시 금정구 서동로 161, (서동)",051-527-9839,,35.2148131,129.1042692,1,19880224,1,,,,
JDQ4MTAxMiM1MSMkMiMkMCMkMDAkMzgxNzAyIzIxIyQxIyQ5IyQ5OSQyNjEyMjIjNjEjJDEjJDgjJDgz,밝은홍안과의원,clinic,부산,부산금정구,"부산광역시 금정구 중앙대로 1917, 5층 (구서동)",051-514-3773,,35.2555301,129.0910651,1,20021218,1,,,,
JDQ4MTAxMiM1MSMkMiMkMCMkMDAkMzgxMTkxIzQxIyQxIyQ3IyQ5OSQzNjE0ODEjNjEjJDEjJDgjJDgz,봄빛안과의원,clinic,부산,부산금정구,"부산광역시 금정구 구서로 17, 3층 (구서동)",051-516-8182-3,,35.2466285,129.0890496,1,19990817,1,,,,
JDQ4MTAxMiM1MSMkMiMkMCMkMDAkNDgxMzUxIzUxIyQxIyQ1IyQ5OSQyNjEyMjIjNTEjJDEjJDYjJDgz,서동정안과의원,clinic,부산,부산금정구,"부산광역시 금정구 서동로 170, 5층 (서동)",051-714-7288,,35.2144016,129.1049615,1,20041229,1,,,,
JDQ4MTAxMiM1MSMkMiMkMCMkMDAkMzgxNzAyIzMxIyQxIyQzIyQ3OSQzNjE4MzIjODEjJDEjJDYjJDgz,장한기안과의원,clinic,부산,부산금정구,"부산광역시 금정구 부곡로 120-1, 2층 (부곡동)",051-513-7700,,35.2265791,129.0920669,1,20030526,1,,,,
JDQ4MTAxMiM1MSMkMiMkMCMkMDAkNDgxMTkxIzExIyQxIyQ3IyQ2MiQzNjE4MzIjODEjJDEjJDYjJDgz,참좋은안과의원,clinic,부산,부산금정구,"부산광역시 금정구 구서로 23, 화산빌딩 4층 (구서동)",051-711-4333,,35.24662,129.0886141,1,20240520,1,,,,
JDQ4MTAxMiM1MSMkMiMkMCMkMDAkNDgxOTYxIzIxIyQxIyQ1IyQ3MiQzNjEyMjIjNjEjJDEjJDQjJDgz,기장 더 밝은 안과의원,clinic,부산,부산기장군,"부산광역시 기장군 기장읍 차성동로 94, 4층,5층일부",051-715-0315,,35.2461629,129.2170108,1,20171129,1,,,,
JDQ4MTAxMiM1MSMkMiMkMCMkMDAkNDgxMTkxIzExIyQxIyQzIyQxMyQ0NjEwMDIjNjEjJDEjJDQjJDgz,기장제일안과의원,clinic,부산,부산기장군,"부산광역시 기장군 기장읍 읍내로 105, 미소메디컬센터 4층6층 401호,601호",051-715-7575,,35.245289,129.2158192,2,20240126,2,,,,
JDQ4MTAxMiM1MSMkMiMkMCMkMDAkNDgxMzUxIzQxIyQxIyQ3IyQ4MiQyNjEwMDIjNDEjJDEjJDgjJDgz,밝은이안과의원,clinic,부산,부산기장군,"부산광역시 기장군 정관면 정관로 561, 3층 301호",051-728-0975,,35.3220259,129.1753817,1,20121026,1,,,,
JDQ4MTAxMiM1MSMkMiMkMCMkMDAkNDgxOTYxIzQxIyQxIyQ3IyQ5OSQzNjE4MzIjNzEjJDEjJDgjJDgz,삼성안과의원,clinic,부산,부산기장군,"부산광역시 기장군 기장읍 차성남로51번길 30, 지센 7, 8층",051-721-1777,,35.2426401,129.216562,1,20060428,1,,,,
JDQ4MTAxMiM1MSMkMiMkMCMkMDAkNDgxOTYxIzExIyQxIyQ3IyQ5OSQyNjE4MzIjNjEjJDEjJDgjJDgz,서울성모안과의원,clinic,부산,부산기장군,"부산광역시 기장군 정관읍 정관로 563, 3층 303호 (광장메디칼)",727-5075,,35.3219389,129.1756378,1,20160119,1,"{""0"": [""0900"", ""1800""], ""1"": [""0900"", ""1800""], ""2"": [""1400"", ""1800""], ""3"": [""0900"", ""1800""], ""4"": [""0900"", ""1800""], ""5"": [""0900"", ""1400""]}",13시00분~14시00분,09시00분~18시 00분,홈플러스
JDQ4MTAxMiM1MSMkMiMkMCMkMDAkMzgxMTkxIzIxIyQxIyQ1IyQ4OSQzNjEwMDIjNDEjJDEjJDgjJDgz,이원영안과의원,clinic,부산,부산기장군,"부산광역시 기장군 기장읍 차성동로 63, 2층 204호",051-722-6445,,35.2434227,129.2162786,1,20010518,1,,,,
JDQ4MTAxMiM1MSMkMiMkMCMkMDAkNDgxMTkxIzIxIyQxIyQ1IyQ3MiQzNjEyMjIjNDEjJDEjJDgjJDgz,해빛안과의원,clinic,부산,부산기장군,"부산광역시 기장군 일광읍 해빛6로 102, 3층",051-724-5222,,35.2660937,129.226734,1,20260804,1,,,,
JDQ4MTAxMiM1MSMkMiMkMCMkMDAkNDgxMzUxIzIxIyQxIyQxIyQ2MiQyNjEwMDIjNjEjJDEjJDQjJDgz,THE밝은안과의원,clinic,부산,부산남구,"부산광역시 남구 수영로 209, 103호 (대연동, 일동지에닌상가)",051-612-1116,,35.1353584,129.0892907,1,20080515,1,"{""0"": [""0900"", ""1830""], ""1"": [""0900"", ""1830""], ""2"": [""0900"", ""1830""], ""3"": [""0900"", ""1830""], ""4"": [""0900"", ""1830""], ""5"": [""0900"", ""1300""]}",13시00분~14시00분,08시40분~18시20분,
JDQ4MTAxMiM1MSMkMiMkMCMkMDAkNDgxMTkxIzExIyQxIyQ3IyQ3OSQyNjE0ODEjNTEjJDEjJDIjJDgz,대연본안과의원,clinic,부산,부산남구,"부산광역시 남구 수영로 260, 4층 (대연동, 대연백리명가에덴)",051-622-8080,,35.1351378,129.0952329,2,20240126,2,,,,
JDQ4MTAxMiM1MSMkMiMkMCMkMDAkMzgxOTYxIzExIyQxIyQ3IyQxMyQ0NjEwMDIjNjEjJDEjJDAjJDgz,대연성모안과의원,clinic,부산,부산남구,"부산광역시 남구 수영로 198-1, (대연동)",051-628-0700,,35.1346849,129.0882965,3,19840502,3,,,,
JDQ4MTAxMiM1MSMkMiMkMCMkMDAkMzgxNzAyIzExIyQxIyQ3IyQwMyQyNjE4MzIjODEjJDEjJDYjJDgz,메디칼안과의원,clinic,부산,부산남구,"부산광역시 남구 동명로 137, 2층 (용호동, 원진빌딩)",051-621-3434,http://,35.119862,129.1118871,1,20011017,1,,,,
JDQ4MTAxMiM1MSMkMiMkMCMkMDAkNDgxOTYxIzExIyQxIyQ3IyQ5OSQzNjEwMDIjNTEjJDEjJDIjJDgz,메트로성모안과의원,clinic,부산,부산남구,"부산광역시 남구 분포로 113, 1005동 5층 1호 (용호동, 엘지메트로시티아파트)",051-714-3652,,35.129786,129.109571,1,20160129,1,"{""0"": [""0930"", ""1800""], ""1"": [""0930"", ""1800""], ""2"": [""1400"", ""1800""], ""3"": [""0930"", ""1800""], ""4"": [""0930"", ""1800""], ""5"": [""0930"", ""1330""]}",12시30분-14시00분,"월,화,목,금09시30분~18시00분, 수요일 14시00분 ~ 18시00분",국민은행 건물5층
JDQ4MTAxMiM1MSMkMiMkMCMkMDAkNDgxOTYxIzQxIyQxIyQ3IyQxMyQzNjE0ODEjNTEjJDEjJDYjJDgz,바른눈안과의원,clinic,부산,부산남구,"부산광역시 남구 수영로 297, 동남CATV 2층 (대연동)",051-611-4455,,35.1370387,129.0986524,1,19981222,1,"{""0"": [""0900"", ""1630""], ""1"": [""0900"", ""1630""], ""2"": [""0900"", ""1630""], ""3"": [""0900"", ""1630""], ""5"": [""0900"", ""1130""]}",월~목요일 12:30~14:00/ 금요일 휴진,월~목요일 9:00~16:00,
JDQ4MTAxMiM1MSMkMiMkMCMkMDAkNDgxMzUxIzUxIyQxIyQ1IyQwMyQ0NjE0ODEjNjEjJDEjJDgjJDgz,성모밝은안과의원,clinic,부산,부산남구,"부산광역시 남구 수영로 27, 5층 (문현동)",051-714-1083,,35.137228,129.0708708,1,20141117,1,,,,
JDQ4MTAxMiM1MSMkMiMkMCMkMDAkNDgxOTYxIzExIyQxIyQzIyQ3MiQyNjE4MzIjNDEjJDEjJDgjJDgz,참조은안과의원,clinic,부산,부산남구,"부산광역시 남구 수영로 246, (대연동, 2.3층일부)",051-717-0375,,35.1349657,129.0934908,1,20150623,1,"{""0"": [""0900"", ""1800""], ""1"": [""0900"", ""1800""], ""2"": [""0900"", ""1300""], ""3"": [""0900"", ""1800""], ""4"": [""0900"", ""1800""], ""5"": [""0900"", ""1300""]}",13시00분~14시30분,,대연지하철역
JDQ4MTAxMiM1MSMkMiMkMCMkMDAkMzgxNzAyIzIxIyQxIyQ1IyQ3MiQyNjE0ODEjNjEjJDEjJDQjJDgz,부산김안과의원,clinic,부산,부산동구,"부산광역시 동구 중앙대로 505, (범일동)",051-646-5654,,35.1382935,129.0561387,1,19660326,1,,,,
JDQ4MTAxMiM1MSMkMiMkMCMkMDAkNDgxMzUxIzMxIyQyIyQzIyQwMCQyNjEwMDIjNzEjJDEjJDgjJDgz,세현안과의원,clinic,부산,부산동구,"부산광역시 동구 중앙대로 201, (초량동)",051-466-0975,,35.1153834,129.0393741,1,20110112,1,,,,
JDQ4MTAxMiM1MSMkMiMkMCMkMDAkMzgxMTkxIzIxIyQxIyQ1IyQxMyQyNjEwMDIjNzEjJDEjJDgjJDgz,이도용안과의원,clinic,부산,부산동구,"부산광역시 동구 중앙대로 383, (수정동)",051-462-2201,,35.1295419,129.0490939,1,19970314,1,,,,
JDQ4MTAxMiM1MSMkMiMkMCMkMDAkNDgxOTYxIzExIyQyIyQzIyQwMCQ0NjEwMDIjNjEjJDEjJDgjJDgz,이영안과의원,clinic,부산,부산동구,"부산광역시 동구 조방로 45, 4층 (범일동, 덕원빌딩)",893-7575,,35.140499,129.0602838,1,20150421,1,,,,
JDQ4MTAxMiM1MSMkMiMkMCMkMDAkMzgxMTkxIzIxIyQxIyQxIyQxMyQzNjE0ODEjNjEjJDEjJDQjJDgz,갤러리안과의원,clinic,부산,부산동래구,"부산광역시 동래구 사직북로 6, 3층 (사직동)",051-516-0075,,35.1965299,129.0609901,1,19980521,1,"{""0"": [""0930"", ""1800""], ""1"": [""0930"", ""1800""], ""2"": [""0930"", ""1800""], ""3"": [""0930"", ""1800""], ""4"": [""0930"", ""1800""], ""5"": [""0930"", ""1300""]}",13시~14시,09시30분~18시,부산대학교 정문앞
JDQ4MTAxMiM1MSMkMiMkMCMkMDAkMzgxOTYxIzUxIyQxIyQxIyQ2MiQ0NjE0ODEjNjEjJDEjJDAjJDgz,김향안과의원,clinic,부산,부산동래구,"부산광역시 동래구 아시아드대로 225, (온천동)",051-505-2951,,35.2042991,129.0666022,1,19910305,1,,,,
JDQ4MTAxMiM1MSMkMiMkMCMkMDAkNDgxMzUxIzExIyQxIyQzIyQ3MiQ0NjE0ODEjNzEjJDEjJDgjJDgz,독수리눈안과의원,clinic,부산,부산동래구,"부산광역시 동래구 사직북로 24, 3층 (사직동)",051-507-0775,http://www.sarang-sm.com,35.1979788,129.0605403,1,20060522,1,"{""0"": [""0900"", ""1830""], ""1"": [""0900"", ""1830""], ""2"": [""0900"", ""1830""], ""3"": [""1430"", ""1830""], ""4"": [""0900"", ""1830""], ""5"": [""0930"", ""1300""]}",13시00분-14시30분,09시00분-18시30분,사직사거리 스타벅스 하나은행건물  3층
JDQ4MTAxMiM1MSMkMiMkMCMkMDAkNDgxMTkxIzIxIyQxIyQxIyQ4MiQzNjE4MzIjNDEjJDEjJDQjJDgz,동래성모안과의원,clinic,부산,부산동래구,"부산광역시 동래구 온천장로 7, 4, 5층 (온천동)",051-938-9000,,35.2129868,129.0787507,1,20250522,1,,,,
JDQ4MTAxMiM1MSMkMiMkMCMkMDAkNDgxMTkxIzExIyQxIyQzIyQ5OSQzNjEyMjIjNDEjJDEjJDQjJDgz,미남애프터눈안과의원,clinic,부산,부산동래구,"부산광역시 동래구 충렬대로75번길 10, 6층 601호 (온천동)",051-553-7999,,35.2086827,129.0693498,1,20230518,1,"{""0"": [""0900"", ""1800""], ""1"": [""0900"", ""1800""], ""2"": [""0900"", ""1800""], ""3"": [""0900"", ""1800""], ""4"": [""0900"", ""1800""], ""5"": [""0900"", ""1300""]}",13시00분~14시00분,09시00분~17시50분,동래아크로폴리스 6층
JDQ4MTAxMiM1MSMkMiMkMCMkMDAkNDgxOTYxIzIxIyQyIyQ1IyQwMCQzNjE0ODEjNjEjJDEjJDAjJDgz,바른안과의원,clinic,부산,부산동래구,"부산광역시 동래구 충렬대로 160, 2층 (온천동)",051-711-7585,,35.2043683,129.0773947,1,20170918,1,,,,
JDQ4MTAxMiM1MSMkMiMkMCMkMDAkMzgxOTYxIzIxIyQxIyQ1IyQ5OSQyNjE0ODEjNTEjJDEjJDIjJDgz,박성인안과의원,clinic,부산,부산동래구,"부산광역시 동래구 금강공원로 5-1, (온천동)",051-552-0110,http://,35.2182019,129.0836234,1,19850724,1,"{""0"": [""0930"", ""1830""], ""1"": [""0930"", ""1830""], ""2"": [""0930"", ""1830""], ""3"": [""0930"", ""1830""], ""4"": [""0930"", ""1830""], ""5"": [""0930"", ""1300""]}",12시30분~14시00분,,
JDQ4MTAxMiM1MSMkMiMkMCMkMDAkMzgxNzAyIzExIyQxIyQzIyQ3MiQyNjE4MzIjNDEjJDEjJDgjJDgz,밝은빛안과의원,clinic,부산,부산동래구,"부산광역시 동래구 사직북로 25-1, 5층 (사직동, 장전빌딩)",051-506-6663,,35.1981387,129.0600902,1,20010406,1,"{""0"": [""0900"", ""1800""], ""1"": [""0900"", ""1800""], ""2"": [""0900"", ""1800""], ""3"": [""0900"", ""1800""], ""4"": [""0900"", ""1800""], ""5"": [""0900"", ""1300""]}",오후 1시 - 2시,,사직사거리에서 국민시장 방향. 늘편한메디컬 5층.  홈페이지;http://밝은빛안과.com
JDQ4MTAxMiM1MSMkMiMkMCMkMDAkNDgxMzUxIzExIyQyIyQzIyQwMCQzNjE0ODEjNDEjJDEjJDQjJDgz,밝은현안과의원,clinic,부산,부산동래구,"부산광역시 동래구 명안로85번길 52, (명장동)",051-531-2200,,35.2048379,129.1017827,1,20070102,1,,,,
JDQ4MTAxMiM1MSMkMiMkMCMkMDAkMzgxMTkxIzExIyQxIyQ3IyQ5MiQzNjEwMDIjNTEjJDEjJDIjJDgz,부산제일안과의원,clinic,부산,부산동래구,"부산광역시 동래구 중앙대로 1325, 8층 (온천동)",051-553-1473-5,,35.2053247,129.0775368,1,19941108,1,"{""0"": [""0900"", ""1800""], ""1"": [""0900"", ""1800""], ""2"": [""0900"", ""1800""], ""3"": [""0900"", ""1800""], ""4"": [""0900"", ""1800""], ""5"": [""0900"", ""1200""]}",13시~14시,09시00분~17시30분,
JDQ4MTAxMiM1MSMkMiMkMCMkMDAkNDgxMTkxIzIxIyQxIyQxIyQ2MiQ0NjEwMDIjNDEjJDEjJDgjJDgz,사직성모안과의원,clinic,부산,부산동래구,"부산광역시 동래구 아시아드대로 142, 사직빌딩 3층 (사직동)",051-921-1100,,35.1970968,129.0659641,1,20250410,1,,,,
JDQ4MTAxMiM1MSMkMiMkMCMkMDAkNDgxOTYxIzIxIyQxIyQ5IyQ4OSQzNjEwMDIjNjEjJDEjJDAjJDgz,서울늘봄안과의원,clinic,부산,부산동래구,"부산광역시 동래구 중앙대로 1523, SKHUBSKY 2층 B2-00일부호 (온천동)",051-715-7880,,35.2208431,129.0855308,1,20180423,1,,,,
JDQ4MTAxMiM1MSMkMiMkMCMkMDAkNDgxMTkxIzIxIyQxIyQxIyQ3OSQzNjEwMDIjNDEjJDEjJDQjJDgz,서울더블유안과의원,clinic,부산,부산동래구,"부산광역시 동래구 충렬대로237번길 3, 로덴빌딩 4층 (수안동)",051-948-7700,,35.2017145,129.0850796,1,20241226,1,,,,
JDQ4MTAxMiM1MSMkMiMkMCMkMDAkNDgxOTYxIzExIyQxIyQ3IyQ3MiQzNjEwMDIjNjEjJDEjJDAjJDgz,안락성모안과의원,clinic,부산,부산동래구,"부산광역시 동래구 충렬대로 353, 4층 (안락동)",051-525-5656,,35.198561,129.0975764,2,20160401,2,,,,
JDQ4MTAxMiM1MSMkMiMkMCMkMDAkNDgxOTYxIzIxIyQxIyQxIyQ2MiQyNjE0ODEjNTEjJDEjJDIjJDgz,안락센텀안과의원,clinic,부산,부산동래구,"부산광역시 동래구 충렬대로 415, 5층 (안락동)",051-531-1001,,35.1968595,129.103876,1,20210122,1,,,,
JDQ4MTAxMiM1MSMkMiMkMCMkMDAkNDgxMzUxIzMxIyQyIyQzIyQwMCQyNjE0ODEjODEjJDEjJDYjJDgz,조은눈안과의원,clinic,부산,부산동래구,"부산광역시 동래구 온천장로 123-1, 5층 (온천동)",051-896-0005,,35.2217307,129.084789,1,20160201,1,"{""0"": [""0900"", ""1830""], ""1"": [""0900"", ""1830""], ""2"": [""0900"", ""1300""], ""3"": [""0900"", ""1830""], ""4"": [""0900"", ""1830""], ""5"": [""0900"", ""1300""]}",13시00분~14시00분,09시00분~18시30분,온천시장
JDQ4MTAxMiM1MSMkMiMkMCMkMDAkMzgxNzAyIzIxIyQxIyQxIyQwMyQzNjE4MzIjODEjJDEjJDIjJDgz,청춘안과의원,clinic,부산,부산동래구,"부산광역시 동래구 명륜로103번길 19, 1~6층 (명륜동)",051-558-0111,,35.2029217,129.0819685,2,20160510,2,"{""0"": [""0900"", ""1800""], ""1"": [""0900"", ""1800""], ""2"": [""0900"", ""1800""], ""3"": [""0900"", ""1800""], ""4"": [""0900"", ""1800""], ""5"": [""0930"", ""1300""]}",13시~14시,08시30분~17시50분,청춘안과빌딩
JDQ4MTAxMiM1MSMkMiMkMCMkMDAkMzgxNzAyIzMxIyQxIyQzIyQwMyQzNjE4MzIjNzEjJDEjJDgjJDgz,푸른안과의원,clinic,부산,부산동래구,"부산광역시 동래구 충렬대로 239, 9층 (수안동, 수안메디칼센터)",051-557-6613,,35.2016571,129.0856419,1,20031231,1,,,,
JDQ4MTAxMiM1MSMkMiMkMCMkMDAkNDgxOTYxIzUxIyQxIyQ1IyQwMyQ0NjEwMDIjNDEjJDEjJDQjJDgz,피엔유(PNU)부산안과의원,clinic,부산,부산동래구,"부산광역시 동래구 온천장로 114, 6,7층 601,701호 (온천동)",051-557-0075,,35.2205935,129.0847937,2,20230106,2,,,,
JDQ4MTAxMiM1MSMkMiMkMCMkMDAkMzgxOTYxIzIxIyQxIyQ1IyQ3OSQ0NjEwMDIjNDEjJDEjJDgjJDgz,덕천김안과의원,clinic,부산,부산북구,"부산광역시 북구 만덕대로 14, (덕천동)",051-334-3632,,35.2102083,129.0067235,2,20010713,2,,,,
JDQ4MTAxMiM1MSMkMiMkMCMkMDAkMzgxMTkxIzQxIyQxIyQ3IyQxMyQzNjE0ODEjNzEjJDEjJDgjJDgz,덕천성모안과의원,clinic,부산,부산북구,"부산광역시 북구 만덕대로 21, (덕천동)",051-341-7300,,35.2108582,129.0073181,4,20000222,4,"{""0"": [""0930"", ""1820""], ""1"": [""0930"", ""1820""], ""2"": [""0930"", ""1820""], ""3"": [""0930"", ""1820""], ""4"": [""0930"", ""1820""], ""5"": [""0930"", ""1530""]}",13시00분~14시00분,09시00분~18시00분,"덕천지하철역 12번 출구, 하나은행 건물 3~4층"
JDQ4MTAxMiM1MSMkMiMkMCMkMDAkNDgxOTYxIzUxIyQxIyQ1IyQ3OSQyNjEwMDIjNjEjJDEjJDgjJDgz,리즈김상식안과의원,clinic,부산,부산북구,"부산광역시 북구 만덕대로 18, 금샘빌딩 5층 (덕천동)",051-335-1004,,35.2103352,129.0071035,1,20220526,1,,,,
JDQ4MTAxMiM1MSMkMiMkMCMkMDAkMzgxNzAyIzIxIyQxIyQ5IyQ4MiQyNjE0ODEjODEjJDEjJDYjJDgz,밝은미래안과의원,clinic,부산,부산북구,"부산광역시 북구 화명대로 42, 302호 (화명동, 우리메디칼)",051-331-0070,http://eye119.com.ne.kr/,35.2344122,129.0126896,1,20030227,1,"{""0"": [""0900"", ""1800""], ""1"": [""0900"", ""1800""], ""2"": [""0900"", ""1230""], ""3"": [""0900"", ""1800""], ""4"": [""0900"", ""1800""], ""5"": [""0900"", ""1230""]}",12:30~14:00,09:00~17:30,롯데마트
JDQ4MTAxMiM1MSMkMiMkMCMkMDAkMzgxOTYxIzMxIyQxIyQ3IyQ2MiQyNjEwMDIjNjEjJDEjJDAjJDgz,수정안과의원,clinic,부산,부산북구,"부산광역시 북구 만덕대로 5, 지하1층, 지상1~6층 (덕천동)",051-331-7575,http://www.crystaleye.co.kr,35.2104837,129.005829,10,19890302,10,"{""0"": [""0900"", ""1830""], ""1"": [""0900"", ""1830""], ""2"": [""0900"", ""1830""], ""3"": [""0900"", ""1830""], ""4"": [""0900"", ""1830""], ""5"": [""0900"", ""1600""]}",13시00분~14시00분,08시50분~18시00분,
JDQ4MTAxMiM1MSMkMiMkMCMkMDAkMzgxMTkxIzQxIyQxIyQ3IyQ5MiQyNjEyMjIjNjEjJDEjJDgjJDgz,한빛안과의원,clinic,부산,부산북구,"부산광역시 북구 만덕대로 16, 4층 (덕천동)",051-331-3700,,35.2102434,129.0068772,1,20000107,1,"{""0"": [""0930"", ""1800""], ""1"": [""0930"", ""1800""], ""2"": [""0930"", ""1230""], ""3"": [""0930"", ""1800""], ""4"": [""0930"", ""1800""], ""5"": [""0930"", ""1230""]}",12시30분~14시00분,09시30분~18시00분,세화빌딩 4층
JDQ4MTAxMiM1MSMkMiMkMCMkMDAkNDgxMzUxIzExIyQyIyQ3IyQwMCQyNjE0ODEjNTEjJDEjJDYjJDgz,화명성모안과의원,clinic,부산,부산북구,"부산광역시 북구 화명대로 44, 203호 (화명동, 금호타워)",051-365-0775,,35.2343739,129.013,1,20070821,1,,,,
JDQ4MTAxMiM1MSMkMiMkMCMkMDAkNDgxMTkxIzIxIyQxIyQ1IyQ3OSQzNjE4MzIjNTEjJDEjJDIjJDgz,화명연세안과의원,clinic,부산,부산북구,"부산광역시 북구 금곡대로 287, 삼한골든뷰 5층 501, 502, 503, 509호 (화명동)",051-365-0125,,35.2341977,129.0133222,1,20251024,1,,,,
JDQ4MTAxMiM1MSMkMiMkMCMkMDAkMzgxOTYxIzIxIyQxIyQ1IyQxMyQzNjEyMjIjNTEjJDEjJDIjJDgz,김영문안과의원,clinic,부산,부산사상구,"부산광역시 사상구 백양대로 880, 4층 404호 (모라동, 우신프라자)",051-316-3049,,35.1843799,128.9915987,1,19940401,1,,,,
JDQ4MTAxMiM1MSMkMiMkMCMkMDAkMzgxNzAyIzIxIyQxIyQ1IyQ5OSQ0NjEwMDIjNzEjJDEjJDgjJDgz,사상사랑성모안과의원,clinic,부산,부산사상구,"부산광역시 사상구 사상로 200, 5층 (괘법동, M시티빌딩)",051-314-0775,http://www.sarangeye.com,35.1629712,128.9846023,1,20020520,1,,,,
JDQ4MTAxMiM1MSMkMiMkMCMkMDAkMzgxNzAyIzMxIyQxIyQ3IyQxMyQ0NjE0ODEjODEjJDEjJDYjJDgz,센텀안과의원,clinic,부산,부산사상구,"부산광역시 사상구 사상로 236, 2층 (괘법동)",051-315-9985,,35.1659783,128.9830174,1,20021012,1,,,,
JDQ4MTAxMiM1MSMkMiMkMCMkMDAkNDgxOTYxIzIxIyQxIyQ5IyQ5MiQyNjE0ODEjNzEjJDEjJDgjJDgz,우리성모안과의원,clinic,부산,부산사상구,"부산광역시 사상구 낙동대로 786, 2층 (엄궁동)",051-710-8220,,35.1307295,128.9720865,1,20181022,1,,,,
JDQ4MTAxMiM1MSMkMiMkMCMkMDAkNDgxOTYxIzIxIyQxIyQxIyQ3MiQyNjEwMDIjODEjJDEjJDIjJDgz,좋은성모안과의원,clinic,부산,부산사상구,"부산광역시 사상구 백양대로 893, 궁전빌딩 6층 602호 (모라동)",051-936-6000,,35.1858648,128.9907076,1,20170223,1,,,,
JDQ4MTAxMiM1MSMkMiMkMCMkMDAkNDgxMzUxIzQxIyQxIyQ3IyQxMyQ0NjEwMDIjODEjJDEjJDYjJDgz,주례성모안과의원,clinic,부산,부산사상구,"부산광역시 사상구 가야대로 276, M-square 메디컬센터 9층 (주례동)",051-325-1919,,35.1500418,129.0027505,2,20130225,2,,,,
JDQ4MTAxMiM1MSMkMiMkMCMkMDAkNDgxMzUxIzExIyQxIyQzIyQ3MiQyNjE0ODEjNDEjJDEjJDgjJDgz,밝은이안과의원,clinic,부산,부산사하구,"부산광역시 사하구 다대로 279, 2층 (장림동)",051-266-7070,,35.0772987,128.9774972,1,20070205,1,,,,
JDQ4MTAxMiM1MSMkMiMkMCMkMDAkMzgxOTYxIzUxIyQxIyQ1IyQ5MiQyNjEyMjIjNTEjJDEjJDYjJDgz,백승우안과의원,clinic,부산,부산사하구,"부산광역시 사하구 다대로 255, (장림동)",051-264-0030,,35.0796659,128.9776691,1,19920514,1,,,,
JDQ4MTAxMiM1MSMkMiMkMCMkMDAkMzgxOTYxIzExIyQxIyQ3IyQ3OSQzNjEyMjIjNjEjJDEjJDAjJDgz,부산아이센터안과의원,clinic,부산,부산사하구,"부산광역시 사하구 낙동대로 213, 2,3층 (괴정동)",051-203-3535,,35.0999895,128.993539,2,19830219,2,"{""0"": [""0930"", ""1800""], ""1"": [""0930"", ""1800""], ""2"": [""0930"", ""1800""], ""3"": [""0930"", ""1800""], ""4"": [""0930"", ""1800""], ""5"": [""0930"", ""1230""]}",12시 30분 ~ 14시 00분,09시 30분 ~ 18시 00분,뉴코아아울렛
JDQ4MTAxMiM1MSMkMiMkMCMkMDAkMzgxNzAyIzExIyQxIyQzIyQ2MiQzNjEwMDIjNDEjJDEjJDQjJDgz,부산안과의원,clinic,부산,부산사하구,"부산광역시 사하구 낙동대로 248, 3층 (괴정동, 우리메디칼센터)",051-247-2288,,35.0995551,128.9898938,1,20090506,1,,,,
JDQ4MTAxMiM1MSMkMiMkMCMkMDAkNDgxMzUxIzIxIyQxIyQ1IyQ4OSQyNjE0ODEjNDEjJDEjJDgjJDgz,사랑가득안과의원,clinic,부산,부산사하구,"부산광역시 사하구 낙동남로 1412, 4층 (하단동, 경부빌딩)",051-291-0015,http://www.busaneye.com/,35.1057921,128.966083,4,20090119,4,,,,
JDQ4MTAxMiM1MSMkMiMkMCMkMDAkMzgxMTkxIzMxIyQxIyQzIyQ3OSQyNjEyMjIjNTEjJDEjJDIjJDgz,삼성안과의원,clinic,부산,부산사하구,"부산광역시 사하구 낙동대로 454, 3층 (당리동)",051-204-2275,,35.105612,128.9693326,2,19980309,2,,,,
JDQ4MTAxMiM1MSMkMiMkMCMkMDAkNDgxOTYxIzIxIyQxIyQxIyQ2MiQ0NjE0ODEjODEjJDEjJDIjJDgz,서부산성모안과의원,clinic,부산,부산사하구,"부산광역시 사하구 낙동남로 1417, 8.9층 (하단동)",051-206-2004,,35.1065996,128.9666289,2,20170216,2,"{""0"": [""0930"", ""1830""], ""1"": [""0930"", ""1830""], ""2"": [""0930"", ""1830""], ""3"": [""0930"", ""1830""], ""4"": [""0930"", ""1830""], ""5"": [""0900"", ""1500""]}",13:00~14:00,09:30~18:15,"하단역 5번출구,아트몰링 옆"
JDQ4MTAxMiM1MSMkMiMkMCMkMDAkMzgxMTkxIzIxIyQyIyQxIyQwMCQ0NjE0ODEjNjEjJDEjJDAjJDgz,선명안과의원,clinic,부산,부산사하구,"부산광역시 사하구 낙동대로 245, (괴정동)",051-207-1829,,35.0989933,128.9901459,1,19950415,1,"{""0"": [""0900"", ""1800""], ""1"": [""0900"", ""1800""], ""2"": [""0900"", ""1800""], ""3"": [""0900"", ""1800""], ""4"": [""0900"", ""1800""], ""5"": [""0900"", ""1300""]}",12시30분~14시00분,09시00분~17시30분,사하구상수도사업본부(신괴정요양병원;구괴정병원)
JDQ4MTAxMiM1MSMkMiMkMCMkMDAkNDgxMzUxIzQxIyQxIyQ3IyQ3MiQyNjEwMDIjNjEjJDEjJDAjJDgz,성모안과의원,clinic,부산,부산사하구,"부산광역시 사하구 다대로 550, 4층 (다대동)",264-8081,,35.0572853,128.9707449,1,20050422,1,,,,
JDQ4MTAxMiM1MSMkMiMkMCMkMDAkMzgxOTYxIzExIyQxIyQzIyQwMyQ0NjE0ODEjNTEjJDEjJDIjJDgz,아이웰이홍영안과의원,clinic,부산,부산사하구,"부산광역시 사하구 낙동대로 205, (괴정동)",051-203-9661,,35.100225,128.9941765,1,20140812,1,"{""0"": [""0930"", ""1800""], ""1"": [""0930"", ""1800""], ""2"": [""0930"", ""1800""], ""3"": [""0930"", ""1800""], ""4"": [""0930"", ""1800""]}",12시 ~ 14시 00분,09시 30분 ~ 18시 00분,괴정 농협
JDQ4MTAxMiM1MSMkMiMkMCMkMDAkNDgxMTkxIzExIyQxIyQzIyQ3MiQzNjEwMDIjNTEjJDEjJDYjJDgz,하단밝은안과의원,clinic,부산,부산사하구,"부산광역시 사하구 낙동남로 1409, 정우엠타워 5층 (하단동)",051-710-1409,,35.1065864,128.9658007,1,20230828,1,,,,
JDQ4MTAxMiM1MSMkMiMkMCMkMDAkNDgxMzUxIzMxIyQxIyQ3IyQwMyQzNjE4MzIjODEjJDEjJDYjJDgz,하단성모안과의원,clinic,부산,부산사하구,"부산광역시 사하구 낙동대로 448, 5층 (당리동, 하단메디칼센타)",051-791-0075,http://sungmo.net,35.1052352,128.9697882,1,20120305,1,,,,
JDQ4MTAxMiM1MSMkMiMkMCMkMDAkMzgxMTkxIzUxIyQyIyQxIyQwMCQyNjEwMDIjNjEjJDEjJDQjJDgz,눈초롱안과의원,clinic,부산,부산서구,"부산광역시 서구 구덕로 109, 5~6층 (충무동1가)",051-243-3348,http://www.brighteye.co.kr/,35.0961904,129.0241404,2,20000414,2,,,,
JDQ4MTAxMiM1MSMkMiMkMCMkMDAkNDgxMTkxIzExIyQxIyQ3IyQ3OSQ0NjEwMDIjNjEjJDEjJDgjJDgz,대신성모안과의원,clinic,부산,부산서구,"부산광역시 서구 대영로 54, 5층 501호 일부호 (서대신동1가, 대신메디컬센터)",051-715-5147,,35.1096821,129.0173389,1,20240222,1,,,,
JDQ4MTAxMiM1MSMkMiMkMCMkMDAkNDgxOTYxIzExIyQxIyQzIyQxMyQ0NjEwMDIjNDEjJDEjJDQjJDgz,바른성모안과의원,clinic,부산,부산서구,"부산광역시 서구 보수대로 9, 3층 (충무동1가, 바른빌딩)",051-242-0075,,35.0976617,129.0249139,2,20151117,2,,,,
JDQ4MTAxMiM1MSMkMiMkMCMkMDAkMzgxNzAyIzMxIyQxIyQzIyQ3MiQzNjEwMDIjODEjJDEjJDYjJDgz,신안과의원,clinic,부산,부산서구,"부산광역시 서구 구덕로 311, 2층 (서대신동2가)",051-243-8575,,35.1116415,129.0168123,1,20031007,1,"{""0"": [""0930"", ""1800""], ""1"": [""0930"", ""1800""], ""2"": [""0930"", ""1800""], ""3"": [""0930"", ""1800""], ""4"": [""0930"", ""1800""], ""5"": [""0930"", ""1300""]}",12시30분~14시00분,,서부경찰서
JDQ4MTAxMiM1MSMkMiMkMCMkMDAkMzgxMzUxIzExIyQxIyQzIyQ3MiQyNjE4MzIjNjEjJDEjJDAjJDgz,오세민안과의원,clinic,부산,부산서구,"부산광역시 서구 대영로 50, (서대신동1가)",051-256-9804,,35.1095142,129.016801,1,19791213,1,"{""0"": [""0900"", ""1630""], ""1"": [""0900"", ""1630""], ""2"": [""0900"", ""1630""], ""3"": [""0900"", ""1630""], ""4"": [""0900"", ""1630""]}",12시30분~14시00분,,오세민안과의원
JDQ4MTAxMiM1MSMkMiMkMCMkMDAkNDgxOTYxIzIxIyQyIyQxIyQwMCQzNjEwMDIjNjEjJDEjJDgjJDgz,김완수안과의원,clinic,부산,부산수영구,"부산광역시 수영구 수영로 690-5, 6, 7층 (광안동)",051-714-7188,,35.1670367,129.1158494,1,20161223,1,,,,
JDQ4MTAxMiM1MSMkMiMkMCMkMDAkNDgxMTkxIzIxIyQyIyQxIyQwMCQyNjE0ODEjNDEjJDEjJDgjJDgz,류원열안과의원,clinic,부산,부산수영구,"부산광역시 수영구 수영로 693, BNK 수영타워 10층 (수영동)",051-916-9000,http://www.ryueye.clinic,35.1679024,129.1154764,1,20250310,1,,,,
JDQ4MTAxMiM1MSMkMiMkMCMkMDAkNDgxOTYxIzExIyQxIyQzIyQ5OSQzNjE0ODEjODEjJDEjJDIjJDgz,밝은김안과의원,clinic,부산,부산수영구,"부산광역시 수영구 수영로 379, 4층 (남천동, 스타메디칼빌딩)",051-612-6116,,35.1408771,129.1062442,1,20150225,1,"{""0"": [""0900"", ""1830""], ""1"": [""0900"", ""1830""], ""2"": [""0900"", ""1830""], ""3"": [""0900"", ""1830""], ""4"": [""0900"", ""1830""], ""5"": [""0900"", ""1330""]}",13:00~14:00,,대남교차로 엑슬루 타워
JDQ4MTAxMiM1MSMkMiMkMCMkMDAkMzgxOTYxIzIxIyQxIyQ5IyQ2MiQzNjE4MzIjNDEjJDEjJDgjJDgz,새빛안과의원,clinic,부산,부산수영구,"부산광역시 수영구 수영로 710-1, 4층 (광안동, 프라임메디컬 빌딩)",051-754-8833,,35.1677173,129.1172176,2,20000302,2,,,,
JDQ4MTAxMiM1MSMkMiMkMCMkMDAkNDgxOTYxIzExIyQxIyQ3IyQ5MiQyNjE0ODEjODEjJDEjJDIjJDgz,수영성모안과의원,clinic,부산,부산수영구,"부산광역시 수영구 수영로 699, 1001호 (수영동, 수영동디온플레이스)",051-754-4222,,35.1678979,129.1158563,1,20160524,1,,,,
JDQ4MTAxMiM1MSMkMiMkMCMkMDAkMzgxOTYxIzUxIyQxIyQ1IyQ4MiQyNjE0ODEjNDEjJDEjJDQjJDgz,신세계안과의원,clinic,부산,부산수영구,"부산광역시 수영구 수영로 669, 신세계메디컬센터 9,10층 (광안동)",051-758-3497,,35.1655671,129.1145154,1,19920408,1,"{""1"": [""0900"", ""1800""], ""2"": [""0900"", ""1800""], ""3"": [""0900"", ""1300""], ""4"": [""0900"", ""1800""], ""5"": [""0900"", ""1300""]}",13시00분~14시00분 (목요일 제외),09시00분~18시00분 (목요일 09시00분~13시00분),지하철 수영역 10번출구
JDQ4MTAxMiM1MSMkMiMkMCMkMDAkNDgxOTYxIzMxIyQxIyQzIyQ4OSQzNjEyMjIjODEjJDEjJDYjJDgz,에이스안과의원,clinic,부산,부산수영구,"부산광역시 수영구 수영로 581, 6층 (광안동)",051-714-4774,,35.1576639,129.1128045,1,20190304,1,,,,
JDQ4MTAxMiM1MSMkMiMkMCMkMDAkMzgxNzAyIzUxIyQxIyQ1IyQ4OSQ0NjE0ODEjNDEjJDEjJDQjJDgz,정안과의원,clinic,부산,부산수영구,"부산광역시 수영구 수영로 611, 3층 (광안동)",051-757-5012,,35.1602962,129.1134486,1,20060511,1,,,,
JDQ4MTAxMiM1MSMkMiMkMCMkMDAkNDgxOTYxIzIxIyQxIyQxIyQ3OSQyNjE0ODEjNTEjJDEjJDYjJDgz,제안과의원,clinic,부산,부산수영구,"부산광역시 수영구 수영로 671, 4층 (광안동, 노블레스해인)",757-6500,,35.1657592,129.1144799,4,20160913,4,,,,
JDQ4MTAxMiM1MSMkMiMkMCMkMDAkMzgxMTkxIzQxIyQxIyQ3IyQ5MiQyNjEwMDIjODEjJDEjJDIjJDgz,강지윤안과의원,clinic,부산,부산연제구,"부산광역시 연제구 과정로 102, 2층 (연산동)",051-761-1001,,35.1805536,129.1073475,2,19991230,1,,,,
JDQ4MTAxMiM1MSMkMiMkMCMkMDAkMzgxMTkxIzMxIyQxIyQzIyQ3MiQzNjE4MzIjNDEjJDEjJDQjJDgz,박창호안과의원,clinic,부산,부산연제구,"부산광역시 연제구 중앙대로 1033, 5층 (연산동)",710-7585,,35.1809323,129.0771446,1,20170922,1,,,,
JDQ4MTAxMiM1MSMkMiMkMCMkMDAkMzgxMTkxIzExIyQxIyQzIyQwMyQzNjEyMjIjNDEjJDEjJDgjJDgz,배재용안과의원,clinic,부산,부산연제구,"부산광역시 연제구 중앙대로 1049, (연산동)",051-851-3100,,35.1823199,129.0781692,1,19930924,1,"{""0"": [""0900"", ""1800""], ""1"": [""0900"", ""1800""], ""2"": [""0900"", ""1800""], ""3"": [""0900"", ""1800""], ""4"": [""0900"", ""1800""], ""5"": [""0900"", ""0100""]}",오후1시~오후2시,진료시간내,배재용안과 건물
JDQ4MTAxMiM1MSMkMiMkMCMkMDAkNDgxMTkxIzExIyQxIyQzIyQxMyQyNjE4MzIjNjEjJDEjJDgjJDgz,비케이삼성안과의원,clinic,부산,부산연제구,"부산광역시 연제구 중앙대로 1098, 5층 (연산동)",051-867-0258,,35.1852745,129.0815241,2,20240110,1,,,,
JDQ4MTAxMiM1MSMkMiMkMCMkMDAkNDgxMTkxIzIxIyQxIyQxIyQ4MiQyNjEwMDIjNDEjJDEjJDgjJDgz,삼성아이준안과의원,clinic,부산,부산연제구,"부산광역시 연제구 중앙천로 93, 아람 메디컬빌딩 3층 일부 및 4층 (연산동)",051-951-2020,,35.1815106,129.0785079,1,20250501,1,,,,
JDQ4MTAxMiM1MSMkMiMkMCMkMDAkNDgxOTYxIzMxIyQxIyQzIyQwMyQzNjE4MzIjODEjJDEjJDIjJDgz,연산성모안과의원,clinic,부산,부산연제구,"부산광역시 연제구 월드컵대로 3, 2,3층 (연산동)",051-851-8278,,35.1751031,129.0861014,1,20191001,1,,,,
JDQ4MTAxMiM1MSMkMiMkMCMkMDAkNDgxMTkxIzExIyQyIyQzIyQwMCQzNjE0ODEjNDEjJDEjJDgjJDgz,이안과의원,clinic,부산,부산연제구,"부산광역시 연제구 반송로 30, 석산빌딩 5층~8층 (연산동)",051-866-7592,,35.187688,129.0842124,7,20051209,7,,,,
JDQ4MTAxMiM1MSMkMiMkMCMkMDAkNDgxOTYxIzExIyQxIyQzIyQ3MiQzNjEwMDIjODEjJDEjJDIjJDgz,참안과의원,clinic,부산,부산연제구,"부산광역시 연제구 중앙대로 1107, 연산동e메디칼 2층 (연산동)",051-866-2700,,35.1866707,129.0809947,1,20070307,1,,,,
JDQ4MTAxMiM1MSMkMiMkMCMkMDAkNDgxOTYxIzIxIyQxIyQ5IyQwMyQyNjE4MzIjODEjJDEjJDYjJDgz,킴스안과의원,clinic,부산,부산연제구,"부산광역시 연제구 월드컵대로 282, 201호 (거제동, 청목파르테논)",051-710-9007,,35.1913718,129.0668679,2,20181128,2,,,,
JDQ4MTAxMiM1MSMkMiMkMCMkMDAkMzgxMTkxIzMxIyQxIyQ3IyQ3OSQzNjE0ODEjNjEjJDEjJDQjJDgz,도기공안과의원,clinic,부산,부산영도구,"부산광역시 영도구 태종로 102, (대교동2가)",051-417-4249,,35.0911632,129.0419502,1,19990210,1,,,,
JDQ4MTAxMiM1MSMkMiMkMCMkMDAkMzgxNzAyIzUxIyQxIyQxIyQ4MiQzNjE4MzIjNDEjJDEjJDgjJDgz,영도밝은안과의원,clinic,부산,부산영도구,"부산광역시 영도구 동삼로 25, 4층 (동삼동)",051-403-7579,,35.0760275,129.0717648,1,20060118,1,,,,
JDQ4MTAxMiM1MSMkMiMkMCMkMDAkNDgxOTYxIzUxIyQxIyQ1IyQ4OSQ0NjEwMDIjODEjJDEjJDYjJDgz,조이안과의원,clinic,부산,부산영도구,"부산광역시 영도구 태종로 93, (대교동2가)",051-412-7970,,35.0918398,129.0412541,1,19910709,1,,,,
JDQ4MTAxMiM1MSMkMiMkMCMkMDAkNDgxMTkxIzIxIyQxIyQxIyQ3MiQzNjEwMDIjNjEjJDEjJDgjJDgz,희망안과의원,clinic,부산,부산영도구,"부산광역시 영도구 대교로 1, 미라클타워 5층 501호 (봉래동3가)",051-964-1000,,35.0926042,129.0442772,1,20250418,1,,,,
JDQ4MTAxMiM1MSMkMiMkMCMkMDAkNDgxMzUxIzUxIyQxIyQxIyQ5MiQyNjE0ODEjNzEjJDEjJDgjJDgz,비에스(BS)삼성안과의원,clinic,부산,부산중구,"부산광역시 중구 구덕로 90, (남포동6가)",051-808-7688,,35.0975764,129.0260148,2,20131101,2,,,,
JDQ4MTAxMiM1MSMkMiMkMCMkMDAkMzgxMzUxIzExIyQxIyQzIyQ3MiQyNjE0ODEjNDEjJDEjJDQjJDgz,이춘식안과의원,clinic,부산,부산중구,"부산광역시 중구 대청로 87, (대청동3가)",051-465-6761,,35.1031374,129.0294129,1,19770513,1,"{""0"": [""0900"", ""1800""], ""1"": [""0900"", ""1800""], ""2"": [""0900"", ""1800""], ""3"": [""0900"", ""1800""], ""4"": [""0900"", ""1800""], ""5"": [""0900"", ""1200""]}",12시30분~14시00분,09시~18시,근대화역사관
JDQ4MTAxMiM1MSMkMiMkMCMkMDAkNDgxOTYxIzUxIyQxIyQxIyQ2MiQyNjE0ODEjNDEjJDEjJDgjJDgz,퍼스트안과의원,clinic,부산,부산중구,"부산광역시 중구 구덕로 5, 6,7층 (남포동1가)",051-791-1552,,35.097574,129.0349785,1,20220128,1,"{""0"": [""0930"", ""1830""], ""1"": [""0930"", ""1830""], ""2"": [""0930"", ""1830""], ""3"": [""0930"", ""1830""], ""4"": [""0930"", ""1830""], ""5"": [""0930"", ""1530""]}",13시 00분~14시 00분,09시 30분~18시 30분,
JDQ4MTAxMiM1MSMkMiMkMCMkMDAkMzgxMTkxIzMxIyQxIyQ3IyQ5OSQzNjEwMDIjODEjJDEjJDIjJDgz,ABC안과의원,clinic,부산,부산진구,"부산광역시 부산진구 가야대로 769, ABC메디컬센터 1, 2층 (부전동)",051-816-7582,http://www.clean-eye.co.kr,35.1580057,129.0557793,1,20000515,1,,,,
JDQ4MTAxMiM1MSMkMiMkMCMkMDAkNDgxMzUxIzUxIyQxIyQxIyQ4MiQzNjE4MzIjNzEjJDEjJDgjJDgz,굿모닝백이안과의원,clinic,부산,부산진구,"부산광역시 부산진구 중앙대로 724, 7,8층 (부전동)",051-862-0102,,35.157246,129.0599666,4,20131021,4,"{""0"": [""0930"", ""1800""], ""1"": [""0930"", ""1800""], ""2"": [""0930"", ""1800""], ""3"": [""0930"", ""1800""], ""4"": [""0930"", ""1800""], ""5"": [""0930"", ""1300""]}",13시00분~14시00분,,지하철 서면역 6번출구
JDQ4MTAxMiM1MSMkMiMkMCMkMDAkMzgxMTkxIzUxIyQxIyQxIyQwMyQzNjEwMDIjNjEjJDEjJDAjJDgz,굿모닝성모안과의원,clinic,부산,부산진구,"부산광역시 부산진구 새싹로 2, 국민은행 서면중앙지점 5층 (부전동)",051-809-3131,http://www.eyedoc.co.kr,35.1585719,129.0590368,3,20000819,3,"{""0"": [""0900"", ""1800""], ""1"": [""0900"", ""1800""], ""2"": [""0900"", ""1800""], ""3"": [""0900"", ""1800""], ""4"": [""0900"", ""1800""], ""5"": [""0900"", ""1300""]}",13시00분~14시00분,,국민은행빌딩 4~6층 굿모닝성모안과
JDQ4MTAxMiM1MSMkMiMkMCMkMDAkNDgxOTYxIzUxIyQxIyQ1IyQ5OSQ0NjEwMDIjNjEjJDEjJDgjJDgz,그랜드비에스안과의원,clinic,부산,부산진구,"부산광역시 부산진구 중앙대로 664, 3층 (부전동, 이랜드 PEER 서면)",051-926-7582,,35.15199,129.0596071,2,20220826,2,,,,
JDQ4MTAxMiM1MSMkMiMkMCMkMDAkMzgxMTkxIzQxIyQxIyQ3IyQ5MiQ0NjEwMDIjNTEjJDEjJDYjJDgz,누네빛안과의원,clinic,부산,부산진구,"부산광역시 부산진구 부전로 77, 7~13층 (부전동)",051-810-5678,,35.1569247,129.0545121,5,20120308,5,,,,
JDQ4MTAxMiM1MSMkMiMkMCMkMDAkNDgxMTkxIzExIyQyIyQ3IyQwMCQyNjEwMDIjNTEjJDEjJDIjJDgz,누네조은안과의원,clinic,부산,부산진구,"부산광역시 부산진구 동평로 106, 앨리움 메디컬센터 6층 (당감동)",051-711-1230,,35.1655911,129.0411348,1,20240328,1,,,,
JDQ4MTAxMiM1MSMkMiMkMCMkMDAkMzgxMTkxIzUxIyQxIyQxIyQ5MiQ0NjE0ODEjNDEjJDEjJDgjJDgz,눈사랑안과의원,clinic,부산,부산진구,"부산광역시 부산진구 중앙대로 700, 3층 (부전동)",051-804-6600,http://www.nunsarang.co.kr/,35.1552532,129.059521,1,20000107,1,,,,
JDQ4MTAxMiM1MSMkMiMkMCMkMDAkMzgxMTkxIzQxIyQxIyQ3IyQ5MiQzNjEyMjIjODEjJDEjJDYjJDgz,눈시원안과의원,clinic,부산,부산진구,"부산광역시 부산진구 범일로 186, 4층 (범천동)",051-631-6622,,35.1466816,129.0596264,1,20160816,1,,,,
JDQ4MTAxMiM1MSMkMiMkMCMkMDAkNDgxMzUxIzUxIyQyIyQxIyQwMCQyNjEyMjIjNjEjJDEjJDAjJDgz,눈에손안과의원,clinic,부산,부산진구,"부산광역시 부산진구 서면로 64, 9층 (부전동, 청석빌딩)",051-807-0747,,35.1564715,129.0580718,1,20130605,1,,,,
JDQ4MTAxMiM1MSMkMiMkMCMkMDAkNDgxOTYxIzExIyQxIyQzIyQ3MiQ0NjEwMDIjNDEjJDEjJDgjJDgz,다봄안과의원,clinic,부산,부산진구,"부산광역시 부산진구 가야대로 783, 5층 (부전동)",051-806-0505,,35.15799,129.0572367,1,20150713,1,"{""0"": [""0930"", ""1800""], ""1"": [""0930"", ""1800""], ""2"": [""0930"", ""1800""], ""3"": [""0930"", ""1800""], ""4"": [""0930"", ""1800""], ""5"": [""0930"", ""1600""]}",13:00~14:00,09:30~18:00,부산롯데백화점(본점)
JDQ4MTAxMiM1MSMkMiMkMCMkMDAkMzgxMTkxIzUxIyQxIyQ1IyQ2MiQzNjEyMjIjNDEjJDEjJDQjJDgz,더참안과의원,clinic,부산,부산진구,"부산광역시 부산진구 중앙대로 708, 8층 (부전동)",051-802-8100,,35.1561411,129.0594806,2,20140317,2,"{""0"": [""0930"", ""1800""], ""1"": [""0930"", ""1800""], ""2"": [""0930"", ""1800""], ""3"": [""0930"", ""1800""], ""4"": [""0930"", ""1900""], ""5"": [""0930"", ""1300""]}",13시~14시 30분,,부산파이낸스센터 8층
JDQ4MTAxMiM1MSMkMiMkMCMkMDAkNDgxMTkxIzIxIyQxIyQ1IyQ4OSQzNjEwMDIjNTEjJDEjJDYjJDgz,바로안과의원,clinic,부산,부산진구,"부산광역시 부산진구 새싹로 10, 4~5층 (부전동)",051-715-8088,,35.1589116,129.0584238,1,20251118,1,"{""0"": [""0900"", ""1700""], ""1"": [""0900"", ""1700""], ""2"": [""0900"", ""1700""], ""3"": [""0900"", ""1700""], ""4"": [""0900"", ""1700""], ""5"": [""0900"", ""1300""]}",13시00분~14시00분,"09시00분~12시30분,14시00분~16시30분",
JDQ4MTAxMiM1MSMkMiMkMCMkMDAkNDgxOTYxIzMxIyQxIyQ3IyQxMyQ0NjEwMDIjODEjJDEjJDIjJDgz,밝은성모안과의원,clinic,부산,부산진구,"부산광역시 부산진구 중앙대로 723, 5,6층 (부전동)",051-804-1522,,35.157141,129.0583789,1,20120808,1,,,,
JDQ4MTAxMiM1MSMkMiMkMCMkMDAkMzgxMTkxIzUxIyQxIyQ1IyQ3OSQzNjE0ODEjNjEjJDEjJDAjJDgz,밝은세상안과의원,clinic,부산,부산진구,"부산광역시 부산진구 서면로 74, 8-11층 (부전동, 아이온시티)",051-805-1100,,35.1570677,129.0581339,6,20001002,5,"{""0"": [""0900"", ""1800""], ""1"": [""0900"", ""1800""], ""2"": [""0900"", ""1800""], ""3"": [""0900"", ""1800""], ""4"": [""0900"", ""1800""], ""5"": [""0900"", ""1600""]}",오후1시~오후2시,09시00분~18시00분,
JDQ4MTAxMiM1MSMkMiMkMCMkMDAkNDgxOTYxIzQxIyQxIyQ3IyQwMyQyNjEwMDIjNDEjJDEjJDgjJDgz,밝은수안과의원,clinic,부산,부산진구,"부산광역시 부산진구 가야대로 781-1, 8,9층 (부전동)",051-808-1010,,35.1580275,129.0571179,1,20210722,1,,,,
JDQ4MTAxMiM1MSMkMiMkMCMkMDAkNDgxOTYxIzExIyQxIyQzIyQ3MiQyNjEwMDIjNjEjJDEjJDQjJDgz,백록안과의원,clinic,부산,부산진구,"부산광역시 부산진구 새싹로 19, 7,8층 (부전동)",051-442-1919,,35.159495,129.0573082,2,20170529,2,,,,
JDQ4MTAxMiM1MSMkMiMkMCMkMDAkNDgxOTYxIzQxIyQxIyQ3IyQ2MiQzNjEwMDIjNjEjJDEjJDQjJDgz,부산하늘안과의원,clinic,부산,부산진구,"부산광역시 부산진구 중앙대로 736, 5층 (부전동)",051-803-9778,,35.1582541,129.0599753,2,20110523,1,,,,
JDQ4MTAxMiM1MSMkMiMkMCMkMDAkMzgxNzAyIzIxIyQxIyQxIyQ3MiQyNjE0ODEjODEjJDEjJDYjJDgz,부전안과의원,clinic,부산,부산진구,"부산광역시 부산진구 중앙대로 767, 5층 (부전동)",051-818-6323,,35.1608859,129.061303,1,19950512,1,,,,
JDQ4MTAxMiM1MSMkMiMkMCMkMDAkNDgxOTYxIzExIyQxIyQzIyQ2MiQ0NjEwMDIjNTEjJDEjJDYjJDgz,서면성모안과의원,clinic,부산,부산진구,"부산광역시 부산진구 새싹로 10-1, 1,3층 (부전동)",051-805-7899,,35.1590602,129.0583766,2,20150526,2,"{""0"": [""0900"", ""1730""], ""1"": [""0900"", ""1730""], ""2"": [""0900"", ""1730""], ""3"": [""0900"", ""1730""], ""4"": [""0900"", ""1730""], ""5"": [""0900"", ""1300""]}",13:00~14:00,09:00~17:30,영광도서
JDQ4MTAxMiM1MSMkMiMkMCMkMDAkNDgxOTYxIzMxIyQxIyQzIyQxMyQyNjEyMjIjNjEjJDEjJDAjJDgz,서면좋은사람안과의원,clinic,부산,부산진구,"부산광역시 부산진구 서면문화로 10, 영광도서 15~17층 (부전동)",051-711-6600,,35.1588242,129.0576139,2,20191029,2,,,,
JDQ4MTAxMiM1MSMkMiMkMCMkMDAkNDgxMzUxIzQxIyQxIyQ3IyQwMyQyNjE0ODEjODEjJDEjJDIjJDgz,신세계안과의원,clinic,부산,부산진구,"부산광역시 부산진구 가야대로 783-1, 2,3,4,5층 (부전동)",051-808-8288,http://www.cleareye.co.kr,35.1579604,129.0573894,2,20130102,2,,,,
JDQ4MTAxMiM1MSMkMiMkMCMkMDAkMzgxMTkxIzMxIyQxIyQzIyQ2MiQyNjEwMDIjNTEjJDEjJDYjJDgz,신앤박킴스안과의원,clinic,부산,부산진구,"부산광역시 부산진구 가야대로 779, (부전동)",051-809-7500,,35.1579618,129.0568052,2,20000131,2,,,,
JDQ4MTAxMiM1MSMkMiMkMCMkMDAkMzgxNzAyIzQxIyQxIyQ3IyQ5MiQyNjE0ODEjNjEjJDEjJDQjJDgz,아이시티안과의원,clinic,부산,부산진구,"부산광역시 부산진구 중앙대로 686, 6층 (부전동)",051-817-0006,,35.153949,129.0595933,2,20121107,2,"{""0"": [""0930"", ""1800""], ""1"": [""0930"", ""1800""], ""3"": [""0930"", ""1800""], ""4"": [""0930"", ""1900""], ""5"": [""0930"", ""1700""]}",13시~14시(수요일 휴진),"9시30분 ~ 17시(수요일 휴진,금요일 18시)",경암빌딩 6층
JDQ4MTAxMiM1MSMkMiMkMCMkMDAkMzgxMTkxIzIxIyQyIyQ1IyQwMCQzNjE0ODEjODEjJDEjJDIjJDgz,아이존안과의원,clinic,부산,부산진구,"부산광역시 부산진구 범일로 152, (범천동)",051-643-2740,,35.1435893,129.0595825,1,19960425,1,,,,
JDQ4MTAxMiM1MSMkMiMkMCMkMDAkNDgxMTkxIzIxIyQxIyQxIyQ3OSQyNjE4MzIjNTEjJDEjJDYjJDgz,양정베스트안과의원,clinic,부산,부산진구,"부산광역시 부산진구 중앙대로 915, 호원 메디컬타워 4,5층 (양정동)",051-861-0011,,35.1720153,129.0700601,1,20241212,1,,,,
JDQ4MTAxMiM1MSMkMiMkMCMkMDAkMzgxNzAyIzQxIyQxIyQ3IyQ4OSQzNjEyMjIjNDEjJDEjJDgjJDgz,이상협안과의원,clinic,부산,부산진구,"부산광역시 부산진구 가야대로 784, (부전동)",051-806-0400,,35.1573307,129.0574092,1,20080102,1,"{""0"": [""0930"", ""1700""], ""1"": [""0930"", ""1700""], ""2"": [""0930"", ""1300""], ""3"": [""0930"", ""1700""], ""4"": [""0930"", ""1700""], ""5"": [""0930"", ""1300""]}",13시~14시,오전 10시30분/오후 14시30분,
JDQ4MTAxMiM1MSMkMiMkMCMkMDAkNDgxOTYxIzMxIyQxIyQ3IyQ4MiQzNjE0ODEjNjEjJDEjJDQjJDgz,제이린안과의원,clinic,부산,부산진구,"부산광역시 부산진구 가야대로 753, 부전동 메디컬센터 3, 14, 15층 (부전동)",051-710-1004,https://jryneye.com/,35.1579516,129.0540228,3,20200709,3,"{""0"": [""0900"", ""1800""], ""1"": [""0900"", ""1800""], ""2"": [""0900"", ""1800""], ""3"": [""0900"", ""1800""], ""4"": [""0900"", ""1800""], ""5"": [""0900"", ""1300""]}",12시30분~14시00분,08시30분~18시00분,서면 삼정타워4층
JDQ4MTAxMiM1MSMkMiMkMCMkMDAkNDgxOTYxIzIxIyQxIyQ1IyQwMyQyNjE0ODEjODEjJDEjJDIjJDgz,조은성모안과의원,clinic,부산,부산진구,"부산광역시 부산진구 가야대로 476-1, 5층 (개금동)",051-715-3455,,35.1529083,129.0241632,1,20180205,1,,,,
JDQ4MTAxMiM1MSMkMiMkMCMkMDAkMzgxNzAyIzMxIyQxIyQzIyQ5MiQzNjEwMDIjNTEjJDEjJDYjJDgz,좋은이안과의원,clinic,부산,부산진구,"부산광역시 부산진구 가야대로 486, 6층 (개금동, 해동메디칼센터)",051-894-7171,,35.1528642,129.0251966,1,20031205,1,,,,
JDQ4MTAxMiM1MSMkMiMkMCMkMDAkMzgxMTkxIzIxIyQxIyQxIyQ5MiQyNjE0ODEjODEjJDEjJDIjJDgz,최안과의원,clinic,부산,부산진구,"부산광역시 부산진구 동평로 94, 당감 메디칼센터 2층 (당감동)",051-891-8467,,35.165341,129.039779,2,19950814,2,,,,
JDQ4MTAxMiM1MSMkMiMkMCMkMDAkMzgxNzAyIzUxIyQxIyQ1IyQ4OSQyNjE0ODEjNjEjJDEjJDAjJDgz,하이뷰안과의원,clinic,부산,부산진구,"부산광역시 부산진구 가야대로 767-1, 2.3층 (부전동, 원광메디칼)",051-816-0001,http://www.hivue.co.kr,35.1580254,129.0556427,2,20060417,2,"{""0"": [""0900"", ""1800""], ""1"": [""0900"", ""1800""], ""2"": [""0900"", ""1300""], ""3"": [""0900"", ""1800""], ""4"": [""0900"", ""1800""], ""5"": [""0900"", ""1600""]}",1시00분~2시00분,,
JDQ4MTAxMiM1MSMkMiMkMCMkMDAkMzgxMTkxIzMxIyQxIyQ3IyQ5MiQzNjEyMjIjNTEjJDEjJDIjJDgz,현대안과의원,clinic,부산,부산진구,"부산광역시 부산진구 범일로 127, 3층 (범천동)",051-647-8575,,35.1415079,129.0590642,1,19990420,1,,,,
JDQ4MTAxMiM1MSMkMiMkMCMkMDAkMzgxMTkxIzIxIyQxIyQ5IyQ4OSQzNjEwMDIjODEjJDEjJDIjJDgz,김준호안과의원,clinic,부산,부산해운대구,"부산광역시 해운대구 양운로 82, 404호 (좌동, 화인크리닉센타)",051-702-4110,,35.1704651,129.1755732,1,19970522,1,"{""0"": [""0900"", ""1830""], ""1"": [""0900"", ""1830""], ""2"": [""0900"", ""1400""], ""3"": [""0900"", ""1830""], ""4"": [""0900"", ""1830""], ""5"": [""0900"", ""1400""]}",12:30-14:00 ( 수요일과 토요일은 점심시간없이 2시까지 진료 ),09:00-18:30 ( 수요일과 토요일은 09:00-14:00),해운대 우체국 & 좌동 사무소 구민 문화회관
JDQ4MTAxMiM1MSMkMiMkMCMkMDAkMzgxMTkxIzMxIyQxIyQzIyQ3MiQzNjEwMDIjNTEjJDEjJDYjJDgz,김현경안과의원,clinic,부산,부산해운대구,"부산광역시 해운대구 좌동순환로 174, 303호 (좌동, 거성프라자)",702-7788,,35.1776265,129.1750479,1,19980917,1,"{""0"": [""1000"", ""1800""], ""1"": [""1000"", ""1800""], ""2"": [""1000"", ""1800""], ""3"": [""1000"", ""1300""], ""4"": [""1000"", ""1800""], ""5"": [""0930"", ""1230""]}",13:00~14:00,,
JDQ4MTAxMiM1MSMkMiMkMCMkMDAkNDgxMTkxIzExIyQxIyQzIyQ3OSQyNjEyMjIjNTEjJDEjJDIjJDgz,리안성모안과의원,clinic,부산,부산해운대구,"부산광역시 해운대구 해운대로 650, 201동 401호 (우동)",051-715-7766,http://leeahneye.com/,35.1646577,129.1613426,2,20230224,2,,,,
JDQ4MTAxMiM1MSMkMiMkMCMkMDAkMzgxNzAyIzQxIyQxIyQ3IyQ3OSQ0NjE0ODEjNDEjJDEjJDQjJDgz,마린안과의원,clinic,부산,부산해운대구,"부산광역시 해운대구 마린시티2로 2, 707~9호 (우동, 마린파크)",051-747-0979,http://www.홍인안과.kr,35.15934,129.1442096,1,20140414,1,,,,
JDQ4MTAxMiM1MSMkMiMkMCMkMDAkNDgxOTYxIzMxIyQyIyQ3IyQwMCQyNjE4MzIjNjEjJDEjJDQjJDgz,비스타안과의원,clinic,부산,부산해운대구,"부산광역시 해운대구 좌동순환로 505, 센트럴메디타워 1101호 일부호, 1102~1104호 (중동)",051-710-7100,,35.165667,129.1682073,2,20200325,2,,,,
JDQ4MTAxMiM1MSMkMiMkMCMkMDAkMzgxMTkxIzIxIyQxIyQxIyQ5OSQyNjEyMjIjODEjJDEjJDIjJDgz,서성국안과의원,clinic,부산,부산해운대구,"부산광역시 해운대구 재반로 198-1, (반여동)",051-783-7987,,35.1948892,129.1308031,1,19950303,1,,,,
JDQ4MTAxMiM1MSMkMiMkMCMkMDAkMzgxMTkxIzMxIyQxIyQzIyQ4MiQyNjEwMDIjODEjJDEjJDIjJDgz,서울안과의원,clinic,부산,부산해운대구,"부산광역시 해운대구 세실로 43, 306호 (좌동, 경동코아빌딩)",051-702-7575,http://www.seouleye.kr,35.1687646,129.17845,1,19980917,1,"{""0"": [""0930"", ""1830""], ""1"": [""0930"", ""1830""], ""2"": [""0930"", ""1830""], ""3"": [""0930"", ""1830""], ""4"": [""0930"", ""1830""], ""5"": [""0930"", ""1300""]}",13시00분~14시00분,09시30분~18시30분,
JDQ4MTAxMiM1MSMkMiMkMCMkMDAkNDgxMzUxIzQxIyQxIyQ3IyQ5MiQyNjEyMjIjNzEjJDEjJDgjJDgz,센텀밝은빛안과의원,clinic,부산,부산해운대구,"부산광역시 해운대구 센텀2로 20, 6층 603호 (우동)",051-744-0096,http://www.centumeye.co.kr,35.1671978,129.1320258,2,20121128,2,"{""0"": [""0930"", ""1830""], ""1"": [""0930"", ""1830""], ""2"": [""0930"", ""1830""], ""3"": [""0930"", ""1830""], ""4"": [""0930"", ""1830""], ""5"": [""0930"", ""1700""]}",13:00~14:00,9:30~18:20,다이아몬드빌딩(누스킨)
JDQ4MTAxMiM1MSMkMiMkMCMkMDAkNDgxMTkxIzExIyQxIyQ3IyQ5OSQ0NjEwMDIjNDEjJDEjJDgjJDgz,센텀성모안과의원,clinic,부산,부산해운대구,"부산광역시 해운대구 선수촌로 102-2, 부원메디칼센타 501호 (반여동)",051-714-2014,,35.2027865,129.1196159,1,20240321,1,,,,
JDQ4MTAxMiM1MSMkMiMkMCMkMDAkNDgxOTYxIzQxIyQxIyQ3IyQ3MiQzNjE4MzIjODEjJDEjJDYjJDgz,센텀소중한눈안과의원,clinic,부산,부산해운대구,"부산광역시 해운대구 센텀남대로 50, 1402호 (우동, 센텀임페리얼타워)",051-920-7788,,35.1681037,129.1313001,2,20100706,2,,,,
JDQ4MTAxMiM1MSMkMiMkMCMkMDAkNDgxMTkxIzExIyQxIyQzIyQxMyQzNjEyMjIjNDEjJDEjJDgjJDgz,센트럴성모안과의원,clinic,부산,부산해운대구,"부산광역시 해운대구 해운대로 814, 세종월드프라자 A동 501-2호 (좌동)",051-701-5111,,35.1695768,129.1776778,2,20240118,2,,,,
JDQ4MTAxMiM1MSMkMiMkMCMkMDAkNDgxOTYxIzIxIyQxIyQxIyQ2MiQyNjE4MzIjNzEjJDEjJDgjJDgz,이슬기안과의원,clinic,부산,부산해운대구,"부산광역시 해운대구 해운대로 794, 602호 (좌동, 엘리움)",051-714-2800,,35.168815,129.1757451,1,20170124,1,"{""0"": [""0930"", ""1800""], ""1"": [""0930"", ""1800""], ""2"": [""0930"", ""1800""], ""4"": [""0930"", ""1800""], ""5"": [""0930"", ""1400""]}",13시~14시,,
JDQ4MTAxMiM1MSMkMiMkMCMkMDAkNDgxMzUxIzExIyQxIyQzIyQ2MiQyNjE4MzIjODEjJDEjJDYjJDgz,임안과의원,clinic,부산,부산해운대구,"부산광역시 해운대구 신반송로 207, 4층 (반송동)",051-545-0015,,35.2304351,129.15741,1,20070122,1,,,,
JDQ4MTAxMiM1MSMkMiMkMCMkMDAkMzgxOTYxIzIxIyQxIyQxIyQxMyQ0NjEwMDIjNDEjJDEjJDgjJDgz,조경일안과의원,clinic,부산,부산해운대구,"부산광역시 해운대구 구남로29번길 38, (중동)",051-747-4656,,35.1626273,129.1623603,1,19850508,1,,,,
JDQ4MTAxMiM1MSMkMiMkMCMkMDAkMzgxNzAyIzUxIyQxIyQxIyQ5MiQyNjE0ODEjNDEjJDEjJDgjJDgz,진안과의원,clinic,부산,부산해운대구,"부산광역시 해운대구 재반로 82, 3층 (재송동)",051-783-1005,,35.1860019,129.1257818,1,20060216,1,"{""0"": [""0900"", ""1830""], ""1"": [""0900"", ""1830""], ""2"": [""0900"", ""1830""], ""3"": [""0900"", ""1830""], ""4"": [""0900"", ""1830""], ""5"": [""0900"", ""1300""]}",13시~14시,,재송동 농협
JDQ4MTAxMiM1MSMkMiMkMCMkMDAkMzgxMTkxIzExIyQyIyQ3IyQwMCQyNjE0ODEjNTEjJDEjJDIjJDgz,참밝은안과의원,clinic,부산,부산해운대구,"부산광역시 해운대구 아랫반송로 12, 5층 (반송동)",051-544-7754,,35.2253583,129.1471653,1,20050314,1,,,,
JDQ4MTAxMiM1MSMkMiMkMCMkMDAkNDgxMzUxIzMxIyQyIyQzIyQwMCQzNjE4MzIjNjEjJDEjJDgjJDgz,천리안안과의원,clinic,부산,부산해운대구,"부산광역시 해운대구 재반로 199, 2층 (반여동, 새아빌딩)",051-781-7575,,35.1951003,129.1304705,1,20110201,1,,,,
JDQ4MTAxMiM1MSMkMiMkMCMkMDAkNDgxOTYxIzUxIyQxIyQxIyQ2MiQ0NjE0ODEjNjEjJDEjJDgjJDgz,푸른숲안과의원,clinic,부산,부산해운대구,"부산광역시 해운대구 해운대로 802, 웅신시네아트 2층 204호 (좌동)",051-702-7070,,35.1691635,129.1766569,1,20220223,1,,,,
JDQ4MTAxMiM1MSMkMiMkMCMkMDAkMzgxMTkxIzIxIyQxIyQ5IyQ4MiQzNjEwMDIjNjEjJDEjJDAjJDgz,하늘빛안과의원,clinic,부산,부산해운대구,"부산광역시 해운대구 선수촌로 109-1, 2층 (반여동, 아시아드몰)",051-522-9393,,35.2036219,129.119628,1,20041229,1,,,,
JDQ4MTg4MSM1MSMkMiMkNCMkMDAkMzgxMTkxIzUxIyQxIyQ1IyQ3MiQzNjEwMDIjNDEjJDEjJDQjJDgz,YK(와이케이)안과의원,clinic,서울,강남구,"서울특별시 강남구 삼성로 651, 5층 502,503,504호 (삼성동, 래미안 라클래시)",512-5975,www.yklensclinic.com,37.5183513,127.0500365,1,20111214,1,"{""0"": [""0930"", ""1800""], ""1"": [""0930"", ""1800""], ""2"": [""0930"", ""1800""], ""3"": [""0930"", ""1800""], ""4"": [""0930"", ""1800""], ""5"": [""0930"", ""1400""]}",13시00분 - 14시00분,,강남구보건소
JDQ4MTg4MSM1MSMkMiMkNCMkMDAkNTgxOTYxIzIxIyQxIyQ5IyQ3OSQzNjEyMjIjODEjJDEjJDIjJDgz,강남도쿄안과의원,clinic,서울,강남구,"서울특별시 강남구 강남대로 442, 5층 (역삼동)",02-6956-8882,,37.5020662,127.0260775,1,20250508,1,,,,
JDQ4MTg4MSM1MSMkMiMkNCMkMDAkNTgxMzUxIzExIyQxIyQzIyQ3MiQyNjE4MzIjODEjJDEjJDYjJDgz,강남밝은미소안과의원,clinic,서울,강남구,"서울특별시 강남구 강남대로 408, YBM강남센터 3층 (역삼동)",1544-2271,,37.4992268,127.0275554,3,20190919,3,,,,
JDQ4MTg4MSM1MSMkMiMkNCMkMDAkMzgxMzUxIzQxIyQxIyQ3IyQ5OSQyNjEyMjIjNDEjJDEjJDQjJDgz,강남베스트성모안과의원,clinic,서울,강남구,"서울특별시 강남구 논현로 503, 14층 1호 (역삼동, 송촌빌딩)",02-6271-1000,,37.50127,127.0363876,1,20141008,1,,,,
JDQ4MTg4MSM1MSMkMiMkNCMkMDAkMzgxNzAyIzMxIyQxIyQzIyQ3MiQyNjE0ODEjODEjJDEjJDYjJDgz,강남서울밝은안과의원,clinic,서울,강남구,"서울특별시 강남구 강남대로 390, 18층 (역삼동, 미진프라자)",02-1588-3882,http://www.smartlasik.co.kr,37.497901,127.028709,3,20101231,3,"{""0"": [""1000"", ""1830""], ""1"": [""1000"", ""1830""], ""3"": [""1000"", ""1830""], ""4"": [""1000"", ""2100""], ""5"": [""0930"", ""1630""]}",,,
JDQ4MTg4MSM1MSMkMiMkOCMkMDAkMzgxMTkxIzExIyQxIyQzIyQwMyQzNjE0ODEjNDEjJDEjJDQjJDgz,강남성모안과의원,clinic,서울,강남구,"서울특별시 강남구 강남대로 240, 양재SK허브프리모 2층 209호 (도곡동)",02-3481-9977,,37.4851767,127.0344241,1,20250331,1,,,,
JDQ4MTg4MSM1MSMkMiMkNCMkMDAkNTgxOTYxIzUxIyQxIyQ1IyQ4OSQyNjEyMjIjNjEjJDEjJDAjJDgz,강남센트럴안과의원,clinic,서울,강남구,"서울특별시 강남구 테헤란로 333, 신도벤처타워 9층 (역삼동)",02-555-1369,,37.5047001,127.048034,3,20210412,3,"{""0"": [""0930"", ""1830""], ""1"": [""0930"", ""1930""], ""3"": [""0930"", ""1930""], ""4"": [""0930"", ""1830""], ""5"": [""0930"", ""1530""]}",13:30~14:30,,
JDQ4MTg4MSM1MSMkMiMkNCMkMDAkNTgxOTYxIzUxIyQxIyQxIyQxMyQyNjEyMjIjNjEjJDEjJDgjJDgz,강남신세계안과의원,clinic,서울,강남구,"서울특별시 강남구 강남대로 476, urbanhive 14층 (논현동)",0507-1416-4248,,37.5049158,127.0248029,1,20210326,1,,,,
JDQ4MTg4MSM1MSMkMiMkMCMkMDAkNTgxMzUxIzUxIyQxIyQxIyQ5OSQyNjEyMjIjNjEjJDEjJDgjJDgz,강남아이메디안과의원,clinic,서울,강남구,"서울특별시 강남구 강남대로 402, 3층 (역삼동, 시계탑빌딩)",02-561-8885,http://www.eyemedi.com,37.4988176,127.0278562,2,20080630,2,,,,
JDQ4MTg4MSM1MSMkMiMkOCMkMDAkMzgxMzUxIzExIyQxIyQ3IyQ5OSQyNjEwMDIjNzEjJDEjJDgjJDgz,강남에이스안과의원,clinic,서울,강남구,"서울특별시 강남구 테헤란로 151, 역삼하이츠빌딩 2층,지하1층 2호 (역삼동)",02-564-1004,,37.5009848,127.0361635,2,20210830,2,,,,
JDQ4MTg4MSM1MSMkMiMkOCMkMDAkMzgxMzUxIzIxIyQxIyQxIyQ5MiQ0NjE0ODEjNzEjJDEjJDgjJDgz,강남연세안과의원,clinic,서울,강남구,"서울특별시 강남구 테헤란로 339, 선릉빌딩 4층 (역삼동)",02-553-3588,,37.5048189,127.0486102,1,20211231,1,,,,
JDQ4MTg4MSM1MSMkMiMkNCMkMDAkNDgxMTkxIzIxIyQxIyQ1IyQ4OSQ0NjEwMDIjNzEjJDEjJDgjJDgz,강남이룸안과의원,clinic,서울,강남구,"서울특별시 강남구 강남대로 358, 강남358타워B1층 (역삼동)",02-6952-0975,www.erumeye.co.kr,37.4950692,127.0298087,1,20191125,1,,,,
JDQ4MTg4MSM1MSMkMiMkNCMkMDAkMzgxNzAyIzIxIyQxIyQxIyQ5OSQzNjEwMDIjODEjJDEjJDYjJDgz,강남조은눈안과의원,clinic,서울,강남구,"서울특별시 강남구 테헤란로 107, 비전타워 7층,9층 (역삼동)",02-535-8001,http://www.visionclinic.co.kr,37.498664,127.0287237,3,20091016,3,,,,
JDQ4MTg4MSM1MSMkMiMkNCMkMDAkNTgxOTYxIzUxIyQxIyQxIyQ4OSQyNjEwMDIjNDEjJDEjJDQjJDgz,강남큐브안과의원,clinic,서울,강남구,"서울특별시 강남구 선릉로 703, HS TOWER 6층 (논현동)",02-555-2080,,37.5176921,127.040766,1,20240925,1,,,,
JDQ4MTg4MSM1MSMkMiMkOCMkMDAkMzgxOTYxIzIxIyQxIyQ5IyQwMyQyNjEyMjIjNTEjJDEjJDYjJDgz,강남현안과의원,clinic,서울,강남구,"서울특별시 강남구 강남대로 246, 다림빌딩 3층 (도곡동)",02-3462-8800,,37.4855074,127.0340252,1,19921013,1,,,,
JDQ4MTg4MSM1MSMkMiMkOCMkMDAkMzgxOTYxIzIxIyQxIyQ1IyQ4OSQ0NjEwMDIjNTEjJDEjJDYjJDgz,개포삼성안과의원,clinic,서울,강남구,"서울특별시 강남구 선릉로 34, 지하1층 (개포동)",02-6958-7500,http://www.gpseye.co.kr,37.4828398,127.060745,2,20240125,2,,,,
JDQ4MTg4MSM1MSMkMiMkNCMkMDAkMzgxMzUxIzQxIyQxIyQ3IyQ4OSQzNjEyMjIjNjEjJDEjJDQjJDgz,눈에미소안과의원,clinic,서울,강남구,"서울특별시 강남구 강남대로 364, 미왕빌딩 7, 8층 (역삼동)",02-501-7725,http://www.eyemiso.com/_re2012/,37.4955498,127.0292939,6,20070607,6,,,,
JDQ4MTg4MSM1MSMkMiMkOCMkMDAkMzgxOTYxIzExIyQxIyQ3IyQ5MiQzNjE4MzIjODEjJDEjJDIjJDgz,닥터아이씨엘안과의원,clinic,서울,강남구,"서울특별시 강남구 강남대로 390, 미진프라자 20층 (역삼동)",02-566-1215,,37.497901,127.028709,1,20230918,1,"{""0"": [""0900"", ""1800""], ""1"": [""0900"", ""1800""], ""3"": [""0900"", ""1800""], ""4"": [""0900"", ""1800""], ""5"": [""0830"", ""1600""]}",13시00분~14시00분,09시00분~17시00분,
JDQ4MTg4MSM1MSMkMiMkOCMkMDAkMzgxMTkxIzUxIyQxIyQxIyQ4OSQzNjE4MzIjNjEjJDEjJDAjJDgz,대치보라안과의원,clinic,서울,강남구,"서울특별시 강남구 남부순환로 2941, 대치탑프라자 201호 (대치동)",02-2039-6115,,37.4942695,127.0619463,1,20260611,1,,,,
JDQ4MTg4MSM1MSMkMiMkMCMkMDAkNDgxOTYxIzIxIyQxIyQ1IyQ3MiQyNjEwMDIjNDEjJDEjJDgjJDgz,대치연세안과의원,clinic,서울,강남구,"서울특별시 강남구 도곡로 408, 디마크 빌딩 5층 501호,502호,503호,504호호 (대치동)",02-558-0088,,37.4966282,127.05525,3,20100625,3,,,,
JDQ4MTg4MSM1MSMkMiMkOCMkMDAkMzgxOTYxIzUxIyQxIyQxIyQ3OSQ0NjEwMDIjODEjJDEjJDIjJDgz,더연세안과의원,clinic,서울,강남구,"서울특별시 강남구 남부순환로 2912, 우성아파트상가 3층 302,302-1호 (대치동)",02-539-7658,,37.49071,127.0561424,2,20210122,2,"{""0"": [""0900"", ""1800""], ""1"": [""0900"", ""1800""], ""2"": [""0900"", ""1300""], ""3"": [""0900"", ""1800""], ""4"": [""0900"", ""1800""], ""5"": [""0900"", ""1400""]}",13시00분~14시00분,,
JDQ4MTg4MSM1MSMkMiMkNCMkMDAkNTgxOTYxIzMxIyQxIyQzIyQ2MiQ0NjEwMDIjODEjJDEjJDIjJDgz,더원서울안과의원,clinic,서울,강남구,"서울특별시 강남구 강남대로 652, 8,9층 (신사동)",02-585-0202,,37.5196035,127.0190762,6,20200720,6,"{""0"": [""0830"", ""1700""], ""1"": [""0830"", ""1700""], ""2"": [""0830"", ""1700""], ""3"": [""0830"", ""1700""], ""4"": [""0830"", ""1700""], ""5"": [""0830"", ""1300""]}",13시00분~14시00분,08시00분~17시00분,
JDQ4MTg4MSM1MSMkMiMkNCMkMDAkNDgxOTYxIzExIyQxIyQ3IyQxMyQ0NjEwMDIjNzEjJDEjJDgjJDgz,도곡타워안과의원,clinic,서울,강남구,"서울특별시 강남구 언주로30길 39, 린스퀘어 4층 (도곡동)",02-6925-0121,,37.4887614,127.0532227,2,20250527,2,,,,
JDQ4MTg4MSM1MSMkMiMkMCMkMDAkNDgxMTkxIzMxIyQxIyQ3IyQxMyQyNjE0ODEjNzEjJDEjJDgjJDgz,드림성모안과의원,clinic,서울,강남구,"서울특별시 강남구 강남대로 390, 14층 (역삼동, 미진프라자)",02-554-8400,http://www.hellolasik.com,37.497901,127.028709,4,20021031,4,"{""0"": [""0930"", ""1830""], ""1"": [""0930"", ""1830""], ""2"": [""0930"", ""1830""], ""4"": [""0930"", ""2000""], ""5"": [""0930"", ""1600""]}",12:50~14:00,월~수요일 09:30~18:00/목요일 휴진/금요일~19:30,강남역 미진프라자14층
JDQ4MTg4MSM1MSMkMiMkOCMkMDAkMzgxMTkxIzMxIyQxIyQzIyQ3MiQyNjE4MzIjNDEjJDEjJDgjJDgz,라움스마일안과의원,clinic,서울,강남구,"서울특별시 강남구 테헤란로4길 5, 해암빌딩 3층,5층 일부호 (역삼동)",02-6949-3222,,37.4979247,127.0300093,1,20260127,1,,,,
JDQ4MTg4MSM1MSMkMiMkOCMkMDAkMzgxMzUxIzExIyQxIyQ3IyQ3MiQ0NjE0ODEjNjEjJDEjJDgjJDgz,바른눈서울안과의원,clinic,서울,강남구,"서울특별시 강남구 테헤란로 401, 남경센타 9층 1,2호 (삼성동)",02-6203-3377,,37.5049841,127.0491606,5,20210927,4,,,,
JDQ4MTg4MSM1MSMkMiMkMCMkMDAkNDgxMzUxIzQxIyQyIyQ3IyQwMCQzNjEwMDIjNDEjJDEjJDQjJDgz,밝은눈강구봉안과의원,clinic,서울,강남구,"서울특별시 강남구 남부순환로 2615, 312,317호 (도곡동, 극동스타클래스)",557-7080,http://www.goodeye.co.kr,37.4851832,127.0358917,1,19910621,1,,,,
JDQ4MTg4MSM1MSMkMiMkMCMkMDAkNTgxOTYxIzUxIyQxIyQ1IyQ4OSQzNjE0ODEjNzEjJDEjJDgjJDgz,밝은성모안과의원,clinic,서울,강남구,"서울특별시 강남구 테헤란로 110, 켐브리지 강남빌딩 301호,1601호,1701호,1801호 (역삼동)",2202-1515,,37.498045,127.02937,7,20090710,7,,,,
JDQ4MTg4MSM1MSMkMiMkNCMkMDAkNTgxMzUxIzUxIyQxIyQ1IyQxMyQzNjE4MzIjODEjJDEjJDIjJDgz,삼성미라클안과의원,clinic,서울,강남구,"서울특별시 강남구 테헤란로 115, 서림빌딩 7,14층 (역삼동)",02-567-7775,,37.4990668,127.029904,2,20190911,2,,,,
JDQ4MTg4MSM1MSMkMiMkMCMkMDAkNTgxOTYxIzIxIyQxIyQ5IyQ3MiQyNjEwMDIjNDEjJDEjJDQjJDgz,삼성밝은안과의원,clinic,서울,강남구,"서울특별시 강남구 일원로 95, 신영프라자 501,502호 (일원동)",3412-2417,,37.485765,127.0834812,1,20010409,1,,,,
JDQ4MTg4MSM1MSMkMiMkNCMkMDAkMzgxOTYxIzUxIyQxIyQxIyQ5MiQzNjE4MzIjODEjJDEjJDYjJDgz,삼성아이안과의원,clinic,서울,강남구,"서울특별시 강남구 테헤란로 105, 5층 (역삼동, 에이타워)",02-535-0075,http://www.samsungeye.com,37.498646,127.0285428,1,20110117,1,,,,
JDQ4MTg4MSM1MSMkMiMkMCMkMDAkNTgxOTYxIzExIyQxIyQ3IyQ3OSQzNjEyMjIjNjEjJDEjJDQjJDgz,서울밝은세상안과의원,clinic,서울,강남구,"서울특별시 강남구 선릉로 823, 한양타운빌딩 2층일부 6층일부, 7층 (신사동)",3443-0880,http://www.iloveeye.com,37.5256156,127.0393899,7,20001004,7,,,,
JDQ4MTg4MSM1MSMkMiMkMCMkMDAkNTgxOTYxIzUxIyQxIyQ1IyQ2MiQyNjE0ODEjNjEjJDEjJDgjJDgz,서울삼성안과의원,clinic,서울,강남구,"서울특별시 강남구 압구정로 432, 4층 (청담동, 송재빌딩)",02-511-9990,www.eyesamsung.co.kr/,37.5266143,127.0441077,1,20011115,1,,,,
JDQ4MTg4MSM1MSMkMiMkOCMkMDAkMzgxMzUxIzMxIyQxIyQ3IyQ2MiQyNjE4MzIjNDEjJDEjJDQjJDgz,서울아이안과의원,clinic,서울,강남구,"서울특별시 강남구 선릉로 323, 2층 6층 (역삼동)",02-2135-5646,,37.4983739,127.0516276,3,20220802,3,,,,
JDQ4MTg4MSM1MSMkMiMkOCMkMDAkMzgxOTYxIzMxIyQxIyQ3IyQ4OSQyNjE0ODEjODEjJDEjJDYjJDgz,성모드림아이안과의원,clinic,서울,강남구,"서울특별시 강남구 삼성로 14, 408~409호 (개포동, 개포자이 프레지던스)",,,37.4851086,127.0716058,1,20240703,1,,,,
JDQ4MTg4MSM1MSMkMiMkNCMkMDAkMzgxOTYxIzUxIyQxIyQ1IyQ5OSQ0NjE0ODEjNzEjJDEjJDgjJDgz,성모새봄안과의원,clinic,서울,강남구,"서울특별시 강남구 삼성로 233, 2층 (대치동)",562-5353,,37.4980642,127.0609247,1,19830604,1,,,,
JDQ4MTg4MSM1MSMkMiMkMCMkMDAkNTgxMzUxIzUxIyQxIyQ1IyQ2MiQzNjEyMjIjNDEjJDEjJDQjJDgz,성모아이안과의원,clinic,서울,강남구,"서울특별시 강남구 테헤란로4길 6, 314호 (역삼동, 센트럴애비뉴)",02-536-6500,,37.4976709,127.029341,1,20150717,1,,,,
JDQ4MTg4MSM1MSMkMiMkOCMkMDAkMzgxOTYxIzUxIyQxIyQ1IyQ2MiQyNjE4MzIjNjEjJDEjJDAjJDgz,성모하나안과의원,clinic,서울,강남구,"서울특별시 강남구 일원로 39, 대원빌딩 3층 (일원동)",02-2135-6070,,37.4903399,127.0813255,1,20250109,1,,,,
JDQ4MTg4MSM1MSMkMiMkNCMkMDAkNTgxOTYxIzQxIyQxIyQ3IyQ5OSQzNjEwMDIjNTEjJDEjJDYjJDgz,세곡밝은안과의원,clinic,서울,강남구,"서울특별시 강남구 헌릉로 569, 강남리더스프라자 405호 (세곡동)",02-6204-9999,,37.4657595,127.1012408,1,20201208,1,,,,
JDQ4MTg4MSM1MSMkMiMkMCMkMDAkNTgxOTYxIzIxIyQxIyQxIyQ4OSQyNjEwMDIjODEjJDEjJDIjJDgz,세란안과의원,clinic,서울,강남구,"서울특별시 강남구 테헤란로87길 29, (삼성동, M타워빌딩 2층, 4층일부)",02-552-0055,http://www.seraneye.com/,37.5096122,127.0580011,5,20001229,5,,,,
JDQ4MTg4MSM1MSMkMiMkMCMkMDAkNDgxOTYxIzMxIyQxIyQ3IyQ2MiQyNjE4MzIjNDEjJDEjJDQjJDgz,소망안과의원,clinic,서울,강남구,"서울특별시 강남구 밤고개로1길 10, 216호 (수서동)",02-3412-0437,,37.4880245,127.1018445,1,20030318,1,,,,
JDQ4MTg4MSM1MSMkMiMkNCMkMDAkNTgxOTYxIzIxIyQxIyQxIyQ4OSQzNjE0ODEjNjEjJDEjJDgjJDgz,솔빛드림안과의원,clinic,서울,강남구,"서울특별시 강남구 봉은사로 474, 201,201-1호 (삼성동, 쌍용 플래티넘)",02-6953-5826,,37.5123688,127.0519533,2,20191206,1,,,,
JDQ4MTg4MSM1MSMkMiMkNCMkMDAkMzgxMTkxIzQxIyQxIyQ3IyQ4MiQzNjE0ODEjNjEjJDEjJDgjJDgz,송안과의원,clinic,서울,강남구,"서울특별시 강남구 학동로 342, 403호 (논현동)",02-542-9924,,37.5167495,127.0408461,1,20060704,1,"{""0"": [""0950"", ""1800""], ""1"": [""0950"", ""1800""], ""2"": [""0950"", ""1800""], ""3"": [""0950"", ""1800""], ""4"": [""0950"", ""1800""], ""5"": [""0950"", ""1400""]}",13:00~14:00,,7호선 강남구청역 2번출구
JDQ4MTg4MSM1MSMkMiMkNCMkMDAkNDgxMTkxIzExIyQxIyQzIyQ4OSQzNjEyMjIjNTEjJDEjJDYjJDgz,신안과의원,clinic,서울,강남구,"서울특별시 강남구 도산대로 111, (신사동, 2층)",02-544-1341,shineye.modoo.at,37.5169652,127.020708,1,19810904,1,"{""0"": [""0900"", ""1800""], ""1"": [""0900"", ""1800""], ""2"": [""0900"", ""1800""], ""3"": [""0900"", ""1300""], ""4"": [""0900"", ""1800""], ""5"": [""0900"", ""1300""]}",오후 1시~2시 /목요일과 토요일은 오후 1시까지 진료합니다.,진료마치기 10분 전까지,
JDQ4MTg4MSM1MSMkMiMkMCMkMDAkMzgxNzAyIzIxIyQxIyQxIyQ5OSQ0NjE0ODEjNDEjJDEjJDQjJDgz,씨엔비안과의원,clinic,서울,강남구,"서울특별시 강남구 논현로 308, 3,4층 (역삼동)",02-553-9925,http://www.icansee.co.kr/,37.493022,127.0409472,1,20160613,1,,,,
JDQ4MTg4MSM1MSMkMiMkNCMkMDAkMzgxMTkxIzIxIyQxIyQxIyQ5MiQyNjE0ODEjODEjJDEjJDYjJDgz,아이러브안과의원,clinic,서울,강남구,"서울특별시 강남구 압구정로32길 30, 지하1, 4층 (신사동)",02-514-7557,http://www.eyeloveilove.com,37.5257959,127.0297722,3,20110927,2,,,,
JDQ4MTg4MSM1MSMkMiMkNCMkMDAkNTgxMzUxIzExIyQxIyQ3IyQ2MiQyNjE0ODEjNTEjJDEjJDYjJDgz,아이리움안과의원,clinic,서울,강남구,"서울특별시 강남구 강남대로 388, 강남센타빌딩 6,7층 (역삼동)",02-3420-2020,,37.497502,127.0283591,5,20110629,5,,,,
JDQ4MTg4MSM1MSMkMiMkNCMkMDAkNTgxMzUxIzUxIyQxIyQxIyQ5OSQ0NjE0ODEjODEjJDEjJDYjJDgz,아이콘안과의원,clinic,서울,강남구,"서울특별시 강남구 강남대로 492, 한맥빌딩 15층 (논현동)",,,37.506197,127.024134,1,20190122,1,,,,
JDQ4MTg4MSM1MSMkMiMkNCMkMDAkNDgxOTYxIzMxIyQxIyQzIyQ4OSQzNjE4MzIjODEjJDEjJDIjJDgz,압구정김정목안과의원,clinic,서울,강남구,"서울특별시 강남구 압구정로 152, 극동스포츠센터 3층 (신사동)",02-514-1003,,37.5255661,127.0260696,1,20190520,1,,,,
JDQ4MTg4MSM1MSMkMiMkMCMkMDAkNTgxOTYxIzExIyQxIyQzIyQ4OSQ0NjE0ODEjNTEjJDEjJDIjJDgz,압구정바로보기안과의원,clinic,서울,강남구,"서울특별시 강남구 압구정로 152, 704호 (신사동, 극동스포츠빌딩)",02-548-3133,http://www.barobogi.com/,37.5255661,127.0260696,1,20160321,1,,,,
JDQ4MTg4MSM1MSMkMiMkNCMkMDAkMzgxMTkxIzQxIyQxIyQ3IyQxMyQ0NjE0ODEjNDEjJDEjJDgjJDgz,압구정밝은안과의원,clinic,서울,강남구,"서울특별시 강남구 논현로 834, 윤성빌딩 5.6층 (신사동)",02-3416-1050,http://www.helloeye.co.kr,37.5228353,127.0285887,1,20210113,1,,,,
JDQ4MTg4MSM1MSMkMiMkNCMkMDAkNDgxMTkxIzUxIyQxIyQ1IyQ3OSQ0NjE0ODEjNDEjJDEjJDQjJDgz,압구정성모안과의원,clinic,서울,강남구,"서울특별시 강남구 언주로 859, 쉬즈.애비뉴빌딩, B1,1,2,3,5층  (신사동)",02-3445-3457,,37.5272292,127.0330923,10,20000816,10,,,,
JDQ4MTg4MSM1MSMkMiMkMCMkMDAkNTgxMzUxIzExIyQyIyQ3IyQwMCQzNjE0ODEjNjEjJDEjJDQjJDgz,압구정에스앤비안과의원,clinic,서울,강남구,"서울특별시 강남구 논현로 842, 압구정빌딩 9층 903호 (신사동)",02-3446-6666,,37.5240509,127.0287459,2,20180402,2,,,,
JDQ4MTg4MSM1MSMkMiMkNCMkMDAkNDgxMzUxIzMxIyQxIyQ3IyQxMyQzNjEwMDIjNDEjJDEjJDgjJDgz,압구정연세안과의원,clinic,서울,강남구,"서울특별시 강남구 언주로 874, 쌍봉빌딩 3층 일부 (신사동)",02-517-8686,http://www.yonseieyecenter.com,37.5285961,127.0341443,1,20100303,1,,,,
JDQ4MTg4MSM1MSMkMiMkNCMkMDAkNTgxOTYxIzQxIyQxIyQ3IyQ3MiQyNjE0ODEjNjEjJDEjJDAjJDgz,양재성모안과의원,clinic,서울,강남구,"서울특별시 강남구 강남대로 238, 스카이쏠라빌딩 지하2층, 4층 (도곡동)",02-3463-7500,,37.4849717,127.0347727,1,19950508,1,,,,
JDQ4MTg4MSM1MSMkMiMkNCMkMDAkNTgxMzUxIzIxIyQxIyQxIyQ3MiQ0NjEwMDIjNDEjJDEjJDgjJDgz,에스앤유안과의원,clinic,서울,강남구,"서울특별시 강남구 강남대로 624, ICT TOWER 3, 12층 (신사동)",02-548-0201,,37.5174876,127.0195523,3,20200825,3,"{""0"": [""0900"", ""1800""], ""1"": [""0900"", ""1800""], ""2"": [""0000"", ""0000""], ""3"": [""0900"", ""1800""], ""4"": [""0900"", ""1800""], ""5"": [""0830"", ""1400""], ""6"": [""0000"", ""0000""]}",13:00~14:00,09:00~18:00,ICT TOWER
JDQ4MTg4MSM1MSMkMiMkNCMkMDAkMzgxMzUxIzMxIyQxIyQzIyQwMyQyNjE4MzIjODEjJDEjJDYjJDgz,예드림안과의원,clinic,서울,강남구,"서울특별시 강남구 테헤란로 514, 4층 (대치동, 삼흥빌딩)",02-555-3700,,37.5074386,127.0597679,1,20020604,1,"{""0"": [""0930"", ""1800""], ""1"": [""0930"", ""1800""], ""2"": [""0930"", ""1800""], ""3"": [""0930"", ""1800""], ""4"": [""0930"", ""1800""], ""5"": [""0930"", ""1300""]}",오후 1시 ~2시,오전9:30 ~ 오후 6:00,
JDQ4MTg4MSM1MSMkMiMkMCMkMDAkNDgxMzUxIzQxIyQxIyQ3IyQ2MiQyNjE4MzIjNDEjJDEjJDgjJDgz,오규성안과의원,clinic,서울,강남구,"서울특별시 강남구 일원로 35, 남경빌딩 (일원동)",02-445-8593,,37.4906472,127.0811988,1,19880520,1,,,,
JDQ4MTg4MSM1MSMkMiMkOCMkMDAkMzgxMzUxIzMxIyQxIyQ3IyQ5OSQyNjE4MzIjNjEjJDEjJDQjJDgz,올림안과의원,clinic,서울,강남구,"서울특별시 강남구 논현로 546, 2~5층 (역삼동)",02-599-0110,https://olimeye.com/,37.504923,127.0352915,2,20240702,1,,,,
JDQ4MTg4MSM1MSMkMiMkMCMkMDAkNTgxMzUxIzIxIyQxIyQxIyQ2MiQyNjE4MzIjNDEjJDEjJDgjJDgz,이앤김안과의원,clinic,서울,강남구,"서울특별시 강남구 압구정로 151, (압구정동, 현대(아) 9차상가 2동 3-1호)",02-544-4862,,37.5284222,127.0241229,1,19981231,1,,,,
JDQ4MTg4MSM1MSMkMiMkNCMkMDAkNTgxMzUxIzQxIyQyIyQ3IyQwMCQzNjE4MzIjNDEjJDEjJDgjJDgz,제이더블유안과의원,clinic,서울,강남구,"서울특별시 강남구 테헤란로 337, 13층 (역삼동)",02-539-7582,,37.5047776,127.0484885,1,20181120,1,,,,
JDQ4MTg4MSM1MSMkMiMkNCMkMDAkMzgxMzUxIzQxIyQxIyQ3IyQ3MiQzNjEyMjIjNjEjJDEjJDAjJDgz,제일성모안과의원,clinic,서울,강남구,"서울특별시 강남구 개포로 615, 301-1호 (개포동)",02-445-4451,,37.4926645,127.0756013,1,20081219,1,,,,
JDQ4MTg4MSM1MSMkMiMkNCMkMDAkMzgxOTYxIzQxIyQxIyQ3IyQ2MiQyNjE0ODEjNTEjJDEjJDYjJDgz,지에스안과의원,clinic,서울,강남구,"서울특별시 강남구 강남대로 390, 미진프라자 8,15,16층 (역삼동)",02-3469-0900,http://www.gseyecenter.co.kr,37.497901,127.028709,7,20051201,7,,,,
JDQ4MTg4MSM1MSMkMiMkNCMkMDAkNTgxOTYxIzUxIyQxIyQxIyQ2MiQ0NjE0ODEjODEjJDEjJDYjJDgz,첫눈애안과의원,clinic,서울,강남구,"서울특별시 강남구 테헤란로 332, HJ타워 (건물표기)5층 (역삼동)",02-576-0022,,37.5037746,127.0481921,2,20210305,2,"{""0"": [""0900"", ""1800""], ""1"": [""0900"", ""1800""], ""3"": [""0900"", ""1800""], ""4"": [""0900"", ""1800""], ""5"": [""0830"", ""1600""]}",13:00~14:00,9시00분~17시30분,선릉역 4번출구
JDQ4MTg4MSM1MSMkMiMkNCMkMDAkNTgxOTYxIzIxIyQxIyQxIyQ4OSQyNjE4MzIjODEjJDEjJDIjJDgz,청담한빛안과의원,clinic,서울,강남구,"서울특별시 강남구 학동로 411, 원일빌딩 201호 (청담동)",02-512-2955,,37.5181016,127.044728,1,20191204,1,"{""0"": [""0930"", ""1830""], ""1"": [""0930"", ""1830""], ""2"": [""0930"", ""1300""], ""3"": [""0930"", ""1830""], ""4"": [""0930"", ""1830""], ""5"": [""0930"", ""1300""]}",13시00분~ 14시00분,"09시 20분-12시 30분, 13시 50분~18시 00분",
JDQ4MTg4MSM1MSMkMiMkOCMkMDAkMzgxMzUxIzExIyQxIyQ3IyQ3MiQ0NjEwMDIjNjEjJDEjJDAjJDgz,청담한세성모안과의원,clinic,서울,강남구,"서울특별시 강남구 학동로 433, (청담동)",02-544-1645,,37.5187786,127.0483242,1,20111109,1,,,,
JDQ4MTg4MSM1MSMkMiMkNCMkMDAkNTgxMzUxIzIxIyQxIyQ1IyQ4OSQzNjEwMDIjNjEjJDEjJDQjJDgz,카이안과의원,clinic,서울,강남구,"서울특별시 강남구 테헤란로 326, 태보 역삼 아이타워 2,12층 (역삼동)",02-6207-1236,,37.5035425,127.0470436,4,20171213,4,,,,
JDQ4MTg4MSM1MSMkMiMkMCMkMDAkNTgxOTYxIzUxIyQxIyQxIyQ2MiQyNjEwMDIjODEjJDEjJDIjJDgz,플러스성모안과의원,clinic,서울,강남구,"서울특별시 강남구 남부순환로 2936, 윈플러스상가 506호 (대치동)",02-555-0036,http://www.pslasik.com/,37.493385,127.0618767,1,20051223,1,,,,
JDQ4MTg4MSM1MSMkMiMkOCMkMDAkMzgxMzUxIzExIyQxIyQ3IyQ2MiQzNjEyMjIjNTEjJDEjJDIjJDgz,하이안과의원,clinic,서울,강남구,"서울특별시 강남구 도산대로 119, 3층 (신사동)",02-540-5377,,37.5173225,127.0214762,2,20210916,2,,,,
JDQ4MTg4MSM1MSMkMiMkNCMkMDAkMzgxMzUxIzQxIyQxIyQ3IyQ2MiQzNjEyMjIjNzEjJDEjJDgjJDgz,허원안과의원,clinic,서울,강남구,"서울특별시 강남구 언주로30길 10, 현대비전21 305호 (도곡동)",02-2058-0580,,37.4873416,127.0515495,1,20021220,1,"{""1"": [""1000"", ""1630""], ""2"": [""1000"", ""1630""], ""3"": [""1000"", ""1630""], ""4"": [""1000"", ""1630""], ""5"": [""1000"", ""1430""]}",월요일 휴무 / 화~금 :오후12시 30분~오후 1시 30분,월요일 휴무 / 화~금 :오전10시~오후 4시30분,대림아크로빌
JDQ4MTg4MSM1MSMkMiMkNCMkMDAkNTgxOTYxIzExIyQxIyQ3IyQxMyQzNjE4MzIjNTEjJDEjJDIjJDgz,혜안서울안과의원,clinic,서울,강남구,"서울특별시 강남구 테헤란로 528, 슈페리어타워 4,9층 (대치동)",02-2051-0500,www.rseye.co.kr,37.508102,127.0620152,3,20191115,3,,,,
JDQ4MTg4MSM1MSMkMiMkMCMkMDAkMzgxNzAyIzUxIyQxIyQ1IyQ3MiQyNjEyMjIjNzEjJDEjJDgjJDgz,홍철안과의원,clinic,서울,강남구,"서울특별시 강남구 논현로168길 39, 원빌딩 3층 (신사동)",02-542-0409,,37.5232704,127.0315554,1,19851012,1,,,,
JDQ4MTg4MSM1MSMkMiMkNCMkMDAkNTgxMzUxIzMxIyQxIyQzIyQwMyQzNjEyMjIjNzEjJDEjJDgjJDgz,힐링안과의원,clinic,서울,강남구,"서울특별시 강남구 강남대로 470, 808타워 10,11층 (역삼동)",02-566-1222,,37.5043479,127.0250552,1,20180701,1,,,,
JDQ4MTg4MSM1MSMkMiMkNCMkMDAkNDgxMzUxIzExIyQxIyQ3IyQwMyQzNjE0ODEjNTEjJDEjJDYjJDgz,강동김안과의원,clinic,서울,강동구,"서울특별시 강동구 고덕로 391, (고덕동)",02-427-6006,www.kdkimeye.kr/,37.5572185,127.1689885,1,20090303,1,,,,
JDQ4MTg4MSM1MSMkMiMkNCMkMDAkNDgxMzUxIzMxIyQxIyQ3IyQ4MiQyNjEyMjIjNjEjJDEjJDAjJDgz,강동삼성안과의원,clinic,서울,강동구,"서울특별시 강동구 고덕로 254, 이화빌딩 (명일동)",02-441-0093,,37.554684,127.1537015,1,20060110,1,,,,
JDQ4MTg4MSM1MSMkMiMkNCMkMDAkMzgxNzAyIzIxIyQxIyQ5IyQ3MiQ0NjE0ODEjODEjJDEjJDIjJDgz,굿모닝안과의원,clinic,서울,강동구,"서울특별시 강동구 천호대로 1006, (성내동, 브라운스톤천호)",02-488-8861~2,http://www.lenseye.co.kr,37.5380133,127.1237896,1,20071025,1,,13시00분~14시00분,9시 30분~18시 30분,천호 굿모닝 안과
JDQ4MTg4MSM1MSMkMiMkOCMkMDAkMzgxOTYxIzExIyQxIyQzIyQwMyQzNjE4MzIjODEjJDEjJDYjJDgz,그랜드성모안과의원,clinic,서울,강동구,"서울특별시 강동구 올림픽로 654, 2층 1호 (천호동)",02-477-6542,,37.5398563,127.12411,2,20230718,2,"{""0"": [""0930"", ""1830""], ""1"": [""0930"", ""1830""], ""2"": [""0930"", ""1930""], ""3"": [""0930"", ""1830""], ""4"": [""0930"", ""1930""], ""5"": [""0930"", ""1330""], ""6"": [""0930"", ""1330""]}",13시00분~14시00분,"09시30분~18시10분(월,화,목), 09시30분~19시10분(수,금)",천호역 3번출구
JDQ4MTg4MSM1MSMkMiMkNCMkMDAkMzgxMzUxIzExIyQyIyQzIyQwMCQ0NjEwMDIjNDEjJDEjJDQjJDgz,누니랑성모안과의원,clinic,서울,강동구,"서울특별시 강동구 동남로75길 29, 304호 (명일동)",02-427-7582,,37.5541567,127.1545432,1,20020125,1,,,,
JDQ4MTg4MSM1MSMkMiMkNCMkMDAkMzgxOTYxIzMxIyQxIyQzIyQ4MiQzNjE0ODEjODEjJDEjJDIjJDgz,맑은연세안과의원,clinic,서울,강동구,"서울특별시 강동구 올림픽로 787, (암사동, 태성프라자)",02-442-8275,,37.5514771,127.1277494,1,20040409,1,,,,
JDQ4MTg4MSM1MSMkMiMkOCMkMDAkMzgxMTkxIzIxIyQxIyQ1IyQwMyQzNjE4MzIjNTEjJDEjJDYjJDgz,모두다연세안과의원,clinic,서울,강동구,"서울특별시 강동구 양재대로 1463, 4층 (길동)",02-477-4777,https://www.modudaeye.com,37.5366086,127.1392273,1,20250926,1,,,,
JDQ4MTg4MSM1MSMkMiMkNCMkMDAkMzgxNzAyIzMxIyQxIyQ3IyQ3MiQ0NjE0ODEjNDEjJDEjJDgjJDgz,봄의약속안과의원,clinic,서울,강동구,"서울특별시 강동구 양재대로 1570, 5층 (명일동)",02-426-0020,,37.5456648,127.1432536,2,20080229,2,"{""0"": [""0930"", ""1900""], ""1"": [""0930"", ""1900""], ""2"": [""0930"", ""1900""], ""3"": [""0930"", ""1900""], ""4"": [""0930"", ""1900""], ""5"": [""0930"", ""1600""]}",13시00분~14시00분,9시30분~19시00분,강동홈플러스
JDQ4MTg4MSM1MSMkMiMkNCMkMDAkMzgxMzUxIzQxIyQxIyQ3IyQ5OSQzNjE0ODEjNjEjJDEjJDgjJDgz,서울장안과의원,clinic,서울,강동구,"서울특별시 강동구 양재대로 1629, 2층 (명일동)",02-426-8752,,37.5510595,127.1436984,1,20030908,1,"{""0"": [""0930"", ""1830""], ""1"": [""0930"", ""1830""], ""2"": [""0930"", ""1830""], ""3"": [""0930"", ""1300""], ""4"": [""0930"", ""1830""], ""5"": [""0930"", ""1400""]}",13시00분~14시00분,,명일역
JDQ4MTg4MSM1MSMkMiMkNCMkMDAkNDgxNzAyIzIxIyQxIyQ1IyQ3OSQyNjE0ODEjNDEjJDEjJDgjJDgz,성모김안과의원,clinic,서울,강동구,"서울특별시 강동구 양재대로 1477, 3층 (길동)",02-487-5425,,37.5377748,127.1396971,2,20151216,2,"{""0"": [""0900"", ""1830""], ""1"": [""0900"", ""1830""], ""2"": [""0900"", ""1830""], ""3"": [""0900"", ""1830""], ""4"": [""0900"", ""1830""], ""5"": [""0900"", ""1300""]}",13시00분~14시00분,09시00분~18시30분,
JDQ4MTg4MSM1MSMkMiMkMCMkMDAkNDgxOTYxIzUxIyQxIyQxIyQ4MiQyNjE0ODEjNTEjJDEjJDIjJDgz,성모안과의원,clinic,서울,강동구,"서울특별시 강동구 양재대로 1325, 5층 (성내동)",02-476-7818,http://www.lasiknara.com,37.5248028,127.1346966,2,19910808,2,"{""0"": [""0900"", ""1830""], ""1"": [""0900"", ""1830""], ""2"": [""0900"", ""1830""], ""3"": [""0900"", ""1830""], ""4"": [""0900"", ""1830""], ""5"": [""0900"", ""1400""]}",12:30~14:00,,
JDQ4MTg4MSM1MSMkMiMkOCMkMDAkMzgxOTYxIzUxIyQxIyQ1IyQxMyQzNjE4MzIjNTEjJDEjJDYjJDgz,센트럴강남성모안과의원,clinic,서울,강동구,"서울특별시 강동구 양재대로 1360, 포레온스테이션5 2층 2079~2083호 (둔촌동)",02-0000-0000,,37.5274745,127.1370449,1,20250210,1,,,,
JDQ4MTg4MSM1MSMkMiMkNCMkMDAkMzgxMTkxIzIxIyQxIyQ5IyQ4MiQzNjEyMjIjNTEjJDEjJDYjJDgz,에스유연세안과의원,clinic,서울,강동구,"서울특별시 강동구 양재대로 1365, 심포니타워 4.6층 (성내동)",02-472-9500,http://www.suyonsei.com/,37.528046,127.1358384,1,20041227,1,,,,
JDQ4MTg4MSM1MSMkMiMkOCMkMDAkMzgxMzUxIzMxIyQxIyQzIyQ3MiQyNjE4MzIjNDEjJDEjJDgjJDgz,연세비전안과의원,clinic,서울,강동구,"서울특별시 강동구 천호대로 1006, 브라운스톤천호 207-209호 (성내동)",02-477-0977,,37.5380133,127.1237896,1,20220520,1,"{""0"": [""0930"", ""1830""], ""1"": [""0930"", ""1830""], ""2"": [""0930"", ""1830""], ""3"": [""0930"", ""1830""], ""4"": [""0930"", ""1830""], ""5"": [""0930"", ""1300""]}",13시~14시,09시30분~18시00분,브라운스톤천호 2층
JDQ4MTg4MSM1MSMkMiMkOCMkMDAkMzgxMTkxIzQxIyQxIyQ3IyQ3OSQyNjEyMjIjNDEjJDEjJDQjJDgz,연세포레온안과의원,clinic,서울,강동구,"서울특별시 강동구 양재대로 1360, 포레온스테이션5 3층 3046~3051호 (둔촌동)",02-474-0112,,37.5274745,127.1370449,1,20260401,1,,,,
JDQ4MTg4MSM1MSMkMiMkMCMkMDAkNTgxMzUxIzUxIyQxIyQ1IyQ5OSQzNjE0ODEjODEjJDEjJDYjJDgz,예성정안과의원,clinic,서울,강동구,"서울특별시 강동구 올림픽로 786, 5층 (암사동)",02-3426-2275,,37.5511474,127.128204,2,20000415,2,"{""0"": [""0930"", ""1830""], ""1"": [""0930"", ""1830""], ""2"": [""0930"", ""1830""], ""3"": [""0930"", ""1830""], ""4"": [""0930"", ""1830""], ""5"": [""0930"", ""1530""]}",13시00분~14시00분,09시00분~18시00분,암사클리닉
JDQ4MTg4MSM1MSMkMiMkNCMkMDAkNDgxNzAyIzUxIyQyIyQxIyQwMCQ0NjEwMDIjODEjJDEjJDYjJDgz,이레안과의원,clinic,서울,강동구,"서울특별시 강동구 구천면로 233, 3층 302호 (천호동, 한양메디스퀘어)",02-471-1611,,37.5416398,127.1301212,1,20030821,1,,,,
JDQ4MTg4MSM1MSMkMiMkMCMkMDAkNTgxMzUxIzUxIyQxIyQ1IyQ4OSQzNjEyMjIjODEjJDEjJDIjJDgz,이엘씨안과의원,clinic,서울,강동구,"서울특별시 강동구 천호대로 1015, 4층 (천호동)",02-2202-8888,,37.5385084,127.1251222,3,20000421,3,,,,
JDQ4MTg4MSM1MSMkMiMkMCMkMDAkNDgxMzUxIzExIyQxIyQ3IyQ4OSQyNjEyMjIjNTEjJDEjJDIjJDgz,정안과의원,clinic,서울,강동구,"서울특별시 강동구 양재대로 1655, (명일동)",02-3427-3700,,37.5533555,127.1439505,1,19860503,1,"{""0"": [""0930"", ""1800""], ""1"": [""0930"", ""1800""], ""2"": [""0930"", ""1300""], ""3"": [""0930"", ""1800""], ""4"": [""0930"", ""1800""]}",13시00분~14시00분,,
JDQ4MTg4MSM1MSMkMiMkMCMkMDAkMzgxMTkxIzUxIyQxIyQ1IyQwMyQ0NjEwMDIjNDEjJDEjJDgjJDgz,최돈순안과의원,clinic,서울,강동구,"서울특별시 강동구 양재대로 1355, (성내동)",02-483-2125,,37.5274004,127.135632,1,19920310,1,,,,
JDQ4MTg4MSM1MSMkMiMkNCMkMDAkMzgxMzUxIzMxIyQxIyQzIyQxMyQyNjE0ODEjNDEjJDEjJDgjJDgz,케이디(KD)밝은안과의원,clinic,서울,강동구,"서울특별시 강동구 천호대로 1027, (천호동)",02-471-0117,www.kdbrighteye.com/,37.5381742,127.1263458,1,20020927,1,,,,
JDQ4MTg4MSM1MSMkMiMkOCMkMDAkMzgxOTYxIzExIyQxIyQzIyQ5MiQyNjEwMDIjNTEjJDEjJDIjJDgz,하늘빛연세안과의원,clinic,서울,강동구,"서울특별시 강동구 고덕로 385, 고덕그라시움(제4상가) 4층 410~412호 (고덕동)",02-2135-9007,,37.5573672,127.1684125,1,20230712,1,,,,
JDQ4MTg4MSM1MSMkMiMkNCMkMDAkNDgxNzAyIzIxIyQxIyQxIyQ3MiQ0NjE0ODEjNzEjJDEjJDgjJDgz,더조은안과의원,clinic,서울,강북구,"서울특별시 강북구 도봉로 334, 6층 (번동, 영광빌딩)",02-903-3377,,37.6375526,127.0255515,1,20151116,1,"{""0"": [""0930"", ""1830""], ""1"": [""0930"", ""1830""], ""2"": [""0930"", ""1300""], ""3"": [""0930"", ""1830""], ""4"": [""0930"", ""1830""], ""5"": [""0930"", ""1300""]}",12시30분~14시00분(수요일 없음),9시30분~18시20분,수유역 3번출구
JDQ4MTg4MSM1MSMkMiMkMCMkMDAkNDgxOTYxIzMxIyQxIyQzIyQ3MiQ0NjE0ODEjNDEjJDEjJDgjJDgz,미래안과의원,clinic,서울,강북구,"서울특별시 강북구 도봉로 341, (수유동)",02-990-7742,,37.6383399,127.025611,1,20000202,1,"{""0"": [""0930"", ""1800""], ""1"": [""0930"", ""1800""], ""2"": [""0930"", ""1800""], ""3"": [""0930"", ""1800""], ""4"": [""0930"", ""1800""], ""5"": [""0930"", ""1300""]}",,9시30분~18시,지하철 4호선 7번출구 정면 ( 수유역사거리 맥도날드 맞은편 )
JDQ4MTg4MSM1MSMkMiMkNCMkMDAkMzgxMzUxIzMxIyQxIyQ3IyQ5MiQzNjEwMDIjNjEjJDEjJDAjJDgz,밝은성모안과의원,clinic,서울,강북구,"서울특별시 강북구 도봉로 40, 대경빌딩 6층 (미아동)",02-984-1515,,37.6125873,127.0304487,1,20000310,1,"{""0"": [""0930"", ""1830""], ""1"": [""0930"", ""1830""], ""2"": [""0930"", ""1830""], ""3"": [""0930"", ""1830""], ""4"": [""0930"", ""1830""], ""5"": [""0900"", ""1400""]}",1:00~2:00,,
JDQ4MTg4MSM1MSMkMiMkNCMkMDAkMzgxOTYxIzIxIyQxIyQ1IyQ2MiQzNjE4MzIjNjEjJDEjJDQjJDgz,밝은연세안과의원,clinic,서울,강북구,"서울특별시 강북구 도봉로 324, 5층 (번동, 글로리타워)",02-908-1008,,37.6367983,127.0248586,1,20031126,1,,,,
JDQ4MTg4MSM1MSMkMiMkOCMkMDAkMzgxOTYxIzIxIyQxIyQ1IyQ2MiQ0NjEwMDIjNjEjJDEjJDQjJDgz,삼성봄안과의원,clinic,서울,강북구,"서울특별시 강북구 도봉로 333, 정우빌딩 3층 (수유동)",02-903-0999,,37.6378733,127.0250751,2,20240222,2,,,,
JDQ4MTg4MSM1MSMkMiMkOCMkMDAkMzgxMzUxIzIxIyQyIyQ1IyQwMCQzNjEwMDIjNDEjJDEjJDQjJDgz,서울신세계안과의원,clinic,서울,강북구,"서울특별시 강북구 도봉로 52, 연이빌딩 4,5층 (미아동)",02-1599-7397,,37.6137225,127.0305267,9,20210308,9,,,,
JDQ4MTg4MSM1MSMkMiMkMCMkMDAkNTgxMzUxIzIxIyQxIyQxIyQ4MiQyNjE4MzIjNjEjJDEjJDQjJDgz,수안과의원,clinic,서울,강북구,"서울특별시 강북구 도봉로 245, 수메디칼빌딩 지하1,지상2,3층 (미아동)",02-988-1001,,37.630305,127.0242706,7,19990303,7,"{""0"": [""0900"", ""1830""], ""1"": [""0900"", ""1830""], ""2"": [""0900"", ""1830""], ""3"": [""0900"", ""1830""], ""4"": [""0900"", ""1830""], ""5"": [""0900"", ""1300""]}",오후 1시 ~ 오후 2시,오전 9시 ~ 오후 6시,
JDQ4MTg4MSM1MSMkMiMkOCMkMDAkMzgxOTYxIzUxIyQxIyQxIyQ5MiQzNjEyMjIjNjEjJDEjJDAjJDgz,엠에스안과의원,clinic,서울,강북구,"서울특별시 강북구 삼양로 502, 8층 (수유동)",02-6941-1002,,37.6479686,127.014666,1,20241204,1,,,,
JDQ4MTg4MSM1MSMkMiMkNCMkMDAkMzgxMzUxIzIxIyQxIyQxIyQ3OSQ0NjE0ODEjNTEjJDEjJDIjJDgz,연세안과의원,clinic,서울,강북구,"서울특별시 강북구 솔샘로 233, (미아동)",02-988-1020,,37.6201527,127.0187184,1,20020404,1,"{""0"": [""0930"", ""1900""], ""1"": [""0930"", ""1900""], ""2"": [""0930"", ""1900""], ""3"": [""0930"", ""1900""], ""4"": [""0930"", ""1900""], ""5"": [""0930"", ""1530""]}",13시00분~14시00분,9시30분~19시00분,동북프라자
JDQ4MTg4MSM1MSMkMiMkMCMkMDAkNDgxNzAyIzExIyQxIyQzIyQ2MiQzNjE4MzIjNjEjJDEjJDQjJDgz,우창하안과의원,clinic,서울,강북구,"서울특별시 강북구 도봉로 363, 2층 (수유동)",02-907-8000,,37.6399413,127.0272699,1,20030321,1,,,,
JDQ4MTg4MSM1MSMkMiMkMCMkMDAkNDgxMTkxIzExIyQxIyQ3IyQ4OSQyNjE4MzIjNDEjJDEjJDgjJDgz,주한수안과의원,clinic,서울,강북구,"서울특별시 강북구 삼양로 161, (미아동, 행전빌딩)",02-987-5670,,37.6183958,127.0211389,1,19920502,1,,,,
JDQ4MTg4MSM1MSMkMiMkNCMkMDAkNDgxNzAyIzUxIyQxIyQ1IyQ4MiQzNjEwMDIjNjEjJDEjJDAjJDgz,하나안과의원,clinic,서울,강북구,"서울특별시 강북구 도봉로 34, 5층 (미아동, 트레지오빌딩)",02-980-7878,,37.6120803,127.0307347,4,20040116,4,,,,
JDQ4MTg4MSM1MSMkMiMkNCMkMDAkNTgxMzUxIzMxIyQxIyQzIyQ5OSQzNjE0ODEjNzEjJDEjJDgjJDgz,강서삼성안과의원,clinic,서울,강서구,"서울특별시 강서구 강서로 391, 문영비즈웍스 3층 301호 (마곡동)",02-3662-0031,,37.5605449,126.8384276,1,20180518,1,,,,
JDQ4MTg4MSM1MSMkMiMkMCMkMDAkNDgxMTkxIzIxIyQyIyQxIyQwMCQzNjE0ODEjNDEjJDEjJDgjJDgz,강안과의원,clinic,서울,강서구,"서울특별시 강서구 공항대로 426, 2층 2호 (화곡동, VIP오피스텔)",02-2606-8449,,37.5548273,126.8542321,2,19920720,2,"{""0"": [""0930"", ""1830""], ""1"": [""0930"", ""1830""], ""2"": [""0930"", ""1830""], ""3"": [""0930"", ""1830""], ""4"": [""0930"", ""1830""], ""5"": [""0930"", ""1300""]}",,,VIP빌딩
JDQ4MTg4MSM1MSMkMiMkMCMkMDAkNDgxNzAyIzUxIyQxIyQ1IyQ4OSQzNjEyMjIjNTEjJDEjJDIjJDgz,나창수안과의원,clinic,서울,강서구,"서울특별시 강서구 공항대로41길 76, 로얄프라자 4층 401호 (등촌동)",02-3665-1999,,37.5609685,126.846845,1,19980223,1,,,,
JDQ4MTg4MSM1MSMkMiMkNCMkMDAkNTgxOTYxIzMxIyQxIyQzIyQ5OSQ0NjEwMDIjNTEjJDEjJDYjJDgz,마곡드림빛안과의원,clinic,서울,강서구,"서울특별시 강서구 공항대로 168, 747 3층 310,311,312,313호 (마곡동)",02-6339-9088,,37.5592737,126.8261369,1,20200619,1,,,,
JDQ4MTg4MSM1MSMkMiMkNCMkMDAkNDgxNzAyIzExIyQxIyQzIyQ5OSQzNjEyMjIjNjEjJDEjJDgjJDgz,마곡성모안과의원,clinic,서울,강서구,"서울특별시 강서구 마곡중앙5로 81, 5층 501호 (마곡동, 에스비타운)",02-2666-6112,,37.567121,126.8185936,1,20150430,1,"{""0"": [""0900"", ""1800""], ""1"": [""0900"", ""1800""], ""2"": [""0900"", ""1800""], ""3"": [""0900"", ""1800""], ""4"": [""0900"", ""1800""], ""5"": [""0900"", ""1300""]}",12시30분~14시00분,9시00분~17시00분,
JDQ4MTg4MSM1MSMkMiMkNCMkMDAkMzgxOTYxIzIxIyQxIyQ1IyQxMyQyNjE0ODEjNjEjJDEjJDAjJDgz,맑은눈안과의원,clinic,서울,강서구,"서울특별시 강서구 강서로 56, 5층 (화곡동)",02-2607-6633,,37.5327709,126.8464016,1,20031224,1,"{""0"": [""0900"", ""1830""], ""1"": [""0900"", ""1830""], ""2"": [""0900"", ""1830""], ""3"": [""0900"", ""1830""], ""4"": [""0900"", ""1830""], ""5"": [""0900"", ""1300""]}",오후 1시~2시,오전9시~ 오후 5시30분 이전,메디팜 대야약국
JDQ4MTg4MSM1MSMkMiMkNCMkMDAkNDgxMzUxIzIxIyQxIyQ1IyQ5OSQyNjE4MzIjNjEjJDEjJDAjJDgz,미래아이소아청소년과안과의원,clinic,서울,강서구,"서울특별시 강서구 양천로 564, 1층 116-118호 (등촌동, 등촌두산위브센티움)",02-3663-7799,,37.5570639,126.8613201,2,20090615,1,,,,
JDQ4MTg4MSM1MSMkMiMkMCMkMDAkMzgxMTkxIzUxIyQxIyQ1IyQ5MiQyNjE4MzIjNjEjJDEjJDAjJDgz,박상춘안과의원,clinic,서울,강서구,"서울특별시 강서구 화곡로 190, (화곡동)",02-2692-8458,,37.5425437,126.8426092,1,19860624,1,"{""0"": [""0930"", ""1900""], ""1"": [""0930"", ""1900""], ""2"": [""0930"", ""1900""], ""3"": [""0930"", ""1900""], ""4"": [""0930"", ""1900""], ""5"": [""0930"", ""1600""]}",13시 ~ 14시 30분,9시 30분 ~ 19시,더와이즈 황병원
JDQ4MTg4MSM1MSMkMiMkMCMkMDAkNTgxOTYxIzMxIyQxIyQzIyQxMyQzNjEyMjIjNjEjJDEjJDgjJDgz,새빛21안과의원,clinic,서울,강서구,"서울특별시 강서구 화곡로 161, 3층 (화곡동, 대성빌딩)",02-2602-1145,,37.5418323,126.8391664,1,20010612,1,,,,
JDQ4MTg4MSM1MSMkMiMkOCMkMDAkMzgxMzUxIzIxIyQyIyQ1IyQwMCQzNjE0ODEjNDEjJDEjJDgjJDgz,서울리더스안과의원,clinic,서울,강서구,"서울특별시 강서구 화곡로 157, Roi빌딩 2층 203,204호 (화곡동)",02-2690-1007,,37.5415721,126.8391247,4,20220209,4,,,,
JDQ4MTg4MSM1MSMkMiMkMCMkMDAkNDgxOTYxIzIxIyQxIyQ1IyQ2MiQyNjEwMDIjNjEjJDEjJDAjJDgz,신안과의원,clinic,서울,강서구,"서울특별시 강서구 가로공원로76길 91, (화곡동)",02-2604-2548,http://,37.5332224,126.838986,1,19900430,1,"{""0"": [""0930"", ""0600""], ""1"": [""0930"", ""0600""], ""2"": [""0930"", ""0600""], ""3"": [""0930"", ""0600""], ""4"": [""0930"", ""0600""], ""5"": [""0900"", ""1300""]}",13:00~14:00,9:30~17:40,신안과의원
JDQ4MTg4MSM1MSMkMiMkNCMkMDAkMzgxMzUxIzIxIyQxIyQxIyQ5MiQyNjE0ODEjODEjJDEjJDIjJDgz,안혁안과의원,clinic,서울,강서구,"서울특별시 강서구 화곡로 162, (화곡동)",02-2603-6364,,37.5411468,126.8396742,1,19780824,1,,,,
JDQ4MTg4MSM1MSMkMiMkNCMkMDAkMzgxOTYxIzIxIyQxIyQ5IyQ2MiQyNjEyMjIjNDEjJDEjJDgjJDgz,연세김안과의원,clinic,서울,강서구,"서울특별시 강서구 양천로57길 13, 7층 (가양동, 씨드가양플라자)",02-3665-8228,,37.5636025,126.8520407,1,20040209,1,,,,
JDQ4MTg4MSM1MSMkMiMkNCMkMDAkMzgxNzAyIzMxIyQxIyQ3IyQ4MiQzNjE0ODEjNjEjJDEjJDQjJDgz,연세민안과의원,clinic,서울,강서구,"서울특별시 강서구 강서로 43-17, 402호 (화곡동)",02-2065-3366,https://mineye.modoo.at,37.5311061,126.8466933,1,20100309,1,"{""0"": [""1000"", ""1700""], ""1"": [""1000"", ""1700""], ""2"": [""1300"", ""1700""], ""3"": [""1000"", ""1700""], ""4"": [""1000"", ""1700""], ""5"": [""1000"", ""1300""]}",13시00분~14시00분,10시00분~16시30분,곰달래 문화복지센터
JDQ4MTg4MSM1MSMkMiMkOCMkMDAkMzgxOTYxIzIxIyQxIyQxIyQ4MiQyNjE0ODEjNDEjJDEjJDQjJDgz,연세솔안과의원,clinic,서울,강서구,"서울특별시 강서구 화곡로68길 3, 6층 (등촌동)",02-3663-0345,,37.5595837,126.8547379,3,20231212,3,"{""0"": [""0900"", ""2000""], ""1"": [""0900"", ""1800""], ""2"": [""0900"", ""1800""], ""3"": [""0900"", ""1800""], ""4"": [""0900"", ""2000""], ""5"": [""0900"", ""1500""]}",13시00분~14시00분,,
JDQ4MTg4MSM1MSMkMiMkNCMkMDAkNDgxNzAyIzIxIyQxIyQ5IyQwMyQzNjEwMDIjNzEjJDEjJDgjJDgz,유망안과의원,clinic,서울,강서구,"서울특별시 강서구 공항대로 543, 2층 207~11호 (염창동, 센터스퀘어)",02-2039-8275,,37.5507389,126.8664122,3,20160307,3,,,,
JDQ4MTg4MSM1MSMkMiMkOCMkMDAkMzgxMzUxIzMxIyQxIyQ3IyQ3MiQyNjE0ODEjNTEjJDEjJDIjJDgz,잘보는성모안과의원,clinic,서울,강서구,"서울특별시 강서구 강서로 242, 3,4층 301,401,402,403호 (화곡동, 강서힐스테이트)",02-2693-3999,,37.5473848,126.8367634,5,20150414,5,"{""0"": [""0900"", ""1800""], ""1"": [""0900"", ""1800""], ""2"": [""0930"", ""2000""], ""3"": [""0900"", ""1800""], ""4"": [""0900"", ""1800""], ""5"": [""0900"", ""1500""]}",13시00분~14시00분,09시00분~17시30분(수요일09시30분~19시30분),우장산동 주민센터
JDQ4MTg4MSM1MSMkMiMkOCMkMDAkMzgxMTkxIzMxIyQxIyQ3IyQ5MiQyNjE4MzIjNTEjJDEjJDIjJDgz,전루민안과의원,clinic,서울,강서구,"서울특별시 강서구 강서로 385, 우성에스비타워 201,202호 (마곡동)",,,37.5601067,126.838266,1,20260326,1,,,,
JDQ4MTg4MSM1MSMkMiMkNCMkMDAkMzgxOTYxIzIxIyQxIyQ1IyQxMyQzNjE0ODEjNzEjJDEjJDgjJDgz,정안과의원,clinic,서울,강서구,"서울특별시 강서구 양천로 461, 주영빌딩 3층 302호 (가양동)",02-3662-0062,,37.5630495,126.8522408,1,20190207,1,,,,
JDQ4MTg4MSM1MSMkMiMkMCMkMDAkMzgxNzAyIzIxIyQxIyQ5IyQxMyQzNjE0ODEjNDEjJDEjJDgjJDgz,조안과의원,clinic,서울,강서구,"서울특별시 강서구 공항대로 23, 3층 (공항동)",02-2664-8337,,37.5617302,126.8098303,1,19840317,1,,,,
JDQ4MTg4MSM1MSMkMiMkNCMkMDAkNDgxMzUxIzExIyQxIyQ3IyQ3MiQzNjEwMDIjNDEjJDEjJDQjJDgz,조은안과의원,clinic,서울,강서구,"서울특별시 강서구 강서로 259, 402호 (내발산동)",02-2693-1110,,37.5488837,126.835984,1,20090218,1,,,,
JDQ4MTg4MSM1MSMkMiMkNCMkMDAkMzgxNzAyIzExIyQxIyQzIyQ3MiQyNjEwMDIjNjEjJDEjJDQjJDgz,준안과의원,clinic,서울,강서구,"서울특별시 강서구 양천로 73, (방화동)",02-2664-2088,,37.5737353,126.8118189,1,20070112,1,,,,
JDQ4MTg4MSM1MSMkMiMkOCMkMDAkMzgxMzUxIzIxIyQxIyQxIyQ5OSQzNjE4MzIjNTEjJDEjJDIjJDgz,큰빛안과의원,clinic,서울,강서구,"서울특별시 강서구 수명로 82, 발산로얄타워 4층 401호 (내발산동)",02-2665-7646,,37.553487,126.8264536,1,20211122,1,,,,
JDQ4MTg4MSM1MSMkMiMkNCMkMDAkNDgxNzAyIzIxIyQxIyQ5IyQ5MiQ0NjE0ODEjNjEjJDEjJDAjJDgz,홍사민연세안과의원,clinic,서울,강서구,"서울특별시 강서구 강서로 242, 3층 319,320,321호 (화곡동, 강서힐스테이트)",02-2607-7000,,37.5473848,126.8367634,1,20160229,1,,,,
JDQ4MTg4MSM1MSMkMiMkNCMkMDAkNDgxMTkxIzExIyQxIyQ3IyQ4MiQzNjEyMjIjNjEjJDEjJDgjJDgz,365밝은안과의원,clinic,서울,관악구,"서울특별시 관악구 신림로 350, 3층 302호 (신림동, 서원프라자,태영아파트)",02-878-3650,http://www.365goodeye.com,37.4854726,126.9299316,6,20130418,6,"{""0"": [""0930"", ""1900""], ""1"": [""0930"", ""2000""], ""2"": [""0930"", ""1900""], ""3"": [""0930"", ""1900""], ""4"": [""0930"", ""2000""], ""5"": [""0930"", ""1500""]}",1:00 ~ 2:00,9:30,신림역
JDQ4MTg4MSM1MSMkMiMkMCMkMDAkNTgxOTYxIzUxIyQxIyQxIyQ3OSQzNjE0ODEjNTEjJDEjJDYjJDgz,강남밝은빛안과의원,clinic,서울,관악구,"서울특별시 관악구 관악로 186, 301호 (봉천동)",02-875-7711,,37.4815331,126.9534186,1,20020408,1,,,,
JDQ4MTg4MSM1MSMkMiMkNCMkMDAkNDgxNzAyIzIxIyQxIyQ5IyQ3MiQ0NjE0ODEjNDEjJDEjJDQjJDgz,봉천서울안과의원,clinic,서울,관악구,"서울특별시 관악구 남부순환로 1734, 5층 (봉천동, 주원빌딩)",02-871-8781,,37.4819927,126.9427856,1,20160215,1,,,,
JDQ4MTg4MSM1MSMkMiMkOCMkMDAkMzgxMzUxIzIxIyQxIyQxIyQxMyQyNjE4MzIjNDEjJDEjJDgjJDgz,빛의안과의원,clinic,서울,관악구,"서울특별시 관악구 남부순환로 2056, 태림빌딩 (남현동)",02-598-1012,,37.4763242,126.9772094,1,20220114,1,,,,
JDQ4MTg4MSM1MSMkMiMkOCMkMDAkMzgxMzUxIzMxIyQxIyQzIyQxMyQyNjE0ODEjNjEjJDEjJDQjJDgz,삼성수안과의원,clinic,서울,관악구,"서울특별시 관악구 남부순환로 1934, 낙성대빌딩 201호 (봉천동)",02-887-7500,,37.4766427,126.9637515,1,20220628,1,,,,
JDQ4MTg4MSM1MSMkMiMkNCMkMDAkNDgxMzUxIzUxIyQyIyQxIyQwMCQyNjE0ODEjODEjJDEjJDYjJDgz,서전성모안과의원,clinic,서울,관악구,"서울특별시 관악구 은천로 110, 202호 (봉천동, 더블유에스타워)",02-875-7572,http://www.vseye.co.kr,37.4866708,126.9473969,1,20100511,1,"{""0"": [""0900"", ""1800""], ""1"": [""0900"", ""1800""], ""2"": [""0900"", ""1800""], ""3"": [""0900"", ""1800""], ""4"": [""0900"", ""1800""], ""5"": [""0900"", ""1300""]}",13시00분~14:00분,,봉천동 현대시장 사거리 WS 타원2층
JDQ4MTg4MSM1MSMkMiMkMCMkMDAkNTgxMzUxIzExIyQxIyQ3IyQxMyQzNjEyMjIjNjEjJDEjJDQjJDgz,성모안과의원,clinic,서울,관악구,"서울특별시 관악구 봉천로 488, 3층 (봉천동, 서호빌딩)",02-888-8777,,37.4814864,126.9539222,1,19981223,1,,,,
JDQ4MTg4MSM1MSMkMiMkNCMkMDAkNTgxMzUxIzQxIyQxIyQ3IyQ3MiQ0NjE0ODEjNjEjJDEjJDAjJDgz,에스앤유(SNU)청안과의원,clinic,서울,관악구,"서울특별시 관악구 관악로 195, 201~217호 (봉천동, 관악위버폴리스)",02-587-7777,,37.4828207,126.9531143,6,20181114,6,,,,
JDQ4MTg4MSM1MSMkMiMkNCMkMDAkMzgxMzUxIzUxIyQxIyQ1IyQ3MiQ0NjEwMDIjNDEjJDEjJDgjJDgz,연세안과의원,clinic,서울,관악구,"서울특별시 관악구 관악로 203, 8층 (봉천동)",02-886-3800,,37.4833078,126.9537917,1,20030408,1,,,,
JDQ4MTg4MSM1MSMkMiMkMCMkMDAkNDgxNzAyIzExIyQxIyQzIyQ2MiQ0NjE0ODEjNTEjJDEjJDYjJDgz,연세이안과의원,clinic,서울,관악구,"서울특별시 관악구 난곡로 198, 2층 (신림동)",02-862-4914,,37.4728341,126.9192716,1,19950303,1,,,,
JDQ4MTg4MSM1MSMkMiMkNCMkMDAkMzgxMTkxIzMxIyQxIyQ3IyQ5OSQyNjE4MzIjNTEjJDEjJDIjJDgz,열린안과의원,clinic,서울,관악구,"서울특별시 관악구 난곡로 226, 2층 (신림동)",02-856-7300,,37.4745244,126.9172827,1,20060407,1,"{""0"": [""0930"", ""1800""], ""1"": [""0930"", ""1800""], ""2"": [""0930"", ""1800""], ""3"": [""0930"", ""1800""], ""4"": [""0930"", ""1800""], ""5"": [""0930"", ""1400""]}",13시00분-14시00분,09시30분-18시00분,세이브마트옆
JDQ4MTg4MSM1MSMkMiMkNCMkMDAkNDgxMzUxIzExIyQxIyQzIyQ2MiQzNjEyMjIjNjEjJDEjJDAjJDgz,우리안과의원,clinic,서울,관악구,"서울특별시 관악구 남부순환로 2060, 3층 (남현동)",02-588-4822,,37.4763843,126.9775264,1,20081125,1,,01시00분~02시00분,09시30분~18시,
JDQ4MTg4MSM1MSMkMiMkMCMkMDAkMzgxNzAyIzExIyQxIyQ3IyQ5OSQyNjEwMDIjNjEjJDEjJDgjJDgz,유안과의원,clinic,서울,관악구,"서울특별시 관악구 봉천로 520, (봉천동)",02-882-8411,,37.4794715,126.9557221,1,19950412,1,,,,
JDQ4MTg4MSM1MSMkMiMkOCMkMDAkMzgxOTYxIzIxIyQxIyQ5IyQ5MiQyNjE0ODEjNDEjJDEjJDQjJDgz,제일안과의원,clinic,서울,관악구,"서울특별시 관악구 난우길 10, 3층 (신림동)",02-867-1176,http://jeileyes.co.kr,37.4740174,126.9188883,1,20221207,1,,,,
JDQ4MTg4MSM1MSMkMiMkNCMkMDAkNDgxNzAyIzIxIyQxIyQ5IyQ4MiQzNjEwMDIjNTEjJDEjJDIjJDgz,광진성모안과의원,clinic,서울,광진구,"서울특별시 광진구 광나루로 614, 4층 (구의동, 만택빌딩)",02-456-2452,,37.5407975,127.0958444,2,20160217,2,,,,
JDQ4MTg4MSM1MSMkMiMkMCMkMDAkNTgxOTYxIzUxIyQxIyQxIyQxMyQ0NjE0ODEjNDEjJDEjJDgjJDgz,김영관내과안과의원,clinic,서울,광진구,"서울특별시 광진구 아차산로 506, 은석 3층 (광장동)",455-5574,http://kykmedical.co.kr,37.54149,127.0977256,3,20011206,1,,,,
JDQ4MTg4MSM1MSMkMiMkMCMkMDAkNDgxMTkxIzIxIyQxIyQ1IyQ5MiQzNjEwMDIjNjEjJDEjJDAjJDgz,김정호안과의원,clinic,서울,광진구,"서울특별시 광진구 광나루로 602, 503호 (구의동)",02-2201-0706,,37.5418029,127.09472,1,20020311,1,,,,
JDQ4MTg4MSM1MSMkMiMkMCMkMDAkMzgxNzAyIzQxIyQxIyQ3IyQ4MiQyNjEwMDIjNTEjJDEjJDYjJDgz,남안과의원,clinic,서울,광진구,"서울특별시 광진구 천호대로 548, 3층 (군자동, 중앙빌딩)",02-467-0659,,37.5568276,127.0790015,1,19850219,1,"{""0"": [""0900"", ""1800""], ""1"": [""0900"", ""1800""], ""2"": [""0900"", ""1800""], ""3"": [""0900"", ""1300""], ""4"": [""0900"", ""1800""], ""5"": [""0900"", ""1300""]}","월, 화, 수, 금 - 12:30~13:30 / 목 - 점심시간 없이 13시까지","월, 화, 수, 금 - 09:00~18:00 / 목 - 09:00~13:00",우리은행(군자역 지점)건물 3층
JDQ4MTg4MSM1MSMkMiMkNCMkMDAkNDgxMTkxIzIxIyQxIyQxIyQwMyQzNjEyMjIjNzEjJDEjJDgjJDgz,눈애안과의원,clinic,서울,광진구,"서울특별시 광진구 아차산로 241, 5층 501호 (화양동, 연한빌딩)",02-6463-6288,,37.5405171,127.0701725,1,20130805,1,,,,
JDQ4MTg4MSM1MSMkMiMkMCMkMDAkNDgxNzAyIzExIyQyIyQ3IyQwMCQyNjEyMjIjNTEjJDEjJDYjJDgz,민안과의원,clinic,서울,광진구,"서울특별시 광진구 광나루로56길 63, 3층 (구의동)",02-2201-0087,,37.5367888,127.0961608,1,20040202,1,,,,
JDQ4MTg4MSM1MSMkMiMkNCMkMDAkMzgxMzUxIzUxIyQxIyQxIyQ5OSQyNjEyMjIjNjEjJDEjJDgjJDgz,밝은미래안과의원,clinic,서울,광진구,"서울특별시 광진구 용마산로 4, 3층 (중곡동)",02-455-5300,,37.5540489,127.0887607,1,20040703,1,,,,
JDQ4MTg4MSM1MSMkMiMkMCMkMDAkNDgxMzUxIzMxIyQxIyQ3IyQ3OSQzNjE0ODEjNTEjJDEjJDYjJDgz,백안과의원,clinic,서울,광진구,"서울특별시 광진구 뚝섬로 498, 서울클리닉빌딩 (자양동)",02-462-6514,,37.5358992,127.0654091,1,19880108,1,,,,
JDQ4MTg4MSM1MSMkMiMkOCMkMDAkMzgxMzUxIzUxIyQxIyQ1IyQ4OSQyNjEyMjIjODEjJDEjJDYjJDgz,서울바른안과의원,clinic,서울,광진구,"서울특별시 광진구 천호대로 556, 5층 (능동)",02-6217-7500,,37.5567354,127.0797133,1,20230302,1,,,,
JDQ4MTg4MSM1MSMkMiMkOCMkMDAkMzgxOTYxIzExIyQxIyQ3IyQ2MiQzNjEwMDIjNDEjJDEjJDQjJDgz,서울삼성안과의원,clinic,서울,광진구,"서울특별시 광진구 천호대로 670, 썬-타워빌딩 지하1층, 1층 (구의동)",02-2201-2020,,37.5510895,127.0896115,4,20230906,4,,,,
JDQ4MTg4MSM1MSMkMiMkOCMkMDAkMzgxMTkxIzMxIyQxIyQzIyQ4OSQyNjEyMjIjNjEjJDEjJDAjJDgz,아산아이톡안과의원,clinic,서울,광진구,"서울특별시 광진구 아차산로 402, NC이스트폴 지하2층 12호 (자양동)",02-455-0506,http://eye-talk.kr,37.5365957,127.0878481,1,20251217,1,,,,
JDQ4MTg4MSM1MSMkMiMkNCMkMDAkMzgxNzAyIzUxIyQxIyQxIyQ4MiQyNjEyMjIjNDEjJDEjJDgjJDgz,연세안과의원,clinic,서울,광진구,"서울특별시 광진구 용마산로 57, 201호 (중곡동)",02-455-5082,www.yseyeclinic.co.kr/,37.5587489,127.0875641,1,20080605,1,,,,
JDQ4MTg4MSM1MSMkMiMkNCMkMDAkMzgxMTkxIzExIyQxIyQzIyQ5MiQ0NjEwMDIjNDEjJDEjJDQjJDgz,연세안안과의원,clinic,서울,광진구,"서울특별시 광진구 자양로 95, 8층 (자양동, 도광빌딩)",02-446-6675,,37.5362295,127.0832168,1,20050419,1,"{""0"": [""0930"", ""1800""], ""1"": [""0930"", ""1800""], ""2"": [""0930"", ""1800""], ""3"": [""0930"", ""1300""], ""4"": [""0930"", ""1800""], ""5"": [""0930"", ""1300""]}",,,구의역 4번 출구
JDQ4MTg4MSM1MSMkMiMkMCMkMDAkNDgxOTYxIzQxIyQxIyQ3IyQ4OSQzNjE0ODEjNTEjJDEjJDIjJDgz,정안과의원,clinic,서울,광진구,"서울특별시 광진구 광나루로 355, 2층 (군자동)",02-461-2660,,37.5483828,127.0693575,1,19910427,1,,,,
JDQ4MTg4MSM1MSMkMiMkMCMkMDAkMzgxNzAyIzQxIyQxIyQ3IyQ3MiQyNjEwMDIjNjEjJDEjJDgjJDgz,채규원안과의원,clinic,서울,광진구,"서울특별시 광진구 자양로 113, 4층 401호 (자양동, 구의 현대 하이엘)",02-452-1001,,37.5378939,127.0829911,1,19850222,1,,,,
JDQ4MTg4MSM1MSMkMiMkNCMkMDAkMzgxNzAyIzQxIyQxIyQ3IyQ2MiQyNjEwMDIjNTEjJDEjJDIjJDgz,푸른세상안과의원,clinic,서울,광진구,"서울특별시 광진구 능동로 103, 302호 (화양동, 동서빌딩)",02-469-2020,,37.5403396,127.0705131,1,20050829,1,"{""0"": [""0930"", ""1830""], ""1"": [""0930"", ""1830""], ""2"": [""0930"", ""1930""], ""3"": [""0930"", ""1830""], ""4"": [""0930"", ""1830""], ""5"": [""0930"", ""1300""]}",,,
JDQ4MTg4MSM1MSMkMiMkNCMkMDAkNDgxNzAyIzIxIyQxIyQxIyQ3OSQzNjE0ODEjODEjJDEjJDIjJDgz,한마음안과의원,clinic,서울,광진구,"서울특별시 광진구 면목로 128, 3층 (중곡동)",02-461-7606,,37.5648017,127.08093,1,20150922,1,,,,
JDQ4MTg4MSM1MSMkMiMkNCMkMDAkMzgxOTYxIzUxIyQxIyQ1IyQwMyQzNjEyMjIjNjEjJDEjJDAjJDgz,구로밝은빛안과의원,clinic,서울,구로구,"서울특별시 구로구 구로동로26길 37, 4층 (구로동)",02-851-7677,,37.4902711,126.8862271,1,20050225,1,,,,
JDQ4MTg4MSM1MSMkMiMkMCMkMDAkNTgxMzUxIzUxIyQxIyQ1IyQ2MiQzNjE0ODEjNTEjJDEjJDYjJDgz,김&홍안과의원,clinic,서울,구로구,"서울특별시 구로구 구로중앙로 68, (구로동, 신안타워)",02-838-5234,,37.4958015,126.8887946,1,20000512,1,,,,
JDQ4MTg4MSM1MSMkMiMkOCMkMDAkMzgxOTYxIzExIyQyIyQzIyQwMCQyNjE0ODEjNjEjJDEjJDQjJDgz,눈에힘안과의원,clinic,서울,구로구,"서울특별시 구로구 시흥대로 551, 광희빌딩 5층 (구로동)",02-2039-9322,,37.4825903,126.9005698,1,20230530,1,,,,
JDQ4MTg4MSM1MSMkMiMkNCMkMDAkMzgxOTYxIzQxIyQxIyQ3IyQ4MiQzNjEyMjIjNzEjJDEjJDgjJDgz,밝은이안과의원,clinic,서울,구로구,"서울특별시 구로구 경인로 193, 상임빌딩 4층 (오류동)",02-2615-0075,,37.4957903,126.8425929,1,20040901,1,"{""0"": [""0930"", ""0630""], ""1"": [""0930"", ""0630""], ""2"": [""0930"", ""0630""], ""3"": [""0930"", ""0630""], ""4"": [""0930"", ""0630""], ""5"": [""0930"", ""1300""]}",13시00분~14시00분,,"리안헤어, 정금당 건물 4층"
JDQ4MTg4MSM1MSMkMiMkNCMkMDAkNDgxMzUxIzUxIyQxIyQxIyQ5OSQzNjEyMjIjNDEjJDEjJDgjJDgz,삼성드림안과의원,clinic,서울,구로구,"서울특별시 구로구 새말로 89, 302호 (구로동)",02-855-8301,http://www.dreameye.co.kr,37.5056084,126.8898406,1,20100519,1,,,,
JDQ4MTg4MSM1MSMkMiMkNCMkMDAkMzgxNzAyIzIxIyQxIyQ5IyQxMyQzNjE4MzIjODEjJDEjJDYjJDgz,삼성밝은안과의원,clinic,서울,구로구,"서울특별시 구로구 도림로 69, (구로동)",02-859-0075,,37.4896469,126.8910646,1,20071025,1,,,,
JDQ4MTg4MSM1MSMkMiMkOCMkMDAkMzgxMzUxIzIxIyQxIyQ1IyQxMyQzNjEyMjIjNDEjJDEjJDgjJDgz,서울눈에빛안과의원,clinic,서울,구로구,"서울특별시 구로구 경인로 661, 신도림1차푸르지오 104동 401호 (신도림동)",02-6956-0880,,37.5100374,126.8883336,3,20220310,2,,,,
JDQ4MTg4MSM1MSMkMiMkOCMkMDAkMzgxMTkxIzExIyQxIyQ3IyQ2MiQyNjE0ODEjNjEjJDEjJDAjJDgz,서울삼성안과의원,clinic,서울,구로구,"서울특별시 구로구 경인로 204, 8층 (오류동)",02-2138-2299,,37.4956809,126.8438931,1,20150429,1,,,,
JDQ4MTg4MSM1MSMkMiMkMCMkMDAkNTgxMzUxIzQxIyQxIyQ3IyQ4OSQzNjEwMDIjNzEjJDEjJDgjJDgz,서울안과의원,clinic,서울,구로구,"서울특별시 구로구 남부순환로97길 3, KS프리미어빌딩 702호 (개봉동)",02-2689-3353,,37.4940221,126.8582496,1,20130513,1,,,,
JDQ4MTg4MSM1MSMkMiMkNCMkMDAkNDgxOTYxIzUxIyQxIyQ1IyQ5OSQzNjE0ODEjNjEjJDEjJDgjJDgz,서울연세안과의원,clinic,서울,구로구,"서울특별시 구로구 디지털로32길 79, 조영빌딩 7층 (구로동)",02-862-0055,www.lasik75.com/,37.4835336,126.8997792,3,20050428,3,,,,
JDQ4MTg4MSM1MSMkMiMkNCMkMDAkMzgxOTYxIzQxIyQxIyQ3IyQ2MiQzNjEyMjIjNTEjJDEjJDIjJDgz,연세안과의원,clinic,서울,구로구,"서울특별시 구로구 고척로 142-1, (고척동)",02-2684-5119,,37.5026542,126.849844,1,20040820,1,,,,
JDQ4MTg4MSM1MSMkMiMkMCMkMDAkMzgxNzAyIzUxIyQxIyQ1IyQ4OSQyNjEwMDIjNDEjJDEjJDQjJDgz,이기현안과의원,clinic,서울,구로구,"서울특별시 구로구 경인로 319, 대림프라자 (개봉동)",02-2612-0110,,37.4976102,126.8556191,1,19850803,1,,,,
JDQ4MTg4MSM1MSMkMiMkNCMkMDAkNDgxNzAyIzIxIyQxIyQxIyQ2MiQ0NjE0ODEjNDEjJDEjJDQjJDgz,이안과의원,clinic,서울,구로구,"서울특별시 구로구 구로중앙로 217, 지하1층, 5~8층 (구로동)",02-6382-7007,,37.5049627,126.8766224,6,20230428,6,,,,
JDQ4MTg4MSM1MSMkMiMkMCMkMDAkNTgxOTYxIzIxIyQxIyQxIyQ4OSQ0NjE0ODEjNjEjJDEjJDQjJDgz,전안과의원,clinic,서울,구로구,"서울특별시 구로구 경인로 643, 205동 201호 (신도림동, 신도림2차동아아파트)",02-2632-9723,,37.5090558,126.885815,1,20010102,1,,,,
JDQ4MTg4MSM1MSMkMiMkMCMkMDAkNDgxMTkxIzMxIyQxIyQzIyQwMyQyNjEwMDIjNDEjJDEjJDgjJDgz,정안과의원,clinic,서울,구로구,"서울특별시 구로구 경인로 572, 스타팰리스 411,412호 (구로동)",02-859-3666,,37.5033033,126.8811111,3,19931020,3,,,,
JDQ4MTg4MSM1MSMkMiMkNCMkMDAkNDgxNzAyIzIxIyQxIyQ5IyQ3OSQ0NjE0ODEjNTEjJDEjJDYjJDgz,조은성모안과의원,clinic,서울,구로구,"서울특별시 구로구 중앙로 60, 강산메디칼프라자 201,202호 (고척동)",02-6475-1000,,37.5031158,126.862572,1,20160120,1,,,,
JDQ4MTg4MSM1MSMkMiMkMCMkMDAkMzgxNzAyIzQxIyQxIyQ3IyQ4MiQzNjE4MzIjNTEjJDEjJDIjJDgz,최안과의원,clinic,서울,구로구,"서울특별시 구로구 경인로 211-1, (오류동)",02-2686-1455,,37.4965396,126.8443621,1,19860111,1,"{""0"": [""0930"", ""1830""], ""1"": [""0930"", ""1830""], ""2"": [""0930"", ""1830""], ""3"": [""0930"", ""1830""], ""4"": [""0930"", ""1830""]}",오후 1시-오후2시,오전9시30분~18시30분,"오류시장,중소기업은행옆건물"
JDQ4MTg4MSM1MSMkMiMkOCMkMDAkMzgxMzUxIzMxIyQxIyQzIyQ4OSQzNjEwMDIjODEjJDEjJDIjJDgz,타임안과의원,clinic,서울,구로구,"서울특별시 구로구 경인로 387, 5층 (고척동)",02-6342-8000,,37.4970869,126.8631425,3,20220510,3,,,,
JDQ4MTg4MSM1MSMkMiMkMCMkMDAkNDgxNzAyIzIxIyQyIyQxIyQwMCQ0NjEwMDIjNzEjJDEjJDgjJDgz,한의수안과의원,clinic,서울,구로구,"서울특별시 구로구 개봉로 23, (개봉동, 고려크리닉센터)",02-2613-8702,,37.4877768,126.8560445,1,19950102,1,"{""0"": [""0930"", ""1800""], ""1"": [""0930"", ""1800""], ""2"": [""1415"", ""1800""], ""3"": [""0930"", ""1800""], ""4"": [""0930"", ""1800""], ""5"": [""0930"", ""1300""]}",13시00분~14시15분,09시30분~17시50분,
JDQ4MTg4MSM1MSMkMiMkNCMkMDAkNDgxOTYxIzUxIyQxIyQxIyQwMyQyNjEyMjIjNzEjJDEjJDgjJDgz,가산안과의원,clinic,서울,금천구,"서울특별시 금천구 가산디지털1로 168, 우림라이온스밸리 A동 1층 110호 (가산동)",862-0098,,37.4799665,126.8826362,1,20120830,1,,,,
JDQ4MTg4MSM1MSMkMiMkNCMkMDAkNDgxMzUxIzMxIyQxIyQzIyQ3MiQyNjEwMDIjNTEjJDEjJDIjJDgz,굿아이금천이안과의원,clinic,서울,금천구,"서울특별시 금천구 시흥대로 214, 501호 (시흥동, 비즈메드)",02-805-2700,http://www.goodeye.kr,37.4530528,126.9016824,1,20091216,1,,,,
JDQ4MTg4MSM1MSMkMiMkMCMkMDAkNDgxOTYxIzMxIyQxIyQ3IyQ5OSQzNjEyMjIjNDEjJDEjJDQjJDgz,김안과의원,clinic,서울,금천구,"서울특별시 금천구 시흥대로 224, 금천리메인시티 503,504,505,508호 (시흥동)",02-893-4796,,37.4539296,126.9013002,3,19910228,3,"{""0"": [""0900"", ""1800""], ""1"": [""0900"", ""1800""], ""2"": [""0900"", ""1800""], ""3"": [""0900"", ""1800""], ""4"": [""0900"", ""1800""], ""5"": [""0900"", ""1300""]}",13시00분 ~14시 00분,,시흥대로 224 리메인시티
JDQ4MTg4MSM1MSMkMiMkNCMkMDAkNDgxNzAyIzExIyQxIyQzIyQ2MiQyNjE0ODEjNDEjJDEjJDgjJDgz,모세안과의원,clinic,서울,금천구,"서울특별시 금천구 시흥대로 403, 8층 (독산동)",02-859-8338,,37.4698141,126.8974927,0,20150316,0,,,,
JDQ4MTg4MSM1MSMkMiMkNCMkMDAkMzgxMTkxIzIxIyQxIyQ5IyQxMyQyNjEwMDIjNjEjJDEjJDAjJDgz,서울안과의원,clinic,서울,금천구,"서울특별시 금천구 시흥대로 399, 416호 (독산동, 시티렉스)",02-3286-1400,,37.4693592,126.8970019,1,20060201,1,,,,
JDQ4MTg4MSM1MSMkMiMkNCMkMDAkMzgxMTkxIzIxIyQxIyQ5IyQwMyQyNjEyMjIjNjEjJDEjJDQjJDgz,센트럴안과의원,clinic,서울,금천구,"서울특별시 금천구 시흥대로 211, (시흥동, 삼성빌딩)",02-896-6985,,37.4527079,126.9008813,1,20020902,1,"{""0"": [""0930"", ""1700""], ""1"": [""0930"", ""1700""], ""2"": [""0930"", ""1700""], ""3"": [""0930"", ""1700""], ""4"": [""0930"", ""1700""], ""5"": [""0930"", ""1300""]}",12:50~14:00,9시 30분 - 17시 00분,시흥사거리 홈플러스 옆
JDQ4MTg4MSM1MSMkMiMkNCMkMDAkNDgxOTYxIzUxIyQxIyQxIyQ4MiQyNjE4MzIjNDEjJDEjJDgjJDgz,연세안과의원,clinic,서울,금천구,"서울특별시 금천구 금하로 762, 2,3층 (시흥동)",02-809-8871,,37.4499027,126.9143326,1,20120814,1,,,,
JDQ4MTg4MSM1MSMkMiMkNCMkMDAkNDgxNzAyIzIxIyQxIyQ5IyQxMyQzNjE4MzIjNDEjJDEjJDgjJDgz,연세푸른안과의원,clinic,서울,금천구,"서울특별시 금천구 독산로 136, 401,402호 (시흥동)",02-809-7172,,37.4595132,126.9052382,1,20160307,1,,,,
JDQ4MTg4MSM1MSMkMiMkMCMkMDAkNDgxMzUxIzIxIyQxIyQxIyQwMyQyNjE0ODEjNTEjJDEjJDYjJDgz,임안과의원,clinic,서울,금천구,"서울특별시 금천구 시흥대로 232, (시흥동)",02-803-8402,,37.4546061,126.9009558,1,19851010,1,,,,
JDQ4MTg4MSM1MSMkMiMkNCMkMDAkMzgxMzUxIzExIyQxIyQzIyQ3OSQzNjEyMjIjNTEjJDEjJDYjJDgz,SNU하안과의원,clinic,서울,노원구,"서울특별시 노원구 화랑로 337, 4층 (월계동)",02-917-1175,,37.6152426,127.0651817,1,20020119,1,,,,
JDQ4MTg4MSM1MSMkMiMkMCMkMDAkNDgxMzUxIzMxIyQxIyQ3IyQ3OSQzNjE4MzIjODEjJDEjJDIjJDgz,김안과의원,clinic,서울,노원구,"서울특별시 노원구 상계로 55, 302호 (상계동)",02-939-1808,,37.6560588,127.0611963,1,19880204,1,"{""0"": [""0930"", ""1800""], ""1"": [""0930"", ""1800""], ""2"": [""0930"", ""1800""], ""3"": [""0930"", ""1800""], ""4"": [""0930"", ""1800""], ""5"": [""0930"", ""1400""]}",13시00분~14시00분,09시30분~18시00분,
JDQ4MTg4MSM1MSMkMiMkMCMkMDAkNTgxMzUxIzExIyQxIyQ3IyQ5MiQyNjEyMjIjODEjJDEjJDIjJDgz,노원빛사랑안과의원,clinic,서울,노원구,"서울특별시 노원구 노해로 492, 6층 (상계동, 프린스빌딩)",02-952-4200,,37.6544635,127.0626968,3,19981202,3,,,,
JDQ4MTg4MSM1MSMkMiMkNCMkMDAkMzgxMzUxIzExIyQxIyQzIyQ5MiQzNjE0ODEjODEjJDEjJDIjJDgz,노원성모안과의원,clinic,서울,노원구,"서울특별시 노원구 동일로 1101, 6층 (공릉동, 하니빌딩)",02-972-4235,,37.6282565,127.0710198,1,20040218,1,,,,
JDQ4MTg4MSM1MSMkMiMkNCMkMDAkMzgxNzAyIzUxIyQxIyQ1IyQ3OSQzNjE0ODEjNDEjJDEjJDgjJDgz,눈에빛안과의원,clinic,서울,노원구,"서울특별시 노원구 노해로 488, 2층 (상계동, 근호빌딩)",02-931-9933,,37.6543238,127.0621841,1,20080722,1,,,,
JDQ4MTg4MSM1MSMkMiMkNCMkMDAkNTgxMzUxIzIxIyQxIyQ1IyQ5OSQyNjEwMDIjNDEjJDEjJDQjJDgz,밝은미래안과의원,clinic,서울,노원구,"서울특별시 노원구 동일로 1548, 4층,6층 (상계동, 세일빌딩)",02-939-3075,,37.6666795,127.0576424,1,20040228,1,,,,
JDQ4MTg4MSM1MSMkMiMkNCMkMDAkNDgxMTkxIzExIyQxIyQ3IyQ4OSQzNjE4MzIjODEjJDEjJDIjJDgz,보스안과의원,clinic,서울,노원구,"서울특별시 노원구 한글비석로 264, 302호, 303호 (중계동)",02-933-0019,,37.6511587,127.0773379,1,20030710,1,"{""0"": [""0900"", ""1830""], ""1"": [""0900"", ""1830""], ""2"": [""0900"", ""1830""], ""3"": [""0900"", ""1830""], ""4"": [""0900"", ""1830""], ""5"": [""0900"", ""1500""]}",13시00분 ~ 14시00분,09시00분 ~ 18시30분,
JDQ4MTg4MSM1MSMkMiMkOCMkMDAkMzgxMzUxIzMxIyQxIyQzIyQ4MiQzNjE0ODEjNjEjJDEjJDgjJDgz,서울글로우안과의원,clinic,서울,노원구,"서울특별시 노원구 노해로 507, 와우쇼핑몰 3층 (상계동)",02-930-9306,,37.6554251,127.063937,2,20220609,2,,,,
JDQ4MTg4MSM1MSMkMiMkMCMkMDAkNDgxNzAyIzMxIyQxIyQzIyQwMyQzNjEyMjIjODEjJDEjJDIjJDgz,서울안과의원,clinic,서울,노원구,"서울특별시 노원구 동일로 1401, 303호 (상계동, 상아빌딩)",02-951-1231,,37.6535824,127.0604045,1,19970225,1,,,,
JDQ4MTg4MSM1MSMkMiMkNCMkMDAkNDgxOTYxIzUxIyQxIyQxIyQwMyQyNjE0ODEjNDEjJDEjJDgjJDgz,서울플러스안과의원,clinic,서울,노원구,"서울특별시 노원구 노해로 482, 6층 (상계동, 덕영빌딩)",02-937-8787,http://www.seoulpluseye.com/,37.6542666,127.0617327,4,20120827,4,"{""0"": [""0930"", ""1800""], ""1"": [""0930"", ""1800""], ""2"": [""0930"", ""1800""], ""3"": [""0930"", ""1800""], ""4"": [""0930"", ""1800""], ""5"": [""0930"", ""1600""]}",13시00분~14시00분,09시30분~18시00분,노원역 우리은행 6층
JDQ4MTg4MSM1MSMkMiMkMCMkMDAkNTgxMzUxIzIxIyQxIyQ5IyQ4OSQzNjEyMjIjNjEjJDEjJDgjJDgz,서태헌안과의원,clinic,서울,노원구,"서울특별시 노원구 섬밭로 229, 303호 (하계동, 벽산상가)",02-977-0852,,37.636219,127.0639372,1,19990513,1,,,,
JDQ4MTg4MSM1MSMkMiMkMCMkMDAkNDgxMTkxIzMxIyQxIyQzIyQ4OSQzNjEyMjIjNDEjJDEjJDgjJDgz,성모안과의원,clinic,서울,노원구,"서울특별시 노원구 한글비석로 253, 202호 (중계동, 세신프라자)",02-934-1113,,37.6504337,127.0763637,1,19930803,1,,,,
JDQ4MTg4MSM1MSMkMiMkNCMkMDAkNTgxMzUxIzMxIyQxIyQ3IyQwMyQzNjEwMDIjNjEjJDEjJDQjJDgz,스카이서울안과의원,clinic,서울,노원구,"서울특별시 노원구 한글비석로 270, 스카이타워 (중계동)",02-951-1001,,37.6515779,127.0774074,1,20181005,1,,,,
JDQ4MTg4MSM1MSMkMiMkOCMkMDAkMzgxMzUxIzIxIyQyIyQ1IyQwMCQ0NjEwMDIjNTEjJDEjJDIjJDgz,엠에스안과의원,clinic,서울,노원구,"서울특별시 노원구 한글비석로 383, 삼창타워프라자 지상2층 13~16호 (중계동)",02-6677-1001,,37.6589524,127.0725471,1,20160822,1,,,,
JDQ4MTg4MSM1MSMkMiMkNCMkMDAkNDgxMzUxIzMxIyQxIyQzIyQ4MiQyNjE4MzIjNjEjJDEjJDgjJDgz,연세밝은안과의원,clinic,서울,노원구,"서울특별시 노원구 동일로 1669, 3층 (상계동, 수락프라자)",02-999-6988,,37.6774491,127.0549313,1,20091224,1,,,,
JDQ4MTg4MSM1MSMkMiMkOCMkMDAkMzgxMzUxIzMxIyQxIyQzIyQ5MiQ0NjEwMDIjNjEjJDEjJDAjJDgz,연세아이빛안과의원,clinic,서울,노원구,"서울특별시 노원구 화랑로 325, 우현빌딩 1층 (월계동)",02-941-2228,,37.6149399,127.0640504,1,20220623,1,,,,
JDQ4MTg4MSM1MSMkMiMkNCMkMDAkNDgxNzAyIzUxIyQxIyQxIyQ4MiQzNjEwMDIjODEjJDEjJDIjJDgz,연세우리안과의원,clinic,서울,노원구,"서울특별시 노원구 동일로203가길 29, 207호 (중계동, 브라운스톤중계)",02-974-7582,https://yswoorieye.com,37.6399301,127.0642714,1,20161214,1,"{""0"": [""0900"", ""1830""], ""1"": [""0900"", ""1830""], ""2"": [""0900"", ""1300""], ""3"": [""0900"", ""1830""], ""4"": [""0900"", ""1830""], ""5"": [""0900"", ""1300""]}",12:30 ~14:00,09:00 ~ 18:30,
JDQ4MTg4MSM1MSMkMiMkMCMkMDAkNDgxOTYxIzIxIyQxIyQ1IyQ5OSQzNjE0ODEjNjEjJDEjJDAjJDgz,임명준안과의원,clinic,서울,노원구,"서울특별시 노원구 공릉로59길 28, 3층 2호 (하계동, 미성상가)",02-973-6394,,37.6345332,127.0695014,1,19900501,1,,,,
JDQ4MTg4MSM1MSMkMiMkMCMkMDAkNDgxMzUxIzExIyQxIyQ3IyQ3OSQzNjEyMjIjODEjJDEjJDIjJDgz,최진수안과의원,clinic,서울,노원구,"서울특별시 노원구 동일로 1379, 302호 (상계동, 다모아상가)",02-933-2977,,37.6518073,127.0609192,1,19880719,1,,,,
JDQ4MTg4MSM1MSMkMiMkOCMkMDAkMzgxMzUxIzUxIyQxIyQ1IyQ2MiQyNjEyMjIjNDEjJDEjJDgjJDgz,태릉밝은안과의원,clinic,서울,노원구,"서울특별시 노원구 동일로 1005, 3,4층 (공릉동, 대정빌딩)",02-977-8275,http://www.the-eye.co.kr/,37.6199363,127.074566,3,20160707,3,"{""0"": [""0930"", ""1830""], ""1"": [""0930"", ""1830""], ""2"": [""0930"", ""1830""], ""3"": [""0930"", ""1830""], ""4"": [""0930"", ""1830""], ""5"": [""0930"", ""1400""]}",13:00~14:00,09:00~18:15,태릉입구역 3번출구
JDQ4MTg4MSM1MSMkMiMkNCMkMDAkMzgxMTkxIzMxIyQxIyQzIyQ4OSQyNjE0ODEjNjEjJDEjJDAjJDgz,태안과의원,clinic,서울,노원구,"서울특별시 노원구 동일로 1547, 2,4층 (상계동, 동남빌딩)",02-939-7733,http://www.yebon.com/yebon_06_02.asp,37.6665688,127.0569555,2,20060220,2,,,,
JDQ4MTg4MSM1MSMkMiMkNCMkMDAkNTgxOTYxIzQxIyQxIyQ3IyQ4OSQ0NjE0ODEjNDEjJDEjJDgjJDgz,퍼스트 성모안과의원,clinic,서울,노원구,"서울특별시 노원구 동일로 1405, KB금융 노원Plaza 8층 (상계동)",02-6956-8011,,37.6538336,127.0601763,6,20201203,6,,,,
JDQ4MTg4MSM1MSMkMiMkMCMkMDAkNDgxOTYxIzIxIyQxIyQ1IyQ3OSQyNjE4MzIjNDEjJDEjJDgjJDgz,구재형안과의원,clinic,서울,도봉구,"서울특별시 도봉구 도봉로 575, (쌍문동)",02-907-3563,,37.6564112,127.038806,1,19900406,1,"{""0"": [""0930"", ""1800""], ""1"": [""0930"", ""1800""], ""2"": [""0930"", ""1800""], ""3"": [""0930"", ""1800""], ""4"": [""0930"", ""1800""], ""5"": [""0930"", ""1300""]}",13시00분 - 14시00분,09시30분 - 18시00분,쌍문동 삼환프라자 3층
JDQ4MTg4MSM1MSMkMiMkNCMkMDAkNDgxNzAyIzUxIyQxIyQxIyQ3MiQ0NjE0ODEjNjEjJDEjJDQjJDgz,밝은삼성안과의원,clinic,서울,도봉구,"서울특별시 도봉구 도당로 2, (쌍문동)",02-900-1310,,37.6584222,127.0353016,1,20160404,1,,,,
JDQ4MTg4MSM1MSMkMiMkNCMkMDAkMzgxOTYxIzUxIyQxIyQ1IyQwMyQyNjEyMjIjNDEjJDEjJDgjJDgz,밝은안과의원,clinic,서울,도봉구,"서울특별시 도봉구 마들로 650, (방학동, 도봉월드상가 304호)",02-954-3770,,37.6680424,127.047079,1,20050211,1,,,,
JDQ4MTg4MSM1MSMkMiMkOCMkMDAkMzgxMzUxIzIxIyQxIyQ5IyQwMyQzNjE0ODEjNjEjJDEjJDAjJDgz,서울빛안과의원,clinic,서울,도봉구,"서울특별시 도봉구 도봉로 476, 삼성쉐르빌퍼스티 2층 207, 211호 (창동)",02-905-0075,,37.6478854,127.0348005,1,20060316,1,"{""0"": [""0930"", ""1800""], ""1"": [""0930"", ""1800""], ""2"": [""0930"", ""1800""], ""3"": [""0930"", ""1800""], ""4"": [""0930"", ""1800""], ""5"": [""0930"", ""1300""]}",13:00~14:00,09:30~17:30,삼성쉐르빌퍼스티
JDQ4MTg4MSM1MSMkMiMkNCMkMDAkNDgxMzUxIzIxIyQxIyQxIyQ4OSQ0NjEwMDIjNDEjJDEjJDQjJDgz,성모안과의원,clinic,서울,도봉구,"서울특별시 도봉구 도봉로 487, 2층 (쌍문동)",02-990-0857,http://www.smsmeye.co.kr/,37.6491396,127.034661,1,19910516,1,"{""0"": [""0900"", ""1800""], ""1"": [""0900"", ""1800""], ""2"": [""0900"", ""1300""], ""3"": [""0900"", ""1800""], ""4"": [""0900"", ""1800""], ""5"": [""0900"", ""1300""]}",,,4호선 쌍문역 4번 출구 앞
JDQ4MTg4MSM1MSMkMiMkNCMkMDAkMzgxOTYxIzIxIyQxIyQ1IyQ5MiQ0NjEwMDIjNTEjJDEjJDYjJDgz,성신안과의원,clinic,서울,도봉구,"서울특별시 도봉구 도봉로150길 43, (방학동)",02-955-7540,,37.6664777,127.0455905,1,20031222,1,,,,
JDQ4MTg4MSM1MSMkMiMkMCMkMDAkNDgxOTYxIzMxIyQxIyQ3IyQ4MiQyNjE0ODEjNDEjJDEjJDQjJDgz,원안과의원,clinic,서울,도봉구,"서울특별시 도봉구 노해로 389, (창동)",02-908-4075,,37.6527733,127.0513599,1,19940603,1,,,,
JDQ4MTg4MSM1MSMkMiMkNCMkMDAkMzgxNzAyIzMxIyQxIyQzIyQ2MiQzNjE0ODEjNjEjJDEjJDAjJDgz,강남성모안과의원,clinic,서울,동대문구,"서울특별시 동대문구 전농로 102, 3층 (답십리동)",02-2242-4275,,37.5739634,127.0578512,1,20030529,1,,,,
JDQ4MTg4MSM1MSMkMiMkNCMkMDAkMzgxOTYxIzExIyQxIyQzIyQ4MiQzNjE0ODEjNjEjJDEjJDgjJDgz,강북밝은안과의원,clinic,서울,동대문구,"서울특별시 동대문구 왕산로 176, 5층 (전농동)",02-962-0075,,37.5792824,127.043031,1,20030510,1,,,,
JDQ4MTg4MSM1MSMkMiMkNCMkMDAkNTgxMzUxIzQxIyQxIyQ3IyQ4MiQ0NjE0ODEjNDEjJDEjJDgjJDgz,다보는성모안과의원,clinic,서울,동대문구,"서울특별시 동대문구 왕산로 193, 6층, 7층 (청량리동)",02-964-5235,,37.5802304,127.0445516,1,20181221,1,,,,
JDQ4MTg4MSM1MSMkMiMkNCMkMDAkMzgxMzUxIzQxIyQxIyQ3IyQwMyQyNjEwMDIjNjEjJDEjJDQjJDgz,밝은성모안과의원,clinic,서울,동대문구,"서울특별시 동대문구 이문로 125, 3층 (이문동)",02-965-1515,,37.5978978,127.0609122,1,20040309,1,,,,
JDQ4MTg4MSM1MSMkMiMkOCMkMDAkMzgxMTkxIzExIyQxIyQzIyQ4OSQ0NjEwMDIjNDEjJDEjJDQjJDgz,빛서울성모안과의원,clinic,서울,동대문구,"서울특별시 동대문구 휘경로 13, 10, 11층 (이문동)",02-963-3052,,37.5960164,127.0617455,1,20250225,1,,,,
JDQ4MTg4MSM1MSMkMiMkNCMkMDAkMzgxOTYxIzIxIyQxIyQ5IyQwMyQyNjEwMDIjNDEjJDEjJDgjJDgz,새서울안과의원,clinic,서울,동대문구,"서울특별시 동대문구 장한로 144, 3층 (장안동)",02-2247-7501,,37.5731447,127.0721379,1,20040227,1,"{""0"": [""0900"", ""1800""], ""1"": [""0900"", ""1800""], ""2"": [""0900"", ""1800""], ""3"": [""0900"", ""1800""], ""4"": [""0900"", ""1800""], ""5"": [""0900"", ""1300""]}",12:30 ~ 13:30,09:00 ~ 17:30,바우하우스 4거리
JDQ4MTg4MSM1MSMkMiMkOCMkMDAkMzgxMTkxIzMxIyQyIyQ3IyQwMCQyNjE4MzIjNTEjJDEjJDYjJDgz,서울리안안과의원,clinic,서울,동대문구,"서울특별시 동대문구 답십리로 288, 씨젠 메디칼 타워 4층 4-2호 (장안동)",02-2212-1123,,37.5719099,127.0723918,2,20260311,2,,,,
JDQ4MTg4MSM1MSMkMiMkNCMkMDAkNDgxMzUxIzMxIyQxIyQzIyQ4MiQyNjE0ODEjNDEjJDEjJDgjJDgz,서울베스트안과의원,clinic,서울,동대문구,"서울특별시 동대문구 왕산로 171, 2층,3층,5층, 왕산로32길 171, 2층,3층,5층, 왕산로32길 7, 4층(용두동) (제기동)",02-966-0225,http://www.seoulbesteye.co.kr/,37.5794527,127.0421418,4,20091222,4,,,,
JDQ4MTg4MSM1MSMkMiMkOCMkMDAkMzgxMTkxIzUxIyQxIyQxIyQ2MiQ0NjEwMDIjNTEjJDEjJDIjJDgz,서울보나안과의원,clinic,서울,동대문구,"서울특별시 동대문구 천호대로 267, DANA 4층 (답십리동)",02-2243-1001,https://vonaeye.com,37.5681619,127.0515596,1,20260703,1,,,,
JDQ4MTg4MSM1MSMkMiMkMCMkMDAkNDgxNzAyIzQxIyQxIyQ3IyQ3OSQyNjEwMDIjNDEjJDEjJDgjJDgz,서울안과의원,clinic,서울,동대문구,"서울특별시 동대문구 천호대로 295, 3층 3호, 6-1호 (답십리동)",02-2243-1221,http://,37.5664644,127.053869,1,19970510,1,"{""0"": [""0930"", ""1830""], ""1"": [""0930"", ""1830""], ""2"": [""1330"", ""1800""], ""3"": [""0930"", ""1830""], ""4"": [""0930"", ""1830""], ""5"": [""0930"", ""1400""]}",13시~14시,,
JDQ4MTg4MSM1MSMkMiMkMCMkMDAkNDgxNzAyIzUxIyQxIyQxIyQ4MiQyNjE0ODEjNTEjJDEjJDYjJDgz,서울오세오안과의원,clinic,서울,동대문구,"서울특별시 동대문구 장한로 22, (장안동)",02-2242-5350,,37.5632206,127.0661486,1,20090511,1,,,,
JDQ4MTg4MSM1MSMkMiMkOCMkMDAkMzgxMTkxIzMxIyQxIyQzIyQ5MiQzNjE0ODEjNjEjJDEjJDAjJDgz,서울청명안과의원,clinic,서울,동대문구,"서울특별시 동대문구 왕산로 181, 1층 102호 (제기동)",02-6953-1285,https://cmeyeclinic.co.kr,37.5798428,127.0431869,2,20260205,2,,,,
JDQ4MTg4MSM1MSMkMiMkMCMkMDAkNTgxOTYxIzIxIyQxIyQxIyQ3MiQyNjE4MzIjNTEjJDEjJDYjJDgz,손안과의원,clinic,서울,동대문구,"서울특별시 동대문구 사가정로 122, 302호 (전농동)",02-2244-7300,,37.5772159,127.058531,1,20010126,1,"{""0"": [""0930"", ""1800""], ""1"": [""0930"", ""1800""], ""2"": [""0930"", ""1800""], ""3"": [""1400"", ""1800""], ""4"": [""0930"", ""1800""], ""5"": [""0930"", ""1300""]}",13시-14시,,전농하우스토리
JDQ4MTg4MSM1MSMkMiMkOCMkMDAkMzgxMTkxIzMxIyQxIyQ3IyQ5OSQzNjEwMDIjNTEjJDEjJDIjJDgz,연세포커스안과의원,clinic,서울,동대문구,"서울특별시 동대문구 이문로 120, 아이파크자이상가 3층 AA304,A308~313호 (이문동)",02-965-3579,,37.5983511,127.063535,1,20260306,1,,,,
JDQ4MTg4MSM1MSMkMiMkMCMkMDAkMzgxMTkxIzUxIyQxIyQ1IyQxMyQ0NjEwMDIjODEjJDEjJDIjJDgz,이경숙안과의원,clinic,서울,동대문구,"서울특별시 동대문구 왕산로 225, (청량리동)",02-966-0343,,37.582134,127.0472283,1,19820417,1,"{""0"": [""0930"", ""1830""], ""1"": [""0930"", ""1830""], ""2"": [""0930"", ""1830""], ""3"": [""0930"", ""1830""], ""4"": [""0930"", ""1830""], ""5"": [""0930"", ""1400""]}",13시~14시30분,10시~18시30,
JDQ4MTg4MSM1MSMkMiMkMCMkMDAkMzgxNzAyIzMxIyQxIyQ3IyQ3MiQzNjEwMDIjNTEjJDEjJDIjJDgz,조용오안과의원,clinic,서울,동대문구,"서울특별시 동대문구 장한로 129, (장안동)",02-2247-5974,,37.5719997,127.0709407,1,19840901,1,"{""0"": [""0930"", ""1830""], ""1"": [""0930"", ""1830""], ""2"": [""0930"", ""1830""], ""3"": [""0930"", ""1830""], ""4"": [""0930"", ""1830""], ""5"": [""0930"", ""1600""]}",13시00분~14시00분,,
JDQ4MTg4MSM1MSMkMiMkMCMkMDAkNDgxOTYxIzMxIyQxIyQzIyQ3MiQzNjE0ODEjODEjJDEjJDYjJDgz,홍안과의원,clinic,서울,동대문구,"서울특별시 동대문구 전농로 134, (전농동)",02-2244-9575,,37.576847,127.0580145,1,19910124,1,"{""0"": [""0930"", ""1800""], ""1"": [""0930"", ""1800""], ""2"": [""0930"", ""1800""], ""3"": [""0930"", ""1800""], ""4"": [""0930"", ""1800""], ""5"": [""0930"", ""1400""]}",13시~14시,09시30분~18시,농협 전농동지점
JDQ4MTg4MSM1MSMkMiMkNCMkMDAkNDgxOTYxIzUxIyQxIyQxIyQ4OSQ0NjE0ODEjNjEjJDEjJDQjJDgz,휴플러스안과의원,clinic,서울,동대문구,"서울특별시 동대문구 천호대로 313, 3층 (답십리동)",02-2212-1340,http://www.hpluseye.com/,37.5654567,127.0553185,1,20120709,1,,,,
JDQ4MTg4MSM1MSMkMiMkOCMkMDAkMzgxMzUxIzMxIyQxIyQ3IyQwMyQyNjE0ODEjNjEjJDEjJDAjJDgz,고은안과의원,clinic,서울,동작구,"서울특별시 동작구 상도로 81, 5층 (대방동)",02-822-3400,,37.499959,126.9295669,1,20100223,1,"{""0"": [""0900"", ""1800""], ""1"": [""0900"", ""1800""], ""2"": [""0900"", ""1300""], ""3"": [""0900"", ""1800""], ""4"": [""0900"", ""1800""], ""5"": [""0900"", ""1300""]}",1시 - 2시,9시00분-17시50분,
JDQ4MTg4MSM1MSMkMiMkNCMkMDAkMzgxMTkxIzMxIyQxIyQ3IyQ5OSQzNjE4MzIjNjEjJDEjJDQjJDgz,김안과21의원,clinic,서울,동작구,"서울특별시 동작구 시흥대로 654-1, 3층 (신대방동)",02-835-8288,,37.4900467,126.9078893,1,20060417,1,,,,
JDQ4MTg4MSM1MSMkMiMkNCMkMDAkMzgxMTkxIzIxIyQxIyQ5IyQ4OSQyNjEwMDIjNjEjJDEjJDgjJDgz,김안과의원,clinic,서울,동작구,"서울특별시 동작구 노량진로 155, 2,3층 (노량진동)",02-826-0606,,37.5139397,126.9432093,2,20050330,2,,,,
JDQ4MTg4MSM1MSMkMiMkNCMkMDAkMzgxOTYxIzQxIyQxIyQ3IyQ3OSQyNjE4MzIjODEjJDEjJDYjJDgz,드림아이안과의원,clinic,서울,동작구,"서울특별시 동작구 사당로 230-1, 한마음교회 2층 (사당동)",02-521-5090,,37.4833168,126.9732579,1,19910423,1,,,,
JDQ4MTg4MSM1MSMkMiMkMCMkMDAkNTgxOTYxIzUxIyQxIyQxIyQxMyQyNjEwMDIjNjEjJDEjJDAjJDgz,명동안과의원,clinic,서울,동작구,"서울특별시 동작구 사당로 301, 사당동빌딩 4층 (사당동)",02-537-3990,,37.4853103,126.9808096,1,20011201,1,,,,
JDQ4MTg4MSM1MSMkMiMkNCMkMDAkNDgxNzAyIzIxIyQxIyQ5IyQ3OSQzNjEwMDIjODEjJDEjJDYjJDgz,상도밝은안과의원,clinic,서울,동작구,"서울특별시 동작구 상도로 301, 2층 (상도1동, 의암빌딩)",02-812-2375,,37.5009948,126.9499692,2,20160112,2,"{""0"": [""0930"", ""1900""], ""1"": [""0930"", ""1900""], ""2"": [""0930"", ""1900""], ""3"": [""0930"", ""1900""], ""4"": [""0930"", ""1900""], ""5"": [""0930"", ""1500""]}",13시00분~14시00분,,상도역 5번출구
JDQ4MTg4MSM1MSMkMiMkNCMkMDAkMzgxNzAyIzExIyQxIyQzIyQ3MiQzNjE0ODEjNDEjJDEjJDQjJDgz,서울안과의원,clinic,서울,동작구,"서울특별시 동작구 장승배기로 76, 2층 (상도동)",02-814-1122,,37.5044126,126.9394404,1,20070223,1,,,,
JDQ4MTg4MSM1MSMkMiMkMCMkMDAkNDgxOTYxIzExIyQxIyQzIyQ4OSQyNjE4MzIjNDEjJDEjJDQjJDgz,송안과의원,clinic,서울,동작구,"서울특별시 동작구 성대로 3, (상도동)",02-822-4034,,37.5003523,126.9322299,1,19890427,1,,,,
JDQ4MTg4MSM1MSMkMiMkOCMkMDAkMzgxMTkxIzIxIyQxIyQxIyQ4OSQzNjE4MzIjNjEjJDEjJDgjJDgz,시야안과의원,clinic,서울,동작구,"서울특별시 동작구 상도로 379, 5층 (상도동)",02-825-7007,,37.4952765,126.9549874,1,20250617,1,,,,
JDQ4MTg4MSM1MSMkMiMkNCMkMDAkNDgxOTYxIzMxIyQyIyQzIyQwMCQzNjE4MzIjNTEjJDEjJDIjJDgz,연세안과의원,clinic,서울,동작구,"서울특별시 동작구 서달로 150, 213호, 211호 (흑석동, 이랜드해가든)",02-815-5008,,37.5066681,126.9622064,2,20111121,2,"{""0"": [""0930"", ""1830""], ""1"": [""0930"", ""1830""], ""2"": [""0930"", ""1830""], ""3"": [""0930"", ""1830""], ""4"": [""0930"", ""1830""], ""5"": [""0930"", ""1400""]}",1시-2시,,
JDQ4MTg4MSM1MSMkMiMkMCMkMDAkNDgxMzUxIzUxIyQxIyQ1IyQ2MiQyNjE4MzIjNTEjJDEjJDYjJDgz,이수정안과의원,clinic,서울,동작구,"서울특별시 동작구 동작대로29길 69, 3층 (사당동)",02-882-0707,,37.4884496,126.978131,1,20110816,1,,,,
JDQ4MTg4MSM1MSMkMiMkMCMkMDAkNTgxOTYxIzIxIyQyIyQ1IyQwMCQyNjE0ODEjNDEjJDEjJDgjJDgz,최안과의원,clinic,서울,동작구,"서울특별시 동작구 상도로 178, (상도동)",02-812-9871,,37.5042942,126.9387617,1,20010228,1,,,,
JDQ4MTg4MSM1MSMkMiMkMCMkMDAkMzgxNzAyIzExIyQxIyQ3IyQ3OSQyNjE4MzIjODEjJDEjJDIjJDgz,호호안과의원,clinic,서울,동작구,"서울특별시 동작구 보라매로 113, 2층 201,202호 (대방동, 코스모빌딩)",02-815-5050,,37.4994798,126.9279165,2,20151228,2,,,,
JDQ4MTg4MSM1MSMkMiMkNCMkMDAkNTgxOTYxIzUxIyQyIyQxIyQwMCQyNjE0ODEjNjEjJDEjJDgjJDgz,흑석성모안과의원,clinic,서울,동작구,"서울특별시 동작구 서달로 158, 202,212호 (흑석동, 명수대아파트)",02-822-8223,,37.5074679,126.9622122,1,20210226,1,,,,
JDQ4MTg4MSM1MSMkMiMkMCMkMDAkNDgxMzUxIzQxIyQxIyQ3IyQ4OSQzNjEwMDIjNjEjJDEjJDQjJDgz,가든안과의원,clinic,서울,마포구,"서울특별시 마포구 마포대로 52, 2층 202호 (도화동, 고려아카데미텔2)",02-717-5772,,37.5403379,126.9476643,1,19880511,1,,,,
JDQ4MTg4MSM1MSMkMiMkNCMkMDAkNDgxOTYxIzIxIyQxIyQ5IyQ2MiQzNjEyMjIjNjEjJDEjJDQjJDgz,공덕안과의원,clinic,서울,마포구,"서울특별시 마포구 만리재로 14, 한국사회복지회관 르네상스타워 3,17층 (17층 1호, 8호)호 (공덕동)",02-704-3088,,37.543987,126.9528484,4,20110908,4,"{""0"": [""0900"", ""1700""], ""1"": [""0900"", ""1700""], ""2"": [""0900"", ""1700""], ""3"": [""0900"", ""1700""], ""4"": [""0900"", ""1700""], ""5"": [""0900"", ""1300""]}",13:00 ~ 14:00,9:00 ~ 17:00,
JDQ4MTg4MSM1MSMkMiMkNCMkMDAkMzgxMzUxIzIxIyQxIyQ1IyQ5OSQyNjE4MzIjNTEjJDEjJDIjJDgz,공안과의원,clinic,서울,마포구,"서울특별시 마포구 월드컵북로 230, 202호 (중동, 현대상가)",02-376-0750,,37.5701536,126.9038462,1,20020516,1,"{""0"": [""0930"", ""1830""], ""1"": [""0930"", ""1830""], ""2"": [""0930"", ""1830""], ""3"": [""0930"", ""1830""], ""4"": [""0930"", ""1830""], ""5"": [""0930"", ""1500""]}",13시~14시,,성산시영아파트 정문 건너편 현대상가
JDQ4MTg4MSM1MSMkMiMkNCMkMDAkNDgxMTkxIzUxIyQxIyQ1IyQ5MiQzNjEwMDIjNjEjJDEjJDgjJDgz,디엠씨(DMC)조은안과의원,clinic,서울,마포구,"서울특별시 마포구 월드컵북로 402, 케이지아이티센터 315,323~326호 (상암동)",02-6393-5375,,37.5801078,126.8889824,2,20150325,2,,,,
JDQ4MTg4MSM1MSMkMiMkMCMkMDAkNDgxMzUxIzQxIyQxIyQ3IyQ5OSQ0NjE0ODEjNzEjJDEjJDgjJDgz,마포안과의원,clinic,서울,마포구,"서울특별시 마포구 만리재로 15, 307호 (공덕동, 제일빌딩)",02-701-5327,,37.5445786,126.9527595,1,19880504,1,"{""0"": [""0930"", ""1830""], ""1"": [""0930"", ""1830""], ""2"": [""0930"", ""1830""], ""3"": [""0930"", ""1830""], ""4"": [""0930"", ""1830""], ""5"": [""0930"", ""1300""]}",12시30분~14시,9시30분~18시30분,제일빌딩 3층
JDQ4MTg4MSM1MSMkMiMkNCMkMDAkNDgxNzAyIzIxIyQxIyQ5IyQ4OSQyNjE4MzIjNDEjJDEjJDQjJDgz,마포탑안과의원,clinic,서울,마포구,"서울특별시 마포구 도화길 43, 나눔빌딩 305,306,307호 (도화동)",02-703-4477,,37.5417888,126.9502543,1,20160119,1,"{""0"": [""0900"", ""1830""], ""1"": [""0900"", ""1830""], ""2"": [""0900"", ""1830""], ""4"": [""0900"", ""1830""], ""5"": [""0900"", ""1300""]}",13시00분~14시30분,월화수금 09시00분~18시30분 / 목 휴진,
JDQ4MTg4MSM1MSMkMiMkNCMkMDAkMzgxMzUxIzExIyQxIyQzIyQ3MiQ0NjE0ODEjNjEjJDEjJDgjJDgz,맑은빛성모안과의원,clinic,서울,마포구,"서울특별시 마포구 월드컵로14길 5, 6층 (서교동)",02-322-7211,,37.555992,126.9107241,1,20020216,1,"{""0"": [""0900"", ""1800""], ""1"": [""0900"", ""1800""], ""2"": [""0900"", ""1800""], ""3"": [""0900"", ""1800""], ""4"": [""0900"", ""1800""], ""5"": [""0900"", ""1300""]}",13시00분~14시00분,09시00분~18시00분,"망원역, 우리은행망원역지점"
JDQ4MTg4MSM1MSMkMiMkOCMkMDAkMzgxMTkxIzMxIyQyIyQ3IyQwMCQzNjE4MzIjNjEjJDEjJDgjJDgz,바른서울안과의원,clinic,서울,마포구,"서울특별시 마포구 독막로 241, 올센병원 6층 (대흥동)",02-714-7575,,37.5469437,126.9406155,1,20260312,1,,,,
JDQ4MTg4MSM1MSMkMiMkNCMkMDAkNDgxMzUxIzIxIyQxIyQ1IyQ3MiQzNjEwMDIjNTEjJDEjJDIjJDgz,삼성안과의원,clinic,서울,마포구,"서울특별시 마포구 월드컵로 75, 2층 (망원동)",02-333-7581,http://www.eyeeye.kr/,37.5556333,126.9101615,1,20100901,1,,,,
JDQ4MTg4MSM1MSMkMiMkNCMkMDAkMzgxOTYxIzMxIyQxIyQ3IyQ3OSQzNjE4MzIjNjEjJDEjJDQjJDgz,서울안과의원,clinic,서울,마포구,"서울특별시 마포구 양화로 166, 3층 (동교동)",3141-3366,,37.5567326,126.9241712,1,20040423,1,,,,
JDQ4MTg4MSM1MSMkMiMkOCMkMDAkMzgxMTkxIzMxIyQxIyQzIyQxMyQzNjE0ODEjODEjJDEjJDYjJDgz,서울투명안과의원,clinic,서울,마포구,"서울특별시 마포구 월드컵로 88, 서교월드빌딩 4층 (서교동)",02-322-2020,http://www.transparenteye.co.kr/,37.5566998,126.9099367,1,20260224,1,,,,
JDQ4MTg4MSM1MSMkMiMkMCMkMDAkNTgxMzUxIzExIyQxIyQzIyQ5MiQzNjEyMjIjNjEjJDEjJDAjJDgz,성모안과의원,clinic,서울,마포구,"서울특별시 마포구 도화길 32, 301호 (도화동, 삼성프라자)",02-3273-2088,,37.5408691,126.9494885,1,20020102,1,,,,
JDQ4MTg4MSM1MSMkMiMkMCMkMDAkNDgxMzUxIzQxIyQxIyQ3IyQ3OSQzNjE4MzIjNjEjJDEjJDAjJDgz,신촌김안과의원,clinic,서울,마포구,"서울특별시 마포구 신촌로16길 4, 4층 (노고산동)",02-332-2972,http://www.goodvision.co.kr,37.5555121,126.9348252,2,19880503,2,"{""0"": [""0900"", ""1800""], ""1"": [""0900"", ""1800""], ""2"": [""0900"", ""1800""], ""3"": [""0900"", ""1800""], ""4"": [""0900"", ""1800""], ""5"": [""0900"", ""1300""]}",없음,09:00~17:50,현대백화점 신촌점
JDQ4MTg4MSM1MSMkMiMkMCMkMDAkNTgxOTYxIzMxIyQxIyQ3IyQ4OSQyNjEwMDIjNTEjJDEjJDYjJDgz,오세오안과의원,clinic,서울,마포구,"서울특별시 마포구 신촌로 174, 2층 (대흥동, 중우빌딩)",02-703-1954,,37.5564661,126.9450034,1,20010623,1,"{""0"": [""0930"", ""1830""], ""1"": [""0930"", ""1830""], ""2"": [""0930"", ""1830""], ""3"": [""0930"", ""1830""], ""4"": [""0930"", ""1830""], ""5"": [""0930"", ""1430""]}",13시~14시,,
JDQ4MTg4MSM1MSMkMiMkMCMkMDAkMzgxOTYxIzExIyQxIyQ3IyQxMyQyNjEwMDIjNjEjJDEjJDgjJDgz,이안과의원,clinic,서울,마포구,"서울특별시 마포구 서강로 144, 4층 4호 (노고산동)",02-715-2606,,37.554475,126.9366421,1,19741205,1,,,,
JDQ4MTg4MSM1MSMkMiMkOCMkMDAkMzgxMzUxIzIxIyQxIyQxIyQ5MiQzNjE4MzIjODEjJDEjJDYjJDgz,강남성모안과의원,clinic,서울,서대문구,"서울특별시 서대문구 통일로 450, 2층 (홍제동)",02-394-1001,,37.5889712,126.9443111,1,20010308,1,,,,
JDQ4MTg4MSM1MSMkMiMkNCMkMDAkMzgxMTkxIzExIyQxIyQzIyQ2MiQzNjEyMjIjNTEjJDEjJDYjJDgz,고려안과의원,clinic,서울,서대문구,"서울특별시 서대문구 통일로 201, 2층 (영천동)",02-362-7585,,37.5711081,126.9611159,1,20060119,1,,,,
JDQ4MTg4MSM1MSMkMiMkNCMkMDAkMzgxMzUxIzIxIyQxIyQxIyQ4OSQyNjEyMjIjNDEjJDEjJDgjJDgz,빛사랑안과의원,clinic,서울,서대문구,"서울특별시 서대문구 신촌로 91, 2층 (창천동)",02-323-5300,,37.55559,126.9363939,1,20020420,1,"{""0"": [""0930"", ""1830""], ""1"": [""0930"", ""1830""], ""2"": [""0930"", ""1830""], ""3"": [""1400"", ""1830""], ""4"": [""0930"", ""2000""], ""5"": [""0930"", ""1630""]}",,,
JDQ4MTg4MSM1MSMkMiMkNCMkMDAkMzgxOTYxIzIxIyQxIyQ1IyQwMyQyNjEyMjIjNTEjJDEjJDYjJDgz,서울안과의원,clinic,서울,서대문구,"서울특별시 서대문구 통일로 464, 3층 (홍제동)",02-395-2275,http://www.lasik-lasek.co.kr/main/main.php,37.589967,126.9432367,2,20040103,2,"{""0"": [""0900"", ""1730""], ""1"": [""0900"", ""1730""], ""2"": [""0900"", ""1730""], ""3"": [""0900"", ""1730""], ""4"": [""0900"", ""1700""], ""5"": [""0900"", ""1200""]}","월~목13:00~14:00, 금요일12:00~14:00",,
JDQ4MTg4MSM1MSMkMiMkOCMkMDAkMzgxMTkxIzExIyQyIyQzIyQwMCQzNjEyMjIjNDEjJDEjJDQjJDgz,에스앤유바른안과의원,clinic,서울,서대문구,"서울특별시 서대문구 증가로 145, 4층 (남가좌동)",02-6949-4488,,37.5774605,126.9214479,2,20250306,2,,,,
JDQ4MTg4MSM1MSMkMiMkNCMkMDAkMzgxMTkxIzIxIyQxIyQ5IyQ3OSQzNjE0ODEjNTEjJDEjJDYjJDgz,엘리트안과의원,clinic,서울,서대문구,"서울특별시 서대문구 신촌로 99, 엘리트빌딩 11,12층 (창천동)",02-393-4200,,37.5556897,126.9371958,3,19990506,3,,,,
JDQ4MTg4MSM1MSMkMiMkMCMkMDAkNTgxMzUxIzUxIyQxIyQ1IyQwMyQ0NjEwMDIjNTEjJDEjJDYjJDgz,연세광안과의원,clinic,서울,서대문구,"서울특별시 서대문구 신촌로37길 10, 1001호 (북아현동)",02-312-2020,www.geye.co.kr,37.5576821,126.957128,1,20141226,1,,,,
JDQ4MTg4MSM1MSMkMiMkNCMkMDAkNTgxMzUxIzIxIyQxIyQxIyQ4OSQ0NjE0ODEjNTEjJDEjJDYjJDgz,연세안과의원,clinic,서울,서대문구,"서울특별시 서대문구 통일로 402-1, 2,3층 (홍제동)",02-6227-9000,,37.5856938,126.9478637,1,20170920,1,,,,
JDQ4MTg4MSM1MSMkMiMkNCMkMDAkNDgxNzAyIzIxIyQxIyQ5IyQ4MiQyNjEwMDIjNDEjJDEjJDQjJDgz,연세장안과의원,clinic,서울,서대문구,"서울특별시 서대문구 수색로 56, 성공타워1 407,408,606,607호 (북가좌동)",02-372-5677,,37.5709052,126.9122511,4,20160217,4,,,,
JDQ4MTg4MSM1MSMkMiMkNCMkMDAkMzgxOTYxIzMxIyQxIyQzIyQ2MiQzNjEwMDIjNDEjJDEjJDgjJDgz,우리들안과의원,clinic,서울,서대문구,"서울특별시 서대문구 신촌로 273, 2,3층 (북아현동)",02-363-2220,,37.5576214,126.9565764,1,20040401,1,,13시00분 ~ 14시00분,,아현역 2번출구
JDQ4MTg4MSM1MSMkMiMkMCMkMDAkMzgxNzAyIzQxIyQxIyQ3IyQ3MiQyNjE0ODEjODEjJDEjJDIjJDgz,이정근안과의원,clinic,서울,서대문구,"서울특별시 서대문구 통일로 448, (홍제동)",02-394-3309,,37.5888423,126.9444584,1,19850222,1,,,,
JDQ4MTg4MSM1MSMkMiMkMCMkMDAkMzgxNzAyIzIxIyQxIyQ5IyQxMyQ0NjEwMDIjNDEjJDEjJDgjJDgz,장안과의원,clinic,서울,서대문구,"서울특별시 서대문구 수색로 38, (남가좌동)",02-302-5677,,37.5698106,126.9144936,1,19840320,1,,,,
JDQ4MTg4MSM1MSMkMiMkMCMkMDAkNTgxOTYxIzUxIyQxIyQ1IyQxMyQzNjEyMjIjNDEjJDEjJDgjJDgz,참빛안과의원,clinic,서울,서대문구,"서울특별시 서대문구 수색로 48, (남가좌동)",02-303-4686,,37.570402,126.9136165,1,20020111,1,,,,
JDQ4MTg4MSM1MSMkMiMkOCMkMDAkMzgxOTYxIzExIyQxIyQzIyQ3OSQzNjE0ODEjNjEjJDEjJDgjJDgz,홍제바른안과의원,clinic,서울,서대문구,"서울특별시 서대문구 통일로 413, 연세24시사우나 3층 301호 (홍제동)",02-379-3787,,37.5862021,126.9464449,1,20110427,1,,,,
JDQ4MTg4MSM1MSMkMiMkNCMkMDAkNDgxNzAyIzIxIyQxIyQ1IyQ5MiQ0NjE0ODEjODEjJDEjJDIjJDgz,가야성모안과의원,clinic,서울,서초구,"서울특별시 서초구 방배로 225, 5층 (방배동, 남전빌딩)",,,37.4931756,126.9897944,1,20151230,1,,,,
JDQ4MTg4MSM1MSMkMiMkNCMkMDAkNTgxOTYxIzQxIyQxIyQ3IyQwMyQzNjE0ODEjODEjJDEjJDYjJDgz,강남그랜드안과의원,clinic,서울,서초구,"서울특별시 서초구 강남대로 363, 363강남타워 4,5층 (서초동)",02-3487-7582,,37.4951158,127.0284696,3,20210126,3,,,,
JDQ4MTg4MSM1MSMkMiMkNCMkMDAkMzgxNzAyIzIxIyQxIyQxIyQ4MiQyNjE0ODEjNzEjJDEjJDgjJDgz,강남밝은명안과의원,clinic,서울,서초구,"서울특별시 서초구 강남대로 429, 9층 (서초동, 동일빌딩 )",533-9400,http://abceye.co.kr,37.5008052,127.0257918,1,20070528,1,"{""0"": [""0930"", ""1830""], ""1"": [""0930"", ""1830""], ""3"": [""0930"", ""1830""], ""4"": [""0930"", ""1830""], ""5"": [""0930"", ""1530""]}",13시00분~14시00분,09시30분~18시00분(수요일 휴진),"카카오프렌즈샵, 올리브영 건물"
JDQ4MTg4MSM1MSMkMiMkOCMkMDAkMzgxMzUxIzExIyQxIyQzIyQ4MiQyNjE0ODEjNDEjJDEjJDgjJDgz,강남브랜드안과의원,clinic,서울,서초구,"서울특별시 서초구 강남대로 519, 도충빌딩 3,8,9층 (반포동)",02-2088-5558,,37.5082504,127.0221182,4,20210723,4,,,,
JDQ4MTg4MSM1MSMkMiMkNCMkMDAkNDgxOTYxIzExIyQxIyQzIyQ4OSQzNjEwMDIjNDEjJDEjJDQjJDgz,강남삼성안과의원,clinic,서울,서초구,"서울특별시 서초구 남부순환로350길 4, 6층 (양재동, 대진빌딩)",2058-0058,http://www.eyepro.co.kr,37.4843523,127.0352051,1,20030306,1,"{""0"": [""1000"", ""1900""], ""1"": [""1000"", ""1900""], ""2"": [""1000"", ""1900""], ""4"": [""1000"", ""1900""], ""5"": [""1000"", ""1400""]}","월,화,수,금요일 13시00분~14시00분/목요일 전부휴진",18시30분까지/목요일 전부휴진,대진빌딩
JDQ4MTg4MSM1MSMkMiMkNCMkMDAkNDgxOTYxIzIxIyQyIyQ5IyQwMCQzNjEwMDIjNDEjJDEjJDQjJDgz,강남샤인안과의원,clinic,서울,서초구,"서울특별시 서초구 고무래로 32, 반포트라이엄프메딕스빌딩 4층 403호 (반포동)",02-2088-6828,,37.502428,127.0121591,1,20210128,1,"{""0"": [""0930"", ""1800""], ""1"": [""0930"", ""1800""], ""3"": [""0930"", ""1800""], ""4"": [""0930"", ""1800""], ""5"": [""0930"", ""1300""]}",13시00분~14시00분,,
JDQ4MTg4MSM1MSMkMiMkNCMkMDAkMzgxMTkxIzIxIyQxIyQ1IyQ3OSQ0NjEwMDIjODEjJDEjJDIjJDgz,강남서울안과의원,clinic,서울,서초구,"서울특별시 서초구 강남대로 437, 대원빌딩 10층 (서초동)",02-537-2616,,37.5013657,127.0255201,1,20070508,1,,,,
JDQ4MTg4MSM1MSMkMiMkOCMkMDAkMzgxMzUxIzMxIyQyIyQzIyQwMCQyNjE4MzIjNjEjJDEjJDgjJDgz,강남성모원안과의원,clinic,서울,서초구,"서울특별시 서초구 강남대로85길 5, 대유빌딩 2층 (반포동)",02-521-1212,,37.50743,127.0225908,3,20220525,3,"{""0"": [""0900"", ""1800""], ""1"": [""0900"", ""1800""], ""3"": [""0900"", ""1800""], ""4"": [""0900"", ""1930""], ""5"": [""0900"", ""1500""]}",13시00분~14시00분,,
JDQ4MTg4MSM1MSMkMiMkNCMkMDAkNTgxOTYxIzExIyQyIyQzIyQwMCQzNjEwMDIjNjEjJDEjJDgjJDgz,강남스마일안과의원,clinic,서울,서초구,"서울특별시 서초구 강남대로 405, 통영빌딩 4,6층 (서초동)",,,37.4987858,127.0267117,4,20241226,4,,,,
JDQ4MTg4MSM1MSMkMiMkOCMkMDAkMzgxMzUxIzIxIyQxIyQxIyQ4OSQyNjE4MzIjNTEjJDEjJDIjJDgz,강남아이오케이안과의원,clinic,서울,서초구,"서울특별시 서초구 강남대로 491, 강남아이오케이안과 1~4층 (반포동)",02-6949-0088,,37.5060474,127.023295,1,20211014,1,"{""0"": [""0930"", ""1830""], ""1"": [""0930"", ""1830""], ""3"": [""0930"", ""1930""], ""4"": [""0930"", ""1830""], ""5"": [""0930"", ""1530""]}",13시00분~14시00분,09시30분~18시00분,
JDQ4MTg4MSM1MSMkMiMkOCMkMDAkMzgxMzUxIzExIyQxIyQzIyQ4OSQyNjE0ODEjNjEjJDEjJDQjJDgz,강남아이원스안과의원,clinic,서울,서초구,"서울특별시 서초구 사평대로 368, 중앙화촌빌딩 5,6층 (서초동)",02-593-3313,,37.5037924,127.0235428,1,20210617,1,,,,
JDQ4MTg4MSM1MSMkMiMkNCMkMDAkMzgxOTYxIzIxIyQyIyQxIyQwMCQyNjE0ODEjNjEjJDEjJDAjJDgz,강남이오스안과의원,clinic,서울,서초구,"서울특별시 서초구 강남대로 355, 삼성화재 서초사옥 18,19,20층 (서초동)",02-3454-2080,,37.4943747,127.0288421,6,20140725,6,"{""0"": [""1000"", ""1800""], ""1"": [""1000"", ""1800""], ""2"": [""1000"", ""1800""], ""3"": [""1000"", ""1800""], ""4"": [""1000"", ""1900""], ""5"": [""0930"", ""1530""]}",13시00분~14시00분,월~목:10시00분~17시00분/금:10시00분~18시00분,삼성화재서초사옥 20층
JDQ4MTg4MSM1MSMkMiMkMCMkMDAkNTgxMzUxIzExIyQxIyQ3IyQ5OSQzNjEwMDIjNjEjJDEjJDgjJDgz,교대성모안과의원,clinic,서울,서초구,"서울특별시 서초구 서초대로 302, 9층 (서초동, 인앤인빌딩)",02-525-3375,http://www.eyelove.co.kr/,37.4937277,127.0147172,1,20051122,1,,,,
JDQ4MTg4MSM1MSMkMiMkMCMkMDAkNDgxOTYxIzQxIyQxIyQ3IyQ4OSQyNjE0ODEjNDEjJDEjJDQjJDgz,구현남안과의원,clinic,서울,서초구,"서울특별시 서초구 서초중앙로24길 27, 2층 1호 (서초동, G-five CENTRAL PLAZA)",02-595-0138,www.lasikkorea.co.kr/,37.4954178,127.0164171,1,19910415,1,,,,
JDQ4MTg4MSM1MSMkMiMkNCMkMDAkNDgxMzUxIzExIyQxIyQzIyQxMyQ0NjE0ODEjNzEjJDEjJDgjJDgz,글로리서울안과의원,clinic,서울,서초구,"서울특별시 서초구 서초대로74길 3, 글로리빌딩 2~6층 (서초동)",02-569-3690,http://www.gloryeye.com,37.4972231,127.0262314,2,20100714,2,,,,
JDQ4MTg4MSM1MSMkMiMkOCMkMDAkMzgxMzUxIzExIyQxIyQzIyQ5OSQ0NjE0ODEjODEjJDEjJDIjJDgz,다시봄안과의원,clinic,서울,서초구,"서울특별시 서초구 서초중앙로 130, 9층 (서초동)",02-583-1299,,37.4933081,127.0140553,1,20210701,1,,,,
JDQ4MTg4MSM1MSMkMiMkNCMkMDAkMzgxMTkxIzIxIyQxIyQ5IyQxMyQzNjE4MzIjNTEjJDEjJDYjJDgz,라움스마일안과의원,clinic,서울,서초구,"서울특별시 서초구 강남대로 214, 구구빌딩 2층~4층 (양재동)",02-6949-3227,,37.4832953,127.0359201,3,20260311,3,,,,
JDQ4MTg4MSM1MSMkMiMkOCMkMDAkMzgxOTYxIzUxIyQxIyQ1IyQwMyQzNjEwMDIjNDEjJDEjJDQjJDgz,루체안과의원,clinic,서울,서초구,"서울특별시 서초구 서초대로 2, 이수파이브 9층 (방배동)",02-3471-3471,http://luceeyeclinic.com/,37.4850946,126.9827644,2,20250207,2,,,,
JDQ4MTg4MSM1MSMkMiMkOCMkMDAkMzgxMTkxIzExIyQxIyQzIyQxMyQzNjE4MzIjNDEjJDEjJDgjJDgz,리더스성모안과의원,clinic,서울,서초구,"서울특별시 서초구 방배로 83, 방배센트럴빌딩 201호 (방배동)",02-6953-0887,,37.4818646,126.9970075,2,20250407,2,,,,
JDQ4MTg4MSM1MSMkMiMkNCMkMDAkMzgxMTkxIzUxIyQxIyQ1IyQ2MiQyNjEyMjIjODEjJDEjJDIjJDgz,박안과의원,clinic,서울,서초구,"서울특별시 서초구 반포대로 287, 401호 (반포동, 래미안퍼스티지 중심상가)",02-592-6991,,37.5043414,127.0010992,1,20161123,1,"{""0"": [""0930"", ""1830""], ""1"": [""0930"", ""1830""], ""2"": [""0930"", ""1830""], ""3"": [""0930"", ""1830""], ""4"": [""0930"", ""1830""], ""5"": [""1000"", ""1600""]}",오후 1 ~ 2시,,래미안퍼스티지중심상가
JDQ4MTg4MSM1MSMkMiMkMCMkMDAkNDgxMzUxIzMxIyQxIyQzIyQ4OSQzNjE0ODEjNjEjJDEjJDAjJDgz,박우형안과의원,clinic,서울,서초구,"서울특별시 서초구 사임당로 151, 3층 311,312호 (서초동, 대한무지개종합상가)",02-3472-4044,,37.4920742,127.0257084,1,19870905,1,,,,
JDQ4MTg4MSM1MSMkMiMkMCMkMDAkNDgxNzAyIzUxIyQxIyQxIyQ5OSQzNjE0ODEjNzEjJDEjJDgjJDgz,박창수안과의원,clinic,서울,서초구,"서울특별시 서초구 강남대로 541, 1층2층층 (반포동)",02-3482-4006,www.lasikclub.co.kr/,37.5101931,127.021184,1,19971027,1,,,,
JDQ4MTg4MSM1MSMkMiMkNCMkMDAkMzgxMzUxIzIxIyQxIyQxIyQ2MiQ0NjE0ODEjNDEjJDEjJDgjJDgz,반포서울안과의원,clinic,서울,서초구,"서울특별시 서초구 잠원로 24, 402호 (반포동, 반포자이프라자)",02-599-7559,,37.5071118,127.0098751,1,20090914,1,"{""0"": [""0930"", ""1830""], ""1"": [""0930"", ""1830""], ""2"": [""0930"", ""1830""], ""3"": [""0930"", ""1830""], ""4"": [""0930"", ""1830""], ""5"": [""0930"", ""1300""]}",13시00분~14시00분,,
JDQ4MTg4MSM1MSMkMiMkNCMkMDAkNTgxMzUxIzQxIyQxIyQ3IyQ4MiQzNjEyMjIjNjEjJDEjJDQjJDgz,밝은눈안과의원,clinic,서울,서초구,"서울특별시 서초구 강남대로 531, 지하2,지하1,8층 (반포동)",1544-3994,,37.5093346,127.0216132,7,20090616,7,,,,
JDQ4MTg4MSM1MSMkMiMkOCMkMDAkMzgxOTYxIzIxIyQxIyQxIyQ5MiQ0NjE0ODEjNTEjJDEjJDIjJDgz,밝음나눔안과의원,clinic,서울,서초구,"서울특별시 서초구 서초대로77길 3, 아라타워 3층 (서초동)",02-556-8800,,37.4980609,127.0265048,5,20190513,5,,,,
JDQ4MTg4MSM1MSMkMiMkMCMkMDAkNTgxMzUxIzExIyQxIyQzIyQ5MiQzNjE0ODEjODEjJDEjJDIjJDgz,비앤빛안과의원,clinic,서울,서초구,"서울특별시 서초구 서초대로 411, 지하2층 (서초동, GT TOWER)",02-501-6800,,37.4979716,127.0259786,10,20060804,10,"{""0"": [""1000"", ""1800""], ""1"": [""1000"", ""1800""], ""2"": [""1000"", ""1800""], ""3"": [""1000"", ""1800""], ""4"": [""1000"", ""1800""], ""5"": [""1000"", ""1700""]}",13:30-14:30,10:00-18:00,GT타워 이스트
JDQ4MTg4MSM1MSMkMiMkOCMkMDAkMzgxMTkxIzQxIyQxIyQ3IyQ3OSQzNjEwMDIjNjEjJDEjJDAjJDgz,삼성미래안과의원,clinic,서울,서초구,"서울특별시 서초구 방배로 178, 유중아트센터 2층 일부호 (방배동)",02-599-3650,,37.489551,126.9928568,1,20260403,1,,,,
JDQ4MTg4MSM1MSMkMiMkNCMkMDAkNTgxOTYxIzUxIyQxIyQxIyQ5MiQyNjEwMDIjNTEjJDEjJDYjJDgz,서초 바른빛안과의원,clinic,서울,서초구,"서울특별시 서초구 사임당로 143, Cross 143 305,306,307호 (서초동)",02-6243-2000,,37.4918563,127.0252522,1,20210317,1,,,,
JDQ4MTg4MSM1MSMkMiMkNCMkMDAkNTgxMzUxIzExIyQxIyQzIyQ3MiQzNjE4MzIjNDEjJDEjJDgjJDgz,서초삼성안과의원,clinic,서울,서초구,"서울특별시 서초구 동작대로 118, 304,305호 (방배동, 방배동예다인프라자빌딩)",02-3476-1515,,37.4870229,126.9828023,1,20170512,1,"{""0"": [""0930"", ""1800""], ""1"": [""0930"", ""1800""], ""2"": [""0930"", ""1300""], ""3"": [""0930"", ""1800""], ""4"": [""0930"", ""1800""], ""5"": [""0930"", ""1300""]}",오후 1:00 ~ 2:00,"종료 1시간 전 마감, 상황에 따라 조기마감",
JDQ4MTg4MSM1MSMkMiMkMCMkMDAkNTgxMzUxIzMxIyQyIyQzIyQwMCQyNjEwMDIjNjEjJDEjJDgjJDgz,서초성모안과의원,clinic,서울,서초구,"서울특별시 서초구 서초중앙로 239, 3층 (반포동)",02-532-3844,,37.5032046,127.0108769,1,20000120,1,,,,
JDQ4MTg4MSM1MSMkMiMkNCMkMDAkMzgxMTkxIzMxIyQxIyQ3IyQxMyQyNjEwMDIjNzEjJDEjJDgjJDgz,서초준안과의원,clinic,서울,서초구,"서울특별시 서초구 방배로 108, 3층 (방배동)",02-597-0075,,37.4838342,126.9964441,1,20060512,1,,,,
JDQ4MTg4MSM1MSMkMiMkMCMkMDAkNDgxNzAyIzQxIyQxIyQ3IyQ2MiQzNjEyMjIjNDEjJDEjJDgjJDgz,성모안과의원,clinic,서울,서초구,"서울특별시 서초구 방배로 115, (방배동)",02-586-8927,,37.484401,126.9954182,1,19970619,1,"{""0"": [""0900"", ""1800""], ""1"": [""0900"", ""1800""], ""2"": [""0900"", ""1800""], ""3"": [""0900"", ""1800""], ""4"": [""0900"", ""1800""], ""5"": [""0900"", ""1400""]}",13:00 ~ 14:00,,
JDQ4MTg4MSM1MSMkMiMkNCMkMDAkNTgxOTYxIzUxIyQxIyQxIyQwMyQ0NjE0ODEjODEjJDEjJDIjJDgz,성모진안과의원,clinic,서울,서초구,"서울특별시 서초구 강남대로 337, 1,4,5층 (서초동)",02-577-7782,,37.4930974,127.0294983,2,20210325,2,,,,
JDQ4MTg4MSM1MSMkMiMkOCMkMDAkMzgxOTYxIzUxIyQyIyQ1IyQwMCQyNjEwMDIjNDEjJDEjJDgjJDgz,수연세안과의원,clinic,서울,서초구,"서울특별시 서초구 서초대로77길 54, 서초더블유타워 5, 6층 (서초동)",02-2258-0077,,37.5025793,127.0248509,6,20100324,6,,,,
JDQ4MTg4MSM1MSMkMiMkOCMkMDAkMzgxOTYxIzIxIyQxIyQxIyQ4MiQzNjE4MzIjNzEjJDEjJDgjJDgz,씨케이(CK)성모안과의원,clinic,서울,서초구,"서울특별시 서초구 강남대로 563, 페이토 6층 (잠원동)",02-516-3434,,37.5119462,127.0204316,3,20190416,2,,,,
JDQ4MTg4MSM1MSMkMiMkNCMkMDAkNDgxMzUxIzMxIyQxIyQzIyQ4MiQyNjEyMjIjODEjJDEjJDIjJDgz,아이플러스안과의원,clinic,서울,서초구,"서울특별시 서초구 강남대로 435, 주류성빌딩 5, 10층 (서초동)",3482-2020,http://www.seouleyeplus.com/,37.5011826,127.0255738,2,20091218,2,,,,
JDQ4MTg4MSM1MSMkMiMkNCMkMDAkNDgxNzAyIzUxIyQxIyQ1IyQ2MiQzNjEwMDIjNDEjJDEjJDQjJDgz,안명덕안과의원,clinic,서울,서초구,"서울특별시 서초구 서초대로 304, 7층 (서초동, 강한미크리닉빌딩)",02-586-1112,,37.4938049,127.0149613,1,20170222,1,,,,
JDQ4MTg4MSM1MSMkMiMkNCMkMDAkMzgxNzAyIzIxIyQxIyQxIyQxMyQyNjEwMDIjNzEjJDEjJDgjJDgz,압구정안과의원,clinic,서울,서초구,"서울특별시 서초구 강남대로 597, 진미선빌딩 3,4층 (잠원동)",02-3416-1001,,37.5150433,127.0193368,3,20190507,3,"{""0"": [""0930"", ""1830""], ""1"": [""0930"", ""1830""], ""2"": [""0930"", ""1830""], ""4"": [""0930"", ""1930""], ""5"": [""0900"", ""1600""]}",,9시00분~18시30분,
JDQ4MTg4MSM1MSMkMiMkNCMkMDAkNDgxNzAyIzQxIyQxIyQ3IyQ2MiQyNjE0ODEjNjEjJDEjJDgjJDgz,엠에스안과의원,clinic,서울,서초구,"서울특별시 서초구 신반포로 189, 반포쇼핑타운 4동 2,5층 2층 1~39,42~45, 5층 2호 (잠원동)",02-6949-3322,,37.5065445,127.0048933,4,20240429,4,,,,
JDQ4MTg4MSM1MSMkMiMkNCMkMDAkNDgxNzAyIzQxIyQxIyQ3IyQ4MiQzNjEyMjIjNDEjJDEjJDQjJDgz,연세맑은안과의원,clinic,서울,서초구,"서울특별시 서초구 방배천로 5-3, 2층 (방배동)",02-585-7552,,37.4770623,126.9822612,2,20160901,1,"{""0"": [""0930"", ""1850""], ""1"": [""0930"", ""1850""], ""2"": [""0930"", ""1850""], ""3"": [""0930"", ""1850""], ""4"": [""0930"", ""1850""], ""5"": [""0930"", ""1300""]}",13시~14시,18 :50분까지,파스텔시티 옆
JDQ4MTg4MSM1MSMkMiMkNCMkMDAkNDgxOTYxIzQxIyQxIyQ3IyQ3MiQzNjE4MzIjNDEjJDEjJDQjJDgz,연세본안과의원,clinic,서울,서초구,"서울특별시 서초구 서초중앙로 36, 2층 (서초동, 준영빌딩)",02-3473-2061,http://www.yonseibon.co.kr,37.4855763,127.0162228,2,20120426,2,"{""0"": [""0900"", ""1800""], ""1"": [""0900"", ""1800""], ""2"": [""0900"", ""1800""], ""3"": [""0900"", ""1800""], ""4"": [""0900"", ""1800""], ""5"": [""0900"", ""1400""]}",13시00분~14시00분,09시00분~17시50분,남부터미널역 사거리
JDQ4MTg4MSM1MSMkMiMkNCMkMDAkMzgxMTkxIzQxIyQxIyQ3IyQ2MiQzNjE4MzIjNjEjJDEjJDgjJDgz,연세안과의원,clinic,서울,서초구,"서울특별시 서초구 신반포로 257, 3층 (잠원동)",02-596-8691,,37.508618,127.0119428,1,20060607,1,,,,
JDQ4MTg4MSM1MSMkMiMkNCMkMDAkMzgxNzAyIzMxIyQxIyQzIyQ4OSQ0NjE0ODEjNjEjJDEjJDQjJDgz,연세프라임안과의원,clinic,서울,서초구,"서울특별시 서초구 잠원로3길 40, 301호 (잠원동, 태남빌딩)",02-537-7585,,37.5082154,127.0036767,1,20071126,1,"{""0"": [""0930"", ""1800""], ""1"": [""0930"", ""1800""], ""2"": [""1400"", ""1800""], ""3"": [""0930"", ""1800""], ""4"": [""0930"", ""1800""], ""5"": [""0930"", ""1300""]}",12시30분~2시,"09시30분~17시30분,수요일은 14시~17시30분",태남빌딩 3층
JDQ4MTg4MSM1MSMkMiMkNCMkMDAkNDgxMTkxIzMxIyQxIyQ3IyQxMyQ0NjE0ODEjNjEjJDEjJDgjJDgz,온누리스마일안과의원,clinic,서울,서초구,"서울특별시 서초구 서초대로77길 3, 아라타워 지하 2층 (서초동)",02-6913-0000,koreasmilecenter.com,37.4980499,127.0264971,3,20140714,3,,,,
JDQ4MTg4MSM1MSMkMiMkNCMkMDAkNTgxMzUxIzIxIyQxIyQ5IyQxMyQyNjEyMjIjNjEjJDEjJDQjJDgz,이을안과의원,clinic,서울,서초구,"서울특별시 서초구 서래로 49, 3층 (반포동)",02-596-0801,,37.4993373,126.9980275,1,20180418,1,,,,
JDQ4MTg4MSM1MSMkMiMkNCMkMDAkNTgxOTYxIzIxIyQxIyQxIyQxMyQyNjEyMjIjODEjJDEjJDIjJDgz,잘보는정안과의원,clinic,서울,서초구,"서울특별시 서초구 서초중앙로 230, 동화반포프라자빌딩 502호 일부 및 503호 (반포동)",02-593-6161,,37.5021689,127.0120781,1,20200109,1,,,,
JDQ4MTg4MSM1MSMkMiMkMCMkMDAkMzgxMTkxIzExIyQxIyQzIyQ3MiQ0NjE0ODEjNTEjJDEjJDYjJDgz,최안과의원,clinic,서울,서초구,"서울특별시 서초구 신반포로 32, (반포동, 주공아파트)",02-599-2149,,37.4995036,126.9892682,1,19780615,1,,,,
JDQ4MTg4MSM1MSMkMiMkOCMkMDAkMzgxMzUxIzUxIyQxIyQ1IyQ4MiQzNjE4MzIjNjEjJDEjJDgjJDgz,클리어서울안과의원,clinic,서울,서초구,"서울특별시 서초구 서초대로77길 17, BLOCK77 6층 (서초동)",02-599-7779,,37.4995536,127.0257524,3,20230410,3,,,,
JDQ4MTg4MSM1MSMkMiMkOCMkMDAkMzgxMzUxIzExIyQxIyQ3IyQ3OSQzNjEwMDIjNjEjJDEjJDQjJDgz,퍼스트삼성안과의원,clinic,서울,서초구,"서울특별시 서초구 서초대로78길 22, 홍우제2빌딩 5층 (서초동)",1661-1191,,37.4958166,127.0275715,2,20210823,2,,,,
JDQ4MTg4MSM1MSMkMiMkNCMkMDAkMzgxNzAyIzIxIyQxIyQxIyQwMyQ0NjEwMDIjNjEjJDEjJDQjJDgz,하늘안과의원,clinic,서울,서초구,"서울특별시 서초구 강남대로 509, A동 B3~2,8~10층 (반포동)",02-573-9779,http://www.bweye.co.kr,37.5076446,127.0224917,10,20150831,10,,,,
JDQ4MTg4MSM1MSMkMiMkNCMkMDAkMzgxOTYxIzMxIyQxIyQ3IyQ2MiQyNjE0ODEjNzEjJDEjJDgjJDgz,사랑의안과의원,clinic,서울,성동구,"서울특별시 성동구 고산자로 234, 5층 (행당동, 나래타워)",02-2281-2770,http://www.happyeye.net,37.5605386,127.0352721,1,20040507,1,,,,
JDQ4MTg4MSM1MSMkMiMkNCMkMDAkNDgxOTYxIzExIyQxIyQ3IyQ2MiQ0NjEwMDIjNDEjJDEjJDgjJDgz,서울숲삼성안과의원,clinic,서울,성동구,"서울특별시 성동구 아차산로 41, 안동빌딩 6층 (성수동1가)",02-499-0030,,37.5469705,127.0489912,1,20050314,1,,,,
JDQ4MTg4MSM1MSMkMiMkNCMkMDAkMzgxMTkxIzIxIyQxIyQ1IyQ3MiQyNjE4MzIjNjEjJDEjJDQjJDgz,성수성모안과의원,clinic,서울,성동구,"서울특별시 성동구 뚝섬로 388, 4,5층 (성수동2가)",02-468-5555,,37.5390165,127.0536753,1,20051024,1,,,,
JDQ4MTg4MSM1MSMkMiMkNCMkMDAkNTgxMzUxIzExIyQxIyQ3IyQ2MiQzNjEyMjIjNTEjJDEjJDIjJDgz,센트라스 서울안과의원,clinic,서울,성동구,"서울특별시 성동구 왕십리로 410, L동 2층 219, 220호 (하왕십리동, 센트라스)",02-2291-1001,,37.5665508,127.0247865,3,20170720,3,,,,
JDQ4MTg4MSM1MSMkMiMkNCMkMDAkNTgxOTYxIzExIyQxIyQ3IyQ3OSQ0NjEwMDIjNTEjJDEjJDYjJDgz,아이숲안과의원,clinic,서울,성동구,"서울특별시 성동구 왕십리로 410, D동 B103호,  B104호,  B105호,  B106호 (하왕십리동, 센트라스)",02-2295-1175,,37.5665508,127.0247865,5,20190902,5,,,,
JDQ4MTg4MSM1MSMkMiMkNCMkMDAkMzgxOTYxIzIxIyQxIyQxIyQ2MiQyNjEyMjIjODEjJDEjJDIjJDgz,연세안과의원,clinic,서울,성동구,"서울특별시 성동구 왕십리로 309, 406호 (행당동, 왕십리역이스타빌)",02-2291-3155,,37.5613795,127.0345883,1,20030828,1,,,,
JDQ4MTg4MSM1MSMkMiMkOCMkMDAkMzgxMTkxIzMxIyQxIyQzIyQwMyQ0NjEwMDIjNTEjJDEjJDIjJDgz,옥수성모안과의원,clinic,서울,성동구,"서울특별시 성동구 독서당로 223, 래미안 옥수 리버젠 상가 상가동 1층 106,107,108호 (옥수동)",02-6951-0005,https://www.oksueye.co.kr,37.5442707,127.0151919,1,20260225,1,,,,
JDQ4MTg4MSM1MSMkMiMkMCMkMDAkMzgxNzAyIzUxIyQxIyQxIyQxMyQyNjEyMjIjNDEjJDEjJDQjJDgz,윤안과의원,clinic,서울,성동구,"서울특별시 성동구 독서당로 302, 2층 (금호동4가)",02-2297-3793,,37.5476111,127.0227308,1,19850712,1,,,,
JDQ4MTg4MSM1MSMkMiMkNCMkMDAkMzgxOTYxIzIxIyQxIyQ1IyQ2MiQzNjE0ODEjNDEjJDEjJDgjJDgz,좋은사람들성모안과의원,clinic,서울,성동구,"서울특별시 성동구 왕십리로 315, 7층 (행당동, 한동타워)",02-556-6551,www.jouneye.com,37.5617465,127.0342572,1,20150406,1,"{""0"": [""0900"", ""1800""], ""1"": [""0900"", ""1800""], ""2"": [""0900"", ""1800""], ""4"": [""0900"", ""1800""], ""5"": [""0900"", ""1500""]}",13시00분~14시00분,,왕십리역 11번출구 직진 한동타워 7층
JDQ4MTg4MSM1MSMkMiMkMCMkMDAkNTgxOTYxIzMxIyQyIyQ3IyQwMCQyNjE0ODEjNDEjJDEjJDQjJDgz,한빛안과의원,clinic,서울,성동구,"서울특별시 성동구 독서당로 300, 7층 (금호동4가)",02-2295-8013,,37.5479653,127.0221197,1,20010625,1,,,,
JDQ4MTg4MSM1MSMkMiMkMCMkMDAkNTgxMzUxIzQxIyQyIyQ3IyQwMCQyNjE0ODEjNDEjJDEjJDgjJDgz,행당성모안과의원,clinic,서울,성동구,"서울특별시 성동구 행당로 87, 412호 (행당동, 대림리빙프라자)",02-2299-2298,,37.5573015,127.0285419,1,20000103,1,,,,
JDQ4MTg4MSM1MSMkMiMkNCMkMDAkMzgxMzUxIzExIyQxIyQ3IyQ4MiQyNjE4MzIjODEjJDEjJDYjJDgz,김앤김안과의원,clinic,서울,성북구,"서울특별시 성북구 동소문로7길 3, (동소문동1가)",742-2385,http://www.kimkimeye.com/index.php,37.5900036,127.0090714,2,19760610,2,,,,
JDQ4MTg4MSM1MSMkMiMkMCMkMDAkNDgxNzAyIzIxIyQxIyQ5IyQxMyQzNjEyMjIjODEjJDEjJDYjJDgz,명안과의원,clinic,서울,성북구,"서울특별시 성북구 오패산로 49, 301호 (하월곡동)",02-909-7533,,37.6063918,127.0364541,1,20040528,1,"{""0"": [""0930"", ""1800""], ""1"": [""0930"", ""1800""], ""2"": [""0930"", ""1800""], ""3"": [""0930"", ""1800""], ""4"": [""0930"", ""1800""], ""5"": [""0930"", ""1500""]}",13:00-14:00,,
JDQ4MTg4MSM1MSMkMiMkNCMkMDAkMzgxOTYxIzExIyQxIyQzIyQ5OSQyNjEwMDIjNTEjJDEjJDIjJDgz,새봄안과의원,clinic,서울,성북구,"서울특별시 성북구 길음로 20, 길음뉴타운,래미안길음3차아파트 상가 3층 309,310,311,312호 (길음동)",02-909-6674,,37.6047272,127.023066,1,20190404,1,"{""0"": [""0930"", ""1830""], ""1"": [""0930"", ""1830""], ""2"": [""0930"", ""1830""], ""3"": [""0930"", ""1830""], ""4"": [""0930"", ""1830""], ""5"": [""0930"", ""1300""]}",13시00분~14시00분,09시30분~18시30분,6단지상가 새마을금고건물 3층
JDQ4MTg4MSM1MSMkMiMkNCMkMDAkMzgxOTYxIzExIyQyIyQzIyQwMCQzNjE4MzIjODEjJDEjJDYjJDgz,서울김안과의원,clinic,서울,성북구,"서울특별시 성북구 길음로 11, 근린생활시설동 지하1층 B35,B36,B37,B40호 (길음동, 길음역롯데캐슬트윈골드아파트)",919-5255,www.gaihn.net/,37.6038013,127.0234729,1,20030414,1,,,,
JDQ4MTg4MSM1MSMkMiMkNCMkMDAkNTgxMzUxIzIxIyQxIyQ5IyQ4MiQyNjEwMDIjNjEjJDEjJDQjJDgz,서울맑은눈안과의원,clinic,서울,성북구,"서울특별시 성북구 종암로 122, 시원빌딩 2층 203호 (종암동)",02-6954-2111,,37.6011698,127.0339268,1,20180322,1,,,,
JDQ4MTg4MSM1MSMkMiMkNCMkMDAkNDgxMzUxIzMxIyQxIyQzIyQ5MiQyNjE4MzIjNTEjJDEjJDYjJDgz,서울아이센터안과의원,clinic,서울,성북구,"서울특별시 성북구 동소문로 118, 지상2층 (동선동1가)",02-929-1119,www.firstlasik.co.kr/,37.5933253,127.0182014,1,20000901,1,,,,
JDQ4MTg4MSM1MSMkMiMkMCMkMDAkNTgxMzUxIzIxIyQxIyQ5IyQwMyQyNjE0ODEjODEjJDEjJDIjJDgz,성모안과의원,clinic,서울,성북구,"서울특별시 성북구 보문로 163, 5층 (삼선동5가)",02-796-0159,,37.5888951,127.0163762,1,20140922,1,,,,
JDQ4MTg4MSM1MSMkMiMkMCMkMDAkNDgxMzUxIzIxIyQxIyQ5IyQ5OSQyNjEyMjIjODEjJDEjJDYjJDgz,오안과의원,clinic,서울,성북구,"서울특별시 성북구 화랑로 248, 장위뉴타워 7층 703호 (석관동)",02-911-4516,,37.6104155,127.0569262,1,19870430,1,,,,
JDQ4MTg4MSM1MSMkMiMkMCMkMDAkMzgxNzAyIzUxIyQxIyQxIyQ2MiQyNjE4MzIjNDEjJDEjJDgjJDgz,이인섭안과의원,clinic,서울,성북구,"서울특별시 성북구 동소문로 125, 7층 (동선동4가, 골든타워)",02-922-0017,,37.5941649,127.0182308,3,19850507,3,"{""0"": [""0900"", ""1800""], ""1"": [""0900"", ""1800""], ""2"": [""0900"", ""1800""], ""3"": [""0900"", ""1800""], ""4"": [""0900"", ""1800""], ""5"": [""0900"", ""1300""]}",13시00분~14시00분,,골든타워
JDQ4MTg4MSM1MSMkMiMkMCMkMDAkMzgxNzAyIzIxIyQxIyQxIyQ5MiQzNjE0ODEjNTEjJDEjJDYjJDgz,이홍수안과의원,clinic,서울,성북구,"서울특별시 성북구 동소문로 231, (길음동)",02-912-8888,,37.6028701,127.0223893,1,19830426,1,,,,
JDQ4MTg4MSM1MSMkMiMkNCMkMDAkNDgxNzAyIzUxIyQxIyQxIyQ4OSQzNjE4MzIjODEjJDEjJDIjJDgz,조은안과의원,clinic,서울,성북구,"서울특별시 성북구 보국문로 40-3, 2층 (정릉동)",02-3292-7575,,37.6083631,127.0101819,1,20161103,1,,,,
JDQ4MTg4MSM1MSMkMiMkNCMkMDAkNTgxOTYxIzIxIyQxIyQ1IyQ4OSQyNjE4MzIjNjEjJDEjJDAjJDgz,좋은안과의원,clinic,서울,성북구,"서울특별시 성북구 돌곶이로 59, 4층 (석관동)",02-957-9353,,37.6089391,127.0586604,1,20200218,1,,,,
JDQ4MTg4MSM1MSMkMiMkNCMkMDAkMzgxOTYxIzUxIyQxIyQ1IyQwMyQyNjE0ODEjNjEjJDEjJDQjJDgz,한국안과의원,clinic,서울,성북구,"서울특별시 성북구 정릉로 251, 지상3층 (정릉동)",02-912-5678,,37.6047262,127.0119345,1,20050221,1,,,,
JDQ4MTg4MSM1MSMkMiMkNCMkMDAkNDgxOTYxIzExIyQxIyQ3IyQ3MiQyNjEyMjIjNDEjJDEjJDgjJDgz,햇살좋은안과의원,clinic,서울,성북구,"서울특별시 성북구 동소문로 92, 7층 (동소문동5가)",02-928-0075,,37.5921783,127.0155017,1,20110217,1,,,,
JDQ4MTg4MSM1MSMkMiMkNCMkMDAkNDgxNzAyIzIxIyQxIyQ5IyQ5OSQyNjE4MzIjNzEjJDEjJDgjJDgz,눈사람안과의원,clinic,서울,송파구,"서울특별시 송파구 올림픽로 119, 파인애플상가동 3층 B06호 (잠실동, 잠실파인애플상가)",02-6425-1512,,37.5120894,127.0842018,2,20160125,2,,,,
JDQ4MTg4MSM1MSMkMiMkNCMkMDAkNTgxOTYxIzIxIyQxIyQ1IyQ3OSQyNjE4MzIjNzEjJDEjJDgjJDgz,더봄안과의원,clinic,서울,송파구,"서울특별시 송파구 송파대로 345, 1A동 2040호 일부,2041호, 2042호 (가락동, 헬리오시티)",02-6232-2580,,37.4976183,127.1072604,1,20200212,1,,,,
JDQ4MTg4MSM1MSMkMiMkNCMkMDAkNDgxMzUxIzIxIyQxIyQ5IyQ5OSQzNjE0ODEjODEjJDEjJDYjJDgz,드림안과의원,clinic,서울,송파구,"서울특별시 송파구 동남로 138, (문정동, 문정클리닉 2층)",02-402-7585,,37.4911325,127.1262614,1,20090911,1,,,,
JDQ4MTg4MSM1MSMkMiMkNCMkMDAkNDgxMTkxIzUxIyQxIyQ1IyQ4MiQyNjEyMjIjNjEjJDEjJDAjJDgz,미래안과의원,clinic,서울,송파구,"서울특별시 송파구 마천로41길 9, 2층 (마천동)",02-430-7555,,37.497222,127.1487742,1,20150312,1,"{""0"": [""0930"", ""1800""], ""1"": [""0930"", ""1800""], ""2"": [""0930"", ""1800""], ""3"": [""0930"", ""1800""], ""4"": [""0930"", ""1800""], ""5"": [""0930"", ""1300""]}",13시 00분~ 14시 00분,9시30분~6시30분,"마천2동 주민센터, 파출소"
JDQ4MTg4MSM1MSMkMiMkNCMkMDAkNDgxMzUxIzIxIyQyIyQ1IyQwMCQyNjEyMjIjNTEjJDEjJDYjJDgz,밝은눈안과의원,clinic,서울,송파구,"서울특별시 송파구 올림픽로 300, 롯데월드타워앤드롯데월드몰 월드타워동 11층 (신천동)",02-1600-5770,http://www.eye1004.co.kr,37.5125702,127.1025625,6,20181217,6,,오후 1시~오후 2시,오전 10시~오후 6시 30분,밝은눈안과 강남교보타워점
JDQ4MTg4MSM1MSMkMiMkMCMkMDAkMzgxNzAyIzIxIyQxIyQxIyQ4MiQzNjE4MzIjNDEjJDEjJDgjJDgz,백운규안과의원,clinic,서울,송파구,"서울특별시 송파구 올림픽로35길 112, 1동 306호 (신천동, 장미아파트비상가)",02-415-5100,,37.517819,127.1017233,1,19830427,1,"{""0"": [""0930"", ""1730""], ""1"": [""0930"", ""1730""], ""2"": [""0930"", ""1230""], ""3"": [""0930"", ""1730""], ""4"": [""0930"", ""1730""], ""5"": [""0930"", ""1230""]}",12시30분~14시,,장미종합B상가3층
JDQ4MTg4MSM1MSMkMiMkNCMkMDAkNDgxOTYxIzExIyQxIyQ3IyQ3MiQyNjE4MzIjODEjJDEjJDYjJDgz,사랑안과의원,clinic,서울,송파구,"서울특별시 송파구 거마로 62, 301호 (마천동)",02-6959-2060,http://www.allpurun.co.kr,37.4984284,127.1470353,1,20141215,1,,,,
JDQ4MTg4MSM1MSMkMiMkNCMkMDAkMzgxOTYxIzExIyQxIyQ3IyQ3OSQzNjE0ODEjODEjJDEjJDYjJDgz,서울강안과의원,clinic,서울,송파구,"서울특별시 송파구 오금로 505, (거여동, 201호)",02-3401-8383,http://www.kangeye.co.kr/,37.4932219,127.1449105,1,19990209,1,"{""0"": [""0900"", ""1800""], ""1"": [""0900"", ""1800""], ""2"": [""0900"", ""1800""], ""3"": [""0900"", ""1800""], ""4"": [""0900"", ""1800""], ""5"": [""0900"", ""1300""]}",13시 00분~ 14시 00분,09시00분~18시00분,
JDQ4MTg4MSM1MSMkMiMkOCMkMDAkMzgxMzUxIzIxIyQxIyQ1IyQ2MiQyNjE0ODEjNjEjJDEjJDgjJDgz,서울스마트안과의원,clinic,서울,송파구,"서울특별시 송파구 송파대로 167, 문정역테라타워 A동 2층 207호 (문정동)",02-2054-8228,,37.4848354,127.1210395,1,20220222,1,,,,
JDQ4MTg4MSM1MSMkMiMkNCMkMDAkMzgxOTYxIzMxIyQxIyQ3IyQ4MiQzNjEwMDIjNTEjJDEjJDIjJDgz,서울안과의원,clinic,서울,송파구,"서울특별시 송파구 양산로 42, 3층 (거여동)",02-409-1175,,37.4926414,127.1445023,1,20040603,1,,,,
JDQ4MTg4MSM1MSMkMiMkNCMkMDAkNDgxNzAyIzExIyQxIyQzIyQ5MiQ0NjE0ODEjODEjJDEjJDYjJDgz,서울휘안과의원,clinic,서울,송파구,"서울특별시 송파구 송파대로 111, 201동 107B,108,109,110,111호 (문정동, 파크하비오)",02-400-7302,,37.4805094,127.1232611,2,20150608,2,"{""0"": [""0900"", ""1830""], ""1"": [""0900"", ""1830""], ""2"": [""0900"", ""1830""], ""3"": [""0900"", ""1830""], ""4"": [""0900"", ""1300""], ""5"": [""0900"", ""1400""]}",오후 1시 - 오후 2시,"오전9시 - 오후6시30분, 목요일은 오후9시까지",장지교회
JDQ4MTg4MSM1MSMkMiMkMCMkMDAkNTgxMzUxIzIxIyQxIyQxIyQwMyQzNjE0ODEjODEjJDEjJDIjJDgz,성모맑은눈안과의원,clinic,서울,송파구,"서울특별시 송파구 올림픽로 145, 2층 60호 (잠실동, 리센츠 2A)",02-3431-3733,,37.5119636,127.0870103,1,20071016,1,,,,
JDQ4MTg4MSM1MSMkMiMkMCMkMDAkNDgxMzUxIzExIyQyIyQzIyQwMCQyNjEyMjIjNDEjJDEjJDgjJDgz,송파이안과의원,clinic,서울,송파구,"서울특별시 송파구 송파대로 376, 정우빌딩 2층 (송파동)",02-416-2369,,37.5014623,127.1110759,1,19860310,1,"{""0"": [""0930"", ""1800""], ""1"": [""0930"", ""1800""], ""2"": [""0930"", ""1800""], ""3"": [""0930"", ""1800""], ""4"": [""0930"", ""1800""]}",13:00~14:10,09:30~17:50,
JDQ4MTg4MSM1MSMkMiMkMCMkMDAkNDgxMzUxIzIxIyQxIyQ5IyQ5OSQzNjEyMjIjNDEjJDEjJDgjJDgz,신안과의원,clinic,서울,송파구,"서울특별시 송파구 오금로 247, (방이동)",02-413-2312,,37.5063635,127.1208949,1,19950206,1,,,,
JDQ4MTg4MSM1MSMkMiMkOCMkMDAkMzgxOTYxIzIxIyQyIyQxIyQwMCQyNjEwMDIjNjEjJDEjJDgjJDgz,아이유안과의원,clinic,서울,송파구,"서울특별시 송파구 삼전로 84, IU아이유빌딩 2,6,8층 (삼전동)",02-6951-1500,,37.5058328,127.0897031,3,20231011,3,,,,
JDQ4MTg4MSM1MSMkMiMkOCMkMDAkMzgxMTkxIzMxIyQxIyQ3IyQwMyQyNjE0ODEjNjEjJDEjJDQjJDgz,연세드림안과의원,clinic,서울,송파구,"서울특별시 송파구 올림픽로 329, 424~426호 (신천동)",02-422-1751,,37.5161072,127.1068893,1,20260406,1,,,,
JDQ4MTg4MSM1MSMkMiMkNCMkMDAkNDgxMTkxIzMxIyQxIyQzIyQ3MiQyNjE0ODEjNjEjJDEjJDQjJDgz,연세스타안과의원,clinic,서울,송파구,"서울특별시 송파구 백제고분로 365, 5층 (석촌동, 태문빌딩)",02-412-1636,,37.5052718,127.1063142,1,20140331,1,,,,
JDQ4MTg4MSM1MSMkMiMkOCMkMDAkMzgxMzUxIzIxIyQxIyQ5IyQ4OSQzNjEyMjIjNDEjJDEjJDQjJDgz,연세이안과의원,clinic,서울,송파구,"서울특별시 송파구 동남로 207, (가락동, 유성빌딩 3층)",02-408-7416,,37.4960804,127.1309261,1,20020506,1,,,,
JDQ4MTg4MSM1MSMkMiMkNCMkMDAkNTgxOTYxIzIxIyQxIyQ5IyQ4MiQzNjE4MzIjNDEjJDEjJDQjJDgz,연세하늘안과의원,clinic,서울,송파구,"서울특별시 송파구 거마로 4, 굿플란트빌딩 2층 (거여동)",02-6415-5000,,37.4933543,127.14486,2,20200513,2,,,,
JDQ4MTg4MSM1MSMkMiMkMCMkMDAkMzgxMTkxIzUxIyQxIyQ1IyQ3MiQzNjE0ODEjODEjJDEjJDIjJDgz,윤준달안과의원,clinic,서울,송파구,"서울특별시 송파구 올림픽로 130, (잠실동, 2층)",02-412-4768,,37.5113788,127.0849952,1,19820303,1,,,,
JDQ4MTg4MSM1MSMkMiMkMCMkMDAkNDgxMzUxIzMxIyQxIyQ3IyQ5OSQyNjEwMDIjNTEjJDEjJDYjJDgz,이승희안과의원,clinic,서울,송파구,"서울특별시 송파구 양재대로 1222, 중심상가동 334호 (방이동, 올림픽선수기자촌아파트)",02-431-9503,,37.515729,127.1310643,1,19930730,1,"{""0"": [""0930"", ""1800""], ""1"": [""0930"", ""1800""], ""2"": [""0930"", ""1800""], ""3"": [""0930"", ""1800""], ""4"": [""0930"", ""1800""], ""5"": [""0930"", ""1300""]}",13시00~14시00,9시30분~6시,"올림픽공원동문, 한국체육대학"
JDQ4MTg4MSM1MSMkMiMkNCMkMDAkNDgxNzAyIzUxIyQxIyQxIyQ5OSQyNjEwMDIjNjEjJDEjJDgjJDgz,이원희안과의원,clinic,서울,송파구,"서울특별시 송파구 석촌호수로 58, (잠실동)",02-423-2277,,37.5110976,127.085466,2,19770404,2,,,,
JDQ4MTg4MSM1MSMkMiMkNCMkMDAkNDgxOTYxIzUxIyQxIyQ1IyQ2MiQzNjEyMjIjNzEjJDEjJDgjJDgz,잠실SU연세안과의원,clinic,서울,송파구,"서울특별시 송파구 송파대로 558, (신천동, 월드타워 305호)",02-6949-1111,www.sueye.co.kr/,37.5150949,127.0997117,2,20070302,2,"{""0"": [""0930"", ""1830""], ""1"": [""0930"", ""1830""], ""2"": [""0930"", ""1830""], ""3"": [""0930"", ""1300""], ""4"": [""0930"", ""1830""], ""5"": [""0930"", ""1500""]}",13시00분~14시00분,09시30분~18시 10분,"2,8호선 잠실역"
JDQ4MTg4MSM1MSMkMiMkNCMkMDAkMzgxMTkxIzQxIyQxIyQ3IyQ5OSQyNjEwMDIjNTEjJDEjJDIjJDgz,잠실삼성안과의원,clinic,서울,송파구,"서울특별시 송파구 올림픽로 114, 서경빌딩 (잠실동)",02-424-7523,http://www.topeye.co.kr,37.5113949,127.083202,6,20060603,5,"{""0"": [""0930"", ""1900""], ""1"": [""0930"", ""1900""], ""2"": [""0930"", ""1900""], ""3"": [""0930"", ""1900""], ""4"": [""0930"", ""2000""], ""5"": [""0900"", ""1300""]}",13시00분~14시00분,9시10분~18시00분,
JDQ4MTg4MSM1MSMkMiMkNCMkMDAkMzgxNzAyIzMxIyQxIyQzIyQ2MiQ0NjE0ODEjNzEjJDEjJDgjJDgz,잠실서울밝은안과의원,clinic,서울,송파구,"서울특별시 송파구 송파대로 422, (송파동, 3층)",02-416-0075,http://www.goodlasik.co.kr/index.php,37.5049953,127.1078702,2,20060213,2,,,,
JDQ4MTg4MSM1MSMkMiMkOCMkMDAkMzgxMzUxIzMxIyQxIyQzIyQ3MiQyNjEwMDIjNjEjJDEjJDAjJDgz,잠실소중안안과의원,clinic,서울,송파구,"서울특별시 송파구 석촌호수로 61, 트리지움 3층 304호 (잠실동)",02-423-4003,,37.5107806,127.0861952,2,20220607,2,,,,
JDQ4MTg4MSM1MSMkMiMkMCMkMDAkNDgxMTkxIzQxIyQxIyQ3IyQ3MiQzNjE4MzIjNDEjJDEjJDgjJDgz,전안과의원,clinic,서울,송파구,"서울특별시 송파구 가락로 113, (석촌동, 3층)",02-424-3518,,37.5016889,127.1086545,1,19940418,1,,,,
JDQ4MTg4MSM1MSMkMiMkMCMkMDAkNTgxOTYxIzMxIyQxIyQ3IyQ3MiQyNjE0ODEjNjEjJDEjJDAjJDgz,정장현안과의원,clinic,서울,송파구,"서울특별시 송파구 중대로 68, (문정동, 훼밀리샤르망 302호)",02-400-7672,,37.4915772,127.1164484,1,20010621,1,"{""0"": [""1000"", ""1800""], ""1"": [""1000"", ""1800""], ""2"": [""1000"", ""1800""], ""4"": [""1000"", ""1800""], ""5"": [""1000"", ""1300""]}",13시00분~14시00분,10시00분~17시30분,훼미리샤르망
JDQ4MTg4MSM1MSMkMiMkNCMkMDAkNDgxNzAyIzIxIyQyIyQ5IyQwMCQzNjEyMjIjODEjJDEjJDYjJDgz,조아안과의원,clinic,서울,송파구,"서울특별시 송파구 송이로 87, (가락동, 3층)",02-430-7918,,37.4983477,127.1208106,1,20000901,1,,,,
JDQ4MTg4MSM1MSMkMiMkMCMkMDAkNDgxOTYxIzExIyQyIyQ3IyQwMCQyNjE4MzIjNDEjJDEjJDgjJDgz,티엘안과의원,clinic,서울,송파구,"서울특별시 송파구 마천로5길 4, (오금동, 삼대양빌딩 5층 가호)",02-404-5111,,37.5087274,127.1267564,1,20090416,1,"{""0"": [""1000"", ""1800""], ""1"": [""1000"", ""1800""], ""2"": [""1000"", ""1800""], ""3"": [""1000"", ""1800""], ""4"": [""1000"", ""1800""], ""5"": [""1000"", ""1400""]}",13시00분~14시00분,10:00-18;00,방이역하차
JDQ4MTg4MSM1MSMkMiMkNCMkMDAkMzgxOTYxIzUxIyQxIyQ1IyQ2MiQ0NjE0ODEjNDEjJDEjJDgjJDgz,해맑은안과의원,clinic,서울,송파구,"서울특별시 송파구 올림픽로 435, (신천동, 파크리오상가A동 5층17호)",02-412-2175,,37.5212331,127.1086482,1,20090303,1,,,,
JDQ4MTg4MSM1MSMkMiMkNCMkMDAkNDgxMTkxIzMxIyQxIyQ3IyQ3MiQzNjEwMDIjNTEjJDEjJDIjJDgz,41타워안과의원,clinic,서울,양천구,"서울특별시 양천구 목동동로 293, 현대41타워 504,505호 (목동)",02-6959-4107,www.41towereye.com,37.5281774,126.8757769,2,20140616,2,"{""0"": [""0930"", ""1730""], ""1"": [""0930"", ""1730""], ""2"": [""0000"", ""0000""], ""3"": [""0930"", ""1730""], ""4"": [""0930"", ""1730""], ""5"": [""0930"", ""1230""]}",13시00분~14시00분,"09시~11시,13시~15시30분",현대41타워
JDQ4MTg4MSM1MSMkMiMkMCMkMDAkMzgxNzAyIzQxIyQxIyQ3IyQxMyQyNjE4MzIjNDEjJDEjJDgjJDgz,김갑석안과의원,clinic,서울,양천구,"서울특별시 양천구 등촌로 26, (목동)",02-2642-3550,,37.5323151,126.8639852,1,19850302,1,,,,
JDQ4MTg4MSM1MSMkMiMkNCMkMDAkNTgxOTYxIzQxIyQxIyQ3IyQ3OSQzNjE4MzIjNjEjJDEjJDQjJDgz,명안과의원,clinic,서울,양천구,"서울특별시 양천구 신월로 168, (신월동)",2605-2105,,37.5180342,126.8422568,1,19910402,1,,,,
JDQ4MTg4MSM1MSMkMiMkNCMkMDAkMzgxMzUxIzExIyQxIyQzIyQ4OSQ0NjEwMDIjNjEjJDEjJDQjJDgz,밝은서울안과의원,clinic,서울,양천구,"서울특별시 양천구 중앙로 275, (신정동)",02-2694-0775,,37.5207853,126.852237,1,20020128,1,"{""0"": [""0930"", ""1800""], ""1"": [""0930"", ""1800""], ""2"": [""0930"", ""1800""], ""3"": [""0930"", ""1800""], ""4"": [""0930"", ""1800""], ""5"": [""0930"", ""1300""]}",13시00분~14시00분,9:30~18:00   30분전 마감,
JDQ4MTg4MSM1MSMkMiMkNCMkMDAkNDgxMzUxIzMxIyQxIyQ3IyQ3MiQyNjEwMDIjODEjJDEjJDYjJDgz,서울안과의원,clinic,서울,양천구,"서울특별시 양천구 목동로 223, (신정동)",02-2693-5800,http://,37.5283302,126.8637386,1,19981205,1,,,,
JDQ4MTg4MSM1MSMkMiMkNCMkMDAkNDgxMzUxIzExIyQxIyQzIyQ4MiQ0NjEwMDIjNTEjJDEjJDYjJDgz,양천제일안과의원,clinic,서울,양천구,"서울특별시 양천구 신월로 164, 601호 (신월동, 승일뷰티타워2)",02-2601-2100,,37.5177576,126.8420198,1,20081124,1,,,,
JDQ4MTg4MSM1MSMkMiMkNCMkMDAkNDgxNzAyIzMxIyQyIyQzIyQwMCQzNjE0ODEjODEjJDEjJDYjJDgz,연세안과의원,clinic,서울,양천구,"서울특별시 양천구 신정중앙로 103, 7층 (신정동)",2065-0075,,37.5265063,126.8633813,1,20030325,1,,,,
JDQ4MTg4MSM1MSMkMiMkNCMkMDAkNDgxMzUxIzExIyQyIyQzIyQwMCQyNjE0ODEjODEjJDEjJDIjJDgz,연세준안과의원,clinic,서울,양천구,"서울특별시 양천구 목동동로 63, 대영프라자 4층 401호 (신정동)",02-2642-6858,,37.5153184,126.8623249,1,20081015,1,,,,
JDQ4MTg4MSM1MSMkMiMkOCMkMDAkMzgxOTYxIzExIyQxIyQ3IyQ5MiQyNjEyMjIjNzEjJDEjJDgjJDgz,예스안과의원,clinic,서울,양천구,"서울특별시 양천구 등촌로 32, 목동 태영프라자 4,5층 401,402,503호 (목동)",02-6956-1112,http://www.yes-oph.com/,37.5328886,126.8641657,4,20230918,4,,,,
JDQ4MTg4MSM1MSMkMiMkNCMkMDAkMzgxMzUxIzIxIyQxIyQ5IyQ4MiQyNjEyMjIjNDEjJDEjJDQjJDgz,우리서울안과의원,clinic,서울,양천구,"서울특별시 양천구 오목로 300, 206동 3층 303,304호 (목동, 현대하이페리온2)",2640-1661,,37.524211,126.870491,1,20020725,1,"{""0"": [""0930"", ""1830""], ""1"": [""0930"", ""1830""], ""3"": [""0930"", ""1830""], ""4"": [""0930"", ""1830""], ""5"": [""0900"", ""1300""]}",13시00분~14시00분,09시30분~17시30분,현대하이페리온2차 206동 상가 3층 303호
JDQ4MTg4MSM1MSMkMiMkMCMkMDAkNDgxMTkxIzExIyQxIyQ3IyQxMyQzNjEyMjIjNjEjJDEjJDAjJDgz,이동석안과의원,clinic,서울,양천구,"서울특별시 양천구 목동서로 67, (목동, 우성에펠타운빌딩)",02-2651-0575,,37.5363941,126.878557,1,19920701,1,,,,
JDQ4MTg4MSM1MSMkMiMkMCMkMDAkMzgxNzAyIzUxIyQxIyQxIyQ4MiQzNjEyMjIjNDEjJDEjJDgjJDgz,주안과의원,clinic,서울,양천구,"서울특별시 양천구 중앙로 276, (신정동)",02-2646-2112,,37.5208405,126.8528952,1,19950303,1,"{""0"": [""0930"", ""1800""], ""1"": [""0930"", ""1800""], ""2"": [""0930"", ""1800""], ""3"": [""0930"", ""1800""], ""4"": [""0930"", ""1800""], ""5"": [""0930"", ""1300""]}",13:00-14:00,,신정네거리역
JDQ4MTg4MSM1MSMkMiMkOCMkMDAkMzgxMzUxIzMxIyQxIyQ3IyQxMyQzNjEyMjIjNDEjJDEjJDgjJDgz,호랑이안과의원,clinic,서울,양천구,"서울특별시 양천구 오목로 345, 목동 슬로우스퀘어 3층 301~308,312~317호 (목동)",02-2648-5008,,37.5247776,126.8758208,2,20220829,2,,,,
JDQ4MTg4MSM1MSMkMiMkOCMkMDAkMzgxMTkxIzIxIyQxIyQ1IyQ2MiQyNjEyMjIjNTEjJDEjJDYjJDgz,더바른안과의원,clinic,서울,영등포구,"서울특별시 영등포구 신풍로 28, 에코동 지하1층 119,120,121,122,123,124,125호 (신길동, 비스타동원)",,,37.4998101,126.9095583,1,20250827,1,,,,
JDQ4MTg4MSM1MSMkMiMkNCMkMDAkNDgxMTkxIzIxIyQxIyQxIyQ5MiQzNjEwMDIjNDEjJDEjJDgjJDgz,문래성모안과의원,clinic,서울,영등포구,"서울특별시 영등포구 문래로 83, 203호 (문래동3가, 아라비즈타워)",02-2655-4949,,37.5199173,126.8913363,1,20130723,1,,,,
JDQ4MTg4MSM1MSMkMiMkMCMkMDAkMzgxMTkxIzIxIyQxIyQ1IyQ4MiQ0NjE0ODEjNDEjJDEjJDQjJDgz,박상윤안과의원,clinic,서울,영등포구,"서울특별시 영등포구 여의대방로 383, 경도빌딩 (여의도동)",02-780-7475,,37.5193464,126.9315136,1,19791110,1,"{""0"": [""0930"", ""1800""], ""1"": [""0930"", ""1800""], ""2"": [""0930"", ""1800""], ""3"": [""0930"", ""1800""], ""4"": [""0930"", ""1800""], ""5"": [""0930"", ""1300""]}",13시00분 ~ 14시00분,09시30분 ~ 18시00분,경도빌딩2층
JDQ4MTg4MSM1MSMkMiMkOCMkMDAkMzgxMzUxIzIxIyQxIyQ5IyQ3MiQzNjE4MzIjNzEjJDEjJDgjJDgz,밝은빛성모안과의원,clinic,서울,영등포구,"서울특별시 영등포구 시흥대로 635, 대림메디컬빌딩 4층 (대림동)",02-6953-7873,,37.4889192,126.9059256,1,20220419,1,,,,
JDQ4MTg4MSM1MSMkMiMkNCMkMDAkNDgxMzUxIzMxIyQxIyQ3IyQ2MiQ0NjEwMDIjNzEjJDEjJDgjJDgz,밝은최안과의원,clinic,서울,영등포구,"서울특별시 영등포구 양평로 16, 2층 (당산동6가, 대정프라자)",02-3667-5575,,37.5328795,126.9045068,1,20100216,1,,,,
JDQ4MTg4MSM1MSMkMiMkOCMkMDAkMzgxMTkxIzQxIyQxIyQ3IyQ4MiQzNjEyMjIjNjEjJDEjJDgjJDgz,보라매성모안과의원,clinic,서울,영등포구,"서울특별시 영등포구 신풍로 117, 3층 (신길동)",02-848-7007,,37.5001452,126.9193547,1,20260511,1,,,,
JDQ4MTg4MSM1MSMkMiMkNCMkMDAkNDgxOTYxIzIxIyQxIyQ5IyQ4MiQzNjE0ODEjNTEjJDEjJDYjJDgz,본안과의원,clinic,서울,영등포구,"서울특별시 영등포구 당산로 166, 4층 (당산동4가, 박의원 빌딩)",02-2677-4428,,37.5291038,126.898505,1,20110921,1,,,,
JDQ4MTg4MSM1MSMkMiMkNCMkMDAkNDgxMTkxIzExIyQxIyQzIyQ5OSQzNjE4MzIjODEjJDEjJDYjJDgz,샛별안과의원,clinic,서울,영등포구,"서울특별시 영등포구 당산로44길 3, 410호 (당산동5가, 삼성타운)",02-2677-3444,,37.5319526,126.9009551,1,20130124,1,"{""0"": [""0900"", ""1800""], ""1"": [""0900"", ""1800""], ""2"": [""0900"", ""1800""], ""3"": [""0900"", ""1800""], ""4"": [""0900"", ""1800""], ""5"": [""0900"", ""1400""]}",13시00분~14시00분,,당산4차 삼성래미안 아파트
JDQ4MTg4MSM1MSMkMiMkMCMkMDAkNDgxOTYxIzExIyQxIyQzIyQ3OSQyNjE0ODEjODEjJDEjJDIjJDgz,손안과의원,clinic,서울,영등포구,"서울특별시 영등포구 신길로 141, 지하1층 (신길동)",02-844-1312,,37.5050176,126.9103158,1,19890406,1,"{""0"": [""0930"", ""0550""], ""1"": [""0930"", ""0550""], ""3"": [""0930"", ""0550""], ""4"": [""0930"", ""0550""], ""5"": [""0930"", ""1250""]}",12시50분~14시00분,,
JDQ4MTg4MSM1MSMkMiMkOCMkMDAkMzgxOTYxIzIxIyQxIyQ5IyQxMyQyNjE4MzIjODEjJDEjJDYjJDgz,씨에스서울안과의원,clinic,서울,영등포구,"서울특별시 영등포구 양평로 64, 한경빌딩 3층 (당산동6가)",02-6674-0100,,37.535143,126.8999717,3,20240403,3,"{""0"": [""0900"", ""1800""], ""1"": [""0900"", ""1800""], ""2"": [""0900"", ""1800""], ""3"": [""0900"", ""1800""], ""4"": [""0900"", ""1800""], ""5"": [""0900"", ""1300""]}",13시00분~14시00분,09시00분~18시00분,
JDQ4MTg4MSM1MSMkMiMkOCMkMDAkMzgxMTkxIzExIyQxIyQ3IyQ5MiQzNjEyMjIjNjEjJDEjJDQjJDgz,여의도성모수안과의원,clinic,서울,영등포구,"서울특별시 영등포구 여의나루로 57, 신송센타빌딩 8층 801호 (여의도동)",02-6956-5688,,37.5230475,126.9256274,2,20250522,2,,,,
JDQ4MTg4MSM1MSMkMiMkNCMkMDAkMzgxMTkxIzIxIyQxIyQ1IyQ2MiQ0NjE0ODEjODEjJDEjJDYjJDgz,연세안과의원,clinic,서울,영등포구,"서울특별시 영등포구 도림로 148, (대림동)",02-836-1400,,37.4936189,126.8984815,1,20051017,1,,,,
JDQ4MTg4MSM1MSMkMiMkNCMkMDAkMzgxOTYxIzIxIyQxIyQ5IyQ4MiQzNjEyMjIjODEjJDEjJDIjJDgz,영등포성모안과의원,clinic,서울,영등포구,"서울특별시 영등포구 영등포로 210, 3층 (영등포동4가)",02-2675-2675,,37.5195658,126.904518,1,20010630,1,,,,
JDQ4MTg4MSM1MSMkMiMkOCMkMDAkMzgxMzUxIzIxIyQxIyQ1IyQ2MiQyNjEyMjIjNTEjJDEjJDIjJDgz,영등포원안과의원,clinic,서울,영등포구,"서울특별시 영등포구 경인로 841, 서울영등포동4가우체국 3층 (영등포동4가)",02-6941-0567,,37.5165276,126.90606,2,20220215,2,,,,
JDQ4MTg4MSM1MSMkMiMkNCMkMDAkNTgxOTYxIzIxIyQxIyQ5IyQwMyQyNjE0ODEjNzEjJDEjJDgjJDgz,우리안과의원,clinic,서울,영등포구,"서울특별시 영등포구 신길로 147, 투란 빌딩 2층 201호 (신길동)",02-6471-9000,,37.5054208,126.9105102,1,20200513,1,,,,
JDQ4MTg4MSM1MSMkMiMkNCMkMDAkNDgxOTYxIzIxIyQxIyQxIyQ5OSQyNjEwMDIjNzEjJDEjJDgjJDgz,우리홍안과의원,clinic,서울,영등포구,"서울특별시 영등포구 도신로60길 2, 2층 (신길동, 미주 메디컬 빌딩)",02-540-5522,http://www.keceye.com,37.5117863,126.9168286,1,20160223,1,"{""0"": [""0930"", ""1730""], ""1"": [""0930"", ""1730""], ""2"": [""0930"", ""1730""], ""4"": [""0930"", ""1730""], ""5"": [""0930"", ""1230""]}",1시부터 2시,09시00분~17시00분,미주메디칼 센터
JDQ4MTg4MSM1MSMkMiMkNCMkMDAkMzgxMzUxIzQxIyQxIyQ3IyQxMyQzNjE4MzIjNDEjJDEjJDgjJDgz,제이씨빛소망안과의원,clinic,서울,영등포구,"서울특별시 영등포구 국제금융로6길 33, 6층 (여의도동, 맨하탄빌딩)",02-785-1068,,37.5207575,126.9269566,4,20030121,4,,,,
JDQ4MTg4MSM1MSMkMiMkMCMkMDAkMzgxNzAyIzIxIyQxIyQxIyQ5OSQyNjE4MzIjODEjJDEjJDYjJDgz,김안과의원,clinic,서울,용산구,"서울특별시 용산구 한강대로 293, 3층 (갈월동)",02-715-2422,,37.5444052,126.9718807,1,19831103,1,,,,
JDQ4MTg4MSM1MSMkMiMkNCMkMDAkMzgxNzAyIzQxIyQxIyQ3IyQxMyQ0NjE0ODEjNjEjJDEjJDgjJDgz,밝은연세안과의원,clinic,서울,용산구,"서울특별시 용산구 보광로 14, (보광동)",02-797-8275,,37.5258235,127.0019692,1,20080502,1,,,,
JDQ4MTg4MSM1MSMkMiMkOCMkMDAkMzgxOTYxIzQxIyQxIyQ3IyQ4OSQzNjE4MzIjNTEjJDEjJDIjJDgz,서울림안과의원,clinic,서울,용산구,"서울특별시 용산구 서빙고로 17, 센트럴파크몰 2층 2002호 (한강로3가)",02-6263-2400,,37.5257665,126.9678526,1,20240823,1,,,,
JDQ4MTg4MSM1MSMkMiMkNCMkMDAkNDgxOTYxIzExIyQxIyQ3IyQ3MiQ0NjE0ODEjNDEjJDEjJDQjJDgz,서울빛드림안과의원,clinic,서울,용산구,"서울특별시 용산구 한강대로 259, 고려에이트리움 203,204,205호 (갈월동)",706-8555,https://blog.naver.com/loveeyeo,37.54159,126.9724256,1,20080822,1,"{""0"": [""0930"", ""1800""], ""1"": [""0930"", ""1800""], ""2"": [""0930"", ""1800""], ""3"": [""0930"", ""1800""], ""4"": [""0930"", ""1800""], ""5"": [""0930"", ""1430""]}",13시~14시,9시30분~18시00분,4호선 숙대입구역 7번출구 롯데리아 건물 6층
JDQ4MTg4MSM1MSMkMiMkNCMkMDAkNDgxOTYxIzMxIyQxIyQzIyQ4OSQzNjE0ODEjNTEjJDEjJDYjJDgz,센트럴서울안과의원,clinic,서울,용산구,"서울특별시 용산구 이촌로 224, (이촌동, 리버뷰맨션)",02-792-2226,http://www.cseye.net,37.5201533,126.9718828,8,20111027,8,"{""0"": [""0930"", ""1800""], ""1"": [""0930"", ""1800""], ""2"": [""0930"", ""1800""], ""3"": [""0930"", ""1800""], ""4"": [""0930"", ""1800""], ""5"": [""0900"", ""1300""]}",13시00분~14시00분,9시30분-18시00분,이촌1동 파출소
JDQ4MTg4MSM1MSMkMiMkMCMkMDAkNTgxMzUxIzIxIyQxIyQ5IyQ3OSQ0NjEwMDIjNTEjJDEjJDYjJDgz,연세안과의원,clinic,서울,용산구,"서울특별시 용산구 한강대로 256, (남영동, 수빌딩)",02-793-7582,,37.5412973,126.9735262,2,19990511,2,,,,
JDQ4MTg4MSM1MSMkMiMkNCMkMDAkNDgxMTkxIzQxIyQxIyQ3IyQ4OSQ0NjE0ODEjNjEjJDEjJDAjJDgz,우리연세안과의원,clinic,서울,용산구,"서울특별시 용산구 새창로 217, 3층 301~331,342~352,355~56,366~67호 (한강로2가)",02-755-5200,,37.5302252,126.9677944,3,20180725,2,,,,
JDQ4MTg4MSM1MSMkMiMkMCMkMDAkNDgxMTkxIzIxIyQxIyQxIyQ2MiQzNjE0ODEjODEjJDEjJDIjJDgz,김기창안과의원,clinic,서울,은평구,"서울특별시 은평구 통일로 731, (대조동)",02-382-1593,,37.6106226,126.9294663,1,19930817,1,,,,
JDQ4MTg4MSM1MSMkMiMkNCMkMDAkNDgxMTkxIzMxIyQxIyQzIyQ5MiQzNjE0ODEjNTEjJDEjJDIjJDgz,두오안과의원,clinic,서울,은평구,"서울특별시 은평구 진관2로 29-21, 405호 (진관동, 드림스퀘어)",382-0025,,37.6357288,126.9193479,1,20140414,1,,,,
JDQ4MTg4MSM1MSMkMiMkNCMkMDAkMzgxMzUxIzIxIyQxIyQxIyQ3MiQzNjEyMjIjNTEjJDEjJDIjJDgz,드림성모안과의원,clinic,서울,은평구,"서울특별시 은평구 은평로 136, (응암동)",02-383-8066,,37.6002712,126.9230552,1,20010809,1,,,,
JDQ4MTg4MSM1MSMkMiMkNCMkMDAkNDgxOTYxIzQxIyQyIyQ3IyQwMCQzNjEwMDIjODEjJDEjJDYjJDgz,밝은내일안과의원,clinic,서울,은평구,"서울특별시 은평구 연서로 216, 4층 10호 (대조동, 아트캐슬주상복합상가)",02-387-9999,http://www.bneye.co.kr,37.6178109,126.9201296,3,20120412,3,"{""0"": [""0900"", ""1800""], ""1"": [""0900"", ""1800""], ""2"": [""0900"", ""1800""], ""3"": [""0900"", ""1800""], ""4"": [""0900"", ""1800""], ""5"": [""0900"", ""1400""]}",13시00분 ~ 14시00분,9시00분~18시00분,연신내 물빛공원
JDQ4MTg4MSM1MSMkMiMkNCMkMDAkMzgxMTkxIzMxIyQxIyQzIyQ5MiQzNjEyMjIjNzEjJDEjJDgjJDgz,밝은빛안과의원,clinic,서울,은평구,"서울특별시 은평구 응암로 183, 2층,3층 (응암동)",02-306-5554,,37.5884362,126.9166107,1,20060321,1,,1시~2시,오전9시 ~오후 6시,
JDQ4MTg4MSM1MSMkMiMkOCMkMDAkMzgxMTkxIzExIyQxIyQzIyQ3MiQyNjEyMjIjNDEjJDEjJDgjJDgz,밝은홍안과의원,clinic,서울,은평구,"서울특별시 은평구 통일로 730, 보광빌딩 302호 (불광동)",02-355-8966,,37.6108049,126.9300557,1,20250318,1,,,,
JDQ4MTg4MSM1MSMkMiMkNCMkMDAkNTgxOTYxIzExIyQxIyQ3IyQxMyQ0NjEwMDIjODEjJDEjJDYjJDgz,불광서울안과의원,clinic,서울,은평구,"서울특별시 은평구 통일로 715, 4층 일부호 (대조동)",02-357-8855,,37.6094203,126.9303002,1,20191113,1,,,,
JDQ4MTg4MSM1MSMkMiMkNCMkMDAkMzgxNzAyIzIxIyQxIyQxIyQ2MiQzNjEyMjIjNDEjJDEjJDgjJDgz,빛샘안과의원,clinic,서울,은평구,"서울특별시 은평구 갈현로 8, 4층 (신사동)",02-388-4225,,37.5985583,126.9104122,1,20070426,1,,,,
JDQ4MTg4MSM1MSMkMiMkOCMkMDAkMzgxMzUxIzMxIyQyIyQ3IyQwMCQ0NjEwMDIjNDEjJDEjJDgjJDgz,서울온안과의원,clinic,서울,은평구,"서울특별시 은평구 통일로 750, 3,4층 (불광동)",02-353-0112,,37.6123464,126.9286789,3,20220803,3,,,,
JDQ4MTg4MSM1MSMkMiMkNCMkMDAkNDgxOTYxIzUxIyQxIyQxIyQ4OSQzNjE0ODEjNTEjJDEjJDIjJDgz,서울이레안과의원,clinic,서울,은평구,"서울특별시 은평구 연서로 137, 2층 (구산동)",02-385-8200,http://www.sieye.co.kr,37.6111701,126.9168592,1,20120705,1,,,,
JDQ4MTg4MSM1MSMkMiMkMCMkMDAkNTgxMzUxIzMxIyQyIyQ3IyQwMCQzNjEyMjIjNTEjJDEjJDYjJDgz,소천안과의원,clinic,서울,은평구,"서울특별시 은평구 통일로 801, (대조동)",02-355-5579,,37.6156081,126.9245644,1,20110303,1,,,,
JDQ4MTg4MSM1MSMkMiMkNCMkMDAkMzgxOTYxIzExIyQxIyQ3IyQ5MiQyNjEwMDIjNjEjJDEjJDQjJDgz,연세안과의원,clinic,서울,은평구,"서울특별시 은평구 연서로 246, (불광동)",02-386-6755,,37.6190598,126.9226206,1,20030721,1,,,,
JDQ4MTg4MSM1MSMkMiMkNCMkMDAkMzgxMzUxIzUxIyQxIyQxIyQwMyQyNjEyMjIjNDEjJDEjJDQjJDgz,우리눈안과의원,clinic,서울,은평구,"서울특별시 은평구 응암로 179, (응암동)",02-372-8822,,37.5880655,126.9164074,1,20030307,1,,,,
JDQ4MTg4MSM1MSMkMiMkNCMkMDAkMzgxOTYxIzMxIyQxIyQzIyQ2MiQ0NjEwMDIjNjEjJDEjJDAjJDgz,우리성모안과의원,clinic,서울,은평구,"서울특별시 은평구 통일로 857, 4층 (갈현동, 동우빌딩)",02-389-7582,,37.6196002,126.9204041,1,20040401,1,,,,
JDQ4MTg4MSM1MSMkMiMkNCMkMDAkNTgxMzUxIzMxIyQxIyQ3IyQxMyQyNjEwMDIjNDEjJDEjJDQjJDgz,은평희망찬안과의원,clinic,서울,은평구,"서울특별시 은평구 은평로 121, 응암CO메디칼빌딩 7층 (응암동)",02-352-0090,,37.6004544,126.9210962,1,20181011,1,,,,
JDQ4MTg4MSM1MSMkMiMkMCMkMDAkNDgxMzUxIzMxIyQxIyQ3IyQwMyQzNjEwMDIjNDEjJDEjJDQjJDgz,이병석안과의원,clinic,서울,은평구,"서울특별시 은평구 통일로 741, 신흥빌딩 4층 (대조동) (대조동)",02-386-8823,,37.6114224,126.9286013,1,19880415,1,,,,
JDQ4MTg4MSM1MSMkMiMkNCMkMDAkMzgxNzAyIzUxIyQxIyQxIyQ3MiQzNjEyMjIjNzEjJDEjJDgjJDgz,한빛성모안과의원,clinic,서울,은평구,"서울특별시 은평구 통일로 856, 3001,3002호 (불광동, 메트로타워)",02-387-3273,,37.6197065,126.9216803,1,20080612,1,,,,
JDQ4MTg4MSM1MSMkMiMkNCMkMDAkNDgxOTYxIzMxIyQxIyQzIyQ2MiQzNjE4MzIjNDEjJDEjJDQjJDgz,한세성모안과의원,clinic,서울,은평구,"서울특별시 은평구 은평로 240, 힐스테이트녹번역 B102호 (응암동)",02-356-8905,http://hanseeye.co.kr,37.6004227,126.934997,1,20211006,1,"{""0"": [""0930"", ""1830""], ""1"": [""0930"", ""1830""], ""2"": [""0930"", ""1300""], ""3"": [""0930"", ""1830""], ""4"": [""0930"", ""1830""], ""5"": [""0930"", ""1300""]}",13:00~14:00,09:30~18:00,은평초등학교 맞은편
JDQ4MTg4MSM1MSMkMiMkMCMkMDAkNTgxOTYxIzMxIyQxIyQ3IyQ2MiQyNjEyMjIjNTEjJDEjJDYjJDgz,홍익안과의원,clinic,서울,은평구,"서울특별시 은평구 은평로 178, 3층 (응암동)",02-388-2946,,37.6012494,126.9275214,1,20010709,1,"{""0"": [""0900"", ""1800""], ""1"": [""0900"", ""1800""], ""2"": [""0900"", ""1800""], ""3"": [""0900"", ""1800""], ""4"": [""0900"", ""1800""], ""5"": [""0900"", ""1300""]}",13:00~14:00,,
JDQ4MTg4MSM1MSMkMiMkMCMkMDAkMzgxMTkxIzMxIyQxIyQzIyQ5OSQzNjE0ODEjNDEjJDEjJDgjJDgz,공안과의원,clinic,서울,종로구,"서울특별시 종로구 종로 19, 르메이에르종로타운1 306,311,312,406,407,506~8,516호 (종로1가)",02-733-5111,https://www.kongeye.co.kr/default_index.asp,37.5708345,126.9798606,6,19941231,6,"{""0"": [""0900"", ""1800""], ""1"": [""0900"", ""1800""], ""2"": [""0900"", ""1800""], ""3"": [""0900"", ""1800""], ""4"": [""0900"", ""1800""], ""5"": [""0900"", ""1300""], ""6"": [""0000"", ""0000""]}",점심시간 없음,09시00분~17시00분,"르메이에르종로타운 3,4,5층"
JDQ4MTg4MSM1MSMkMiMkNCMkMDAkMzgxMzUxIzUxIyQxIyQ1IyQwMyQyNjEyMjIjNjEjJDEjJDgjJDgz,권안과의원,clinic,서울,종로구,"서울특별시 종로구 종로 335-1, 4,5층 (창신동, 명제빌딩)",02-763-4368,,37.57302,127.0146651,1,20051229,1,,,,
JDQ4MTg4MSM1MSMkMiMkMCMkMDAkNTgxOTYxIzExIyQxIyQzIyQ5OSQzNjE4MzIjNDEjJDEjJDgjJDgz,대학로서울안과의원,clinic,서울,종로구,"서울특별시 종로구 대학로 146, 5층 (혜화동)",02-747-7055,,37.5842573,127.0020351,1,20000630,1,"{""0"": [""0930"", ""1830""], ""1"": [""0930"", ""1830""], ""2"": [""0930"", ""1830""], ""3"": [""0930"", ""1830""], ""4"": [""0930"", ""1830""], ""5"": [""0930"", ""1630""]}",12:30~13:30,09:30~18:00,동성중고등학교정문
JDQ4MTg4MSM1MSMkMiMkMCMkMDAkNTgxMzUxIzExIyQxIyQzIyQwMyQzNjE0ODEjNjEjJDEjJDQjJDgz,미소안과의원,clinic,서울,종로구,"서울특별시 종로구 종로 207, 5층 (종로5가, 금원빌딩)",02-333-3334,http://niceclinic.co.kr/index.asp,37.5712697,127.0007276,1,20170830,1,,,,
JDQ4MTg4MSM1MSMkMiMkNCMkMDAkNDgxMzUxIzExIyQxIyQ3IyQ2MiQ0NjEwMDIjNjEjJDEjJDQjJDgz,새얀안과의원,clinic,서울,종로구,"서울특별시 종로구 삼일대로 395, 3층 (종로2가)",02-735-3121,http://www.lasik1004.co.kr/,37.5698937,126.9873739,1,20090216,1,"{""0"": [""1000"", ""1900""], ""1"": [""1000"", ""1900""], ""3"": [""1000"", ""1900""], ""4"": [""1000"", ""2030""], ""5"": [""1000"", ""1700""]}",13시00분~14시00분,10시00분~19시00분,종로2가 사거리 금강제화
JDQ4MTg4MSM1MSMkMiMkNCMkMDAkNDgxNzAyIzMxIyQxIyQzIyQxMyQ0NjE0ODEjNjEjJDEjJDQjJDgz,연세베스트안과의원,clinic,서울,종로구,"서울특별시 종로구 지봉로 37-1, 5층 (창신동, JS TOWER )",02-743-0088,,37.5732589,127.0153386,1,20160502,1,,,,
JDQ4MTg4MSM1MSMkMiMkNCMkMDAkMzgxOTYxIzIxIyQxIyQ1IyQ3MiQyNjE0ODEjNjEjJDEjJDQjJDgz,예본안과의원,clinic,서울,종로구,"서울특별시 종로구 종로 78, 미려빌딩 (종로2가)",02-737-0030,http://www.yebon.com/yebon_06_01.asp,37.569884,126.9860582,2,20031124,2,"{""0"": [""0900"", ""1800""], ""1"": [""0900"", ""1800""], ""2"": [""0900"", ""1800""], ""3"": [""0900"", ""1800""], ""4"": [""0900"", ""1900""], ""5"": [""0900"", ""1500""]}",13시00분∼14시00분,,종로 미려빌딩
JDQ4MTg4MSM1MSMkMiMkMCMkMDAkNTgxOTYxIzUxIyQxIyQ1IyQ4MiQzNjEwMDIjNDEjJDEjJDgjJDgz,제중안과의원,clinic,서울,종로구,"서울특별시 종로구 자하문로2길 4, 3층 302호 (적선동, 경복빌딩)",02-542-8686,www.lasikcenter.co.kr/,37.5763837,126.9728746,1,20110823,1,"{""0"": [""0900"", ""1800""], ""1"": [""0900"", ""1800""], ""2"": [""0900"", ""1800""], ""3"": [""0900"", ""1800""], ""4"": [""0900"", ""1800""]}",13시00분~14시00분,09시00분~18시00분,
JDQ4MTg4MSM1MSMkMiMkNCMkMDAkMzgxOTYxIzMxIyQxIyQzIyQ2MiQzNjEyMjIjNDEjJDEjJDQjJDgz,한사랑안과의원,clinic,서울,종로구,"서울특별시 종로구 종로 335, 4층 (창신동)",02-765-1123,,37.573106,127.0148389,2,20040331,2,,,,
JDQ4MTg4MSM1MSMkMiMkMCMkMDAkMzgxMzUxIzUxIyQxIyQxIyQ5MiQzNjE4MzIjNDEjJDEjJDQjJDgz,메리힐안과의원,clinic,서울,중구,"서울특별시 중구 충무로 42, 5층 (초동)",2293-6662,,37.5648636,126.9930186,1,20101105,1,"{""0"": [""0900"", ""1700""], ""1"": [""0900"", ""1700""], ""2"": [""0900"", ""1700""], ""3"": [""0900"", ""1700""], ""4"": [""0900"", ""1700""]}",13시00분~14시00분,(접수시간) 09시00분~12시30분 / (접수시간) 14시00분~16시30분,
JDQ4MTg4MSM1MSMkMiMkNCMkMDAkNDgxOTYxIzQxIyQxIyQ3IyQ3MiQ0NjE0ODEjODEjJDEjJDIjJDgz,명동서울밝은안과의원,clinic,서울,중구,"서울특별시 중구 퇴계로 123, 하이헤리엇 8층 (충무로2가)",3789-2200,http://www.premiumlasik.kr,37.5612886,126.9853496,1,20071231,1,,,,
JDQ4MTg4MSM1MSMkMiMkMCMkMDAkNTgxMzUxIzIxIyQxIyQ1IyQwMyQyNjEyMjIjODEjJDEjJDIjJDgz,명동성모안과의원,clinic,서울,중구,"서울특별시 중구 남대문로 92, 한국전력공사 3층 (을지로2가)",319-9300,http://www.4eye.co.kr,37.565352,126.9828835,4,19990410,4,,,,
JDQ4MTg4MSM1MSMkMiMkMCMkMDAkNTgxMzUxIzExIyQxIyQ3IyQ2MiQyNjE0ODEjNDEjJDEjJDQjJDgz,밝은안과의원,clinic,서울,중구,"서울특별시 중구 서소문로 138, 대한일보빌딩 7층 (태평로2가)",02-771-0061,http://www.bgeye.co.kr/Main/Index.php,37.5636696,126.976307,1,20041020,1,"{""0"": [""0830"", ""1800""], ""1"": [""0830"", ""1800""], ""2"": [""0830"", ""1800""], ""3"": [""0830"", ""1800""], ""4"": [""0830"", ""1800""]}",12:30~14:00,,대한일보빌딩
JDQ4MTg4MSM1MSMkMiMkNCMkMDAkNDgxMzUxIzUxIyQxIyQ1IyQ4MiQzNjEyMjIjNjEjJDEjJDgjJDgz,서울안과의원,clinic,서울,중구,"서울특별시 중구 퇴계로 436-1, 3층 (신당동)",2253-0075,,37.5654719,127.0201117,1,20050321,1,,,,
JDQ4MTg4MSM1MSMkMiMkNCMkMDAkMzgxNzAyIzIxIyQyIyQxIyQwMCQyNjEyMjIjNDEjJDEjJDgjJDgz,성모안과의원,clinic,서울,중구,"서울특별시 중구 다산로11길 3, 약수JK빌딩 2층 (신당동)",2217-8275,,37.554422,127.0100409,1,20110401,1,,,,
JDQ4MTg4MSM1MSMkMiMkNCMkMDAkNDgxOTYxIzMxIyQxIyQ3IyQ3MiQ0NjEwMDIjNDEjJDEjJDQjJDgz,소망안과의원,clinic,서울,중구,"서울특별시 중구 다산로 171, 2~4층 (신당동)",2231-3121,http://www.somangeye.com,37.5588397,127.0126138,2,20040512,2,,,,
JDQ4MTg4MSM1MSMkMiMkOCMkMDAkMzgxMTkxIzUxIyQxIyQxIyQ5OSQzNjE4MzIjNDEjJDEjJDgjJDgz,이안안과의원,clinic,서울,중구,"서울특별시 중구 통일로 10, 연세대학교 세브란스빌딩 1층 (남대문로5가)",02-319-0012,http://ianeye.co.kr/,37.5570913,126.9736575,2,20060915,2,,,,
JDQ4MTg4MSM1MSMkMiMkMCMkMDAkNDgxOTYxIzMxIyQxIyQ3IyQ3OSQyNjE4MzIjNDEjJDEjJDgjJDgz,이임선안과의원,clinic,서울,중구,"서울특별시 중구 동호로 193, 5층 (신당동)",02-2234-1402,,37.5551407,127.009958,1,19910212,1,,,,
JDQ4MTg4MSM1MSMkMiMkOCMkMDAkMzgxMTkxIzIxIyQxIyQ5IyQ4MiQzNjEwMDIjODEjJDEjJDYjJDgz,탑건안과의원,clinic,서울,중구,"서울특별시 중구 퇴계로 447, 2층 210호 (황학동, 황학 아크로타워)",02-2233-2020,,37.566042,127.0217219,1,20251125,1,"{""0"": [""0900"", ""1830""], ""1"": [""0900"", ""1830""], ""2"": [""0900"", ""1830""], ""3"": [""0900"", ""1830""], ""4"": [""0900"", ""1830""], ""5"": [""0900"", ""1300""]}",09시00분~18시30분,09시00분~18시30분,황학아크로타워
JDQ4MTg4MSM1MSMkMiMkMCMkMDAkMzgxNzAyIzQxIyQxIyQ3IyQ5OSQzNjE4MzIjNTEjJDEjJDYjJDgz,김동규 안과의원,clinic,서울,중랑구,"서울특별시 중랑구 사가정로 387, 2층 (면목동)",02-493-9848,,37.5809287,127.0877536,1,19850117,1,,,,
JDQ4MTg4MSM1MSMkMiMkOCMkMDAkMzgxMTkxIzMxIyQxIyQ3IyQ4OSQzNjEwMDIjNjEjJDEjJDQjJDgz,매일연안과의원,clinic,서울,중랑구,"서울특별시 중랑구 사가정로 386, 6,7,8층 (면목동)",02-6956-3658,,37.5805341,127.0874193,3,20260304,3,"{""0"": [""0900"", ""1830""], ""1"": [""0900"", ""1830""], ""2"": [""0900"", ""1830""], ""3"": [""0900"", ""1830""], ""4"": [""0900"", ""1830""], ""5"": [""0900"", ""1400""], ""6"": [""0900"", ""1300""]}",13시00분~14시00분,09시00분~18시20분,사가정역
JDQ4MTg4MSM1MSMkMiMkNCMkMDAkMzgxNzAyIzIxIyQxIyQ1IyQ2MiQzNjEyMjIjODEjJDEjJDIjJDgz,면목현안과의원,clinic,서울,중랑구,"서울특별시 중랑구 면목로 415, 4층 (면목동)",02-432-9005,,37.5890275,127.0871158,1,20080801,1,,,,
JDQ4MTg4MSM1MSMkMiMkMCMkMDAkMzgxMTkxIzMxIyQxIyQ3IyQ2MiQzNjEwMDIjNDEjJDEjJDQjJDgz,미래안과의원,clinic,서울,중랑구,"서울특별시 중랑구 망우로 353, c동 3층 312호 (상봉동, 현대이노시티)",02-2684-3005,,37.5982973,127.0903644,1,20140801,1,,,,
JDQ4MTg4MSM1MSMkMiMkNCMkMDAkNTgxMzUxIzMxIyQxIyQzIyQ3MiQzNjEwMDIjNzEjJDEjJDgjJDgz,밝은에스안과의원,clinic,서울,중랑구,"서울특별시 중랑구 겸재로 164, 5층 (면목동)",02-435-0075,,37.5877988,127.0859462,1,20180601,1,,,,
JDQ4MTg4MSM1MSMkMiMkNCMkMDAkMzgxMTkxIzUxIyQxIyQ1IyQwMyQyNjE0ODEjNDEjJDEjJDgjJDgz,밝은희망안과의원,clinic,서울,중랑구,"서울특별시 중랑구 사가정로 399, 동부빌딩 2층 (면목동)",02-433-8200,http://www.eye8275.co.kr/,37.5807748,127.089218,2,20180102,2,"{""0"": [""0900"", ""1830""], ""1"": [""0900"", ""1830""], ""2"": [""0900"", ""1830""], ""3"": [""0900"", ""1830""], ""4"": [""0900"", ""1830""], ""5"": [""0900"", ""1400""]}",13:00~14:00,09:00~18:00,
JDQ4MTg4MSM1MSMkMiMkNCMkMDAkMzgxMTkxIzExIyQxIyQzIyQxMyQ0NjEwMDIjNjEjJDEjJDAjJDgz,서울안과의원,clinic,서울,중랑구,"서울특별시 중랑구 면목로39길 8, 4층 (면목동, 한성빌딩)",02-435-5652,,37.5797729,127.0871899,1,20050425,1,"{""0"": [""0930"", ""1800""], ""1"": [""0930"", ""1800""], ""2"": [""0930"", ""1800""], ""3"": [""0930"", ""1800""], ""4"": [""0930"", ""1800""], ""5"": [""0930"", ""1300""]}",13시00분~14시00분,,
JDQ4MTg4MSM1MSMkMiMkNCMkMDAkNTgxOTYxIzUxIyQxIyQ1IyQ3OSQzNjEwMDIjNDEjJDEjJDgjJDgz,서울퍼시픽안과의원,clinic,서울,중랑구,"서울특별시 중랑구 면목로 492, 주연빌딩 2층, 4(일부) 층 (상봉동)",02-2038-0884,,37.5959148,127.0859888,3,20210318,3,"{""0"": [""0900"", ""1830""], ""1"": [""0900"", ""1830""], ""2"": [""0900"", ""1830""], ""3"": [""0900"", ""1830""], ""4"": [""0900"", ""1830""], ""5"": [""0900"", ""1600""]}",13시 00분 ~ 14시 00분,09시 00분 ~ 18시 30분,수협건물
JDQ4MTg4MSM1MSMkMiMkMCMkMDAkNDgxNzAyIzExIyQxIyQ3IyQ2MiQzNjE0ODEjNzEjJDEjJDgjJDgz,성모안과의원,clinic,서울,중랑구,"서울특별시 중랑구 망우로 214, (상봉동)",02-438-7497,,37.593757,127.0766509,2,20000630,1,,,,
JDQ4MTg4MSM1MSMkMiMkMCMkMDAkNDgxNzAyIzQxIyQxIyQ3IyQ3OSQyNjE0ODEjNTEjJDEjJDYjJDgz,신내이안과의원,clinic,서울,중랑구,"서울특별시 중랑구 신내로 82, 302호 (신내동, 금강프라자)",02-3423-2888,,37.6066852,127.0955682,1,19970429,1,,,,
JDQ4MTg4MSM1MSMkMiMkNCMkMDAkMzgxOTYxIzExIyQxIyQ3IyQ2MiQyNjEyMjIjNDEjJDEjJDgjJDgz,예밝은안과의원,clinic,서울,중랑구,"서울특별시 중랑구 동일로 796, (중화동)",02-433-0020,,37.6013788,127.0798758,1,20040226,1,,,,
JDQ4MTg4MSM1MSMkMiMkNCMkMDAkMzgxOTYxIzExIyQxIyQ3IyQ4OSQzNjEyMjIjNTEjJDEjJDIjJDgz,우리들안과의원,clinic,서울,중랑구,"서울특별시 중랑구 망우로 418, 서울정형외과 3,4층 (망우동)",02-491-1900,,37.5991454,127.0986618,3,20030617,3,,,,
JDQ4MTg4MSM1MSMkMiMkOCMkMDAkMzgxMzUxIzQxIyQxIyQ3IyQ4MiQzNjE0ODEjODEjJDEjJDYjJDgz,이룸안과의원,clinic,서울,중랑구,"서울특별시 중랑구 공릉로 8, 2층 201호 (묵동, 대길빌딩)",02-978-8272,,37.6115688,127.0780909,1,20221103,1,,,,
JDQ4MTg4MSM1MSMkMiMkOCMkMDAkMzgxMTkxIzQxIyQxIyQ3IyQ3OSQzNjEyMjIjNTEjJDEjJDIjJDgz,참밝은안과의원,clinic,서울,중랑구,"서울특별시 중랑구 면목로 417, 5, 6층 참밝은안과 (면목동)",02-2138-2114,,37.5892593,127.0871681,1,20260416,1,,,,
JDQ4MTg4MSM1MSMkMiMkNCMkMDAkMzgxMTkxIzMxIyQxIyQ3IyQ4OSQzNjE0ODEjNTEjJDEjJDYjJDgz,현안과의원,clinic,서울,중랑구,"서울특별시 중랑구 용마산로 502, (망우동)",02-2209-1117,,37.5957658,127.1004518,1,19980221,1,,,,
JDQ4MTYyMiM2MSMkMiMkMiMkMDAkNDgxOTYxIzIxIyQxIyQ5IyQwMyQyNjE0ODEjODEjJDEjJDIjJDgz,서울봄빛안과의원,clinic,세종시,세종시,"세종특별자치시 한누리대로 265, 명동프라자 603~607호 (나성동)",044-865-1400,www.bombiteye.com,36.4878216,127.2567369,1,20221024,1,"{""0"": [""0900"", ""1830""], ""1"": [""0900"", ""1830""], ""2"": [""1000"", ""1830""], ""3"": [""0900"", ""1830""], ""4"": [""0900"", ""1830""], ""5"": [""0900"", ""1430""]}",13:00~14:00,08:40~18:20,세종남부통합보건지
JDQ4MTYyMiM2MSMkMiMkMiMkMDAkNDgxMzUxIzUxIyQxIyQxIyQ3OSQ0NjEwMDIjNTEjJDEjJDYjJDgz,서울삼성안과의원,clinic,세종시,세종시,"세종특별자치시 도움1로 106, 메가시티 403,404,414호 (종촌동)",044-862-0014,,36.502816,127.2481238,3,20160404,3,"{""0"": [""0900"", ""1900""], ""1"": [""0900"", ""1800""], ""2"": [""0900"", ""1800""], ""3"": [""0900"", ""1800""], ""4"": [""0900"", ""1900""], ""5"": [""0900"", ""1300""]}",13:00~14:00,09:00~18:00,종촌 종합복지센터
JDQ4MTYyMiM2MSMkMiMkMiMkMDAkMzgxNzAyIzIxIyQxIyQ5IyQ2MiQzNjE4MzIjNjEjJDEjJDQjJDgz,성모안과의원,clinic,세종시,세종시,"세종특별자치시 조치원읍 새내로 97, 601호",044-868-0021,http://www.smeyehall.co.kr/,36.600399,127.2980437,1,20061117,1,,,,
JDQ4MTYyMiM2MSMkMiMkMiMkMDAkNDgxOTYxIzExIyQxIyQzIyQ5MiQ0NjEwMDIjODEjJDEjJDYjJDgz,세종김안과의원,clinic,세종시,세종시,"세종특별자치시 보듬3로 150, 아름 행복타워 5층 501,502,503호 (아름동)",044-864-2360,,36.5122628,127.2430055,1,20180702,1,,,,
JDQ4MTYyMiM2MSMkMiMkMiMkMDAkNDgxMzUxIzQxIyQxIyQ3IyQxMyQ0NjE0ODEjNjEjJDEjJDAjJDgz,세종우리성모안과의원,clinic,세종시,세종시,"세종특별자치시 한누리대로 273, 601~604호 (나성동)",044-864-3370,,36.4884841,127.2564824,3,20160303,3,"{""0"": [""0900"", ""1830""], ""1"": [""0900"", ""1830""], ""2"": [""0900"", ""1830""], ""3"": [""0900"", ""1830""], ""4"": [""0900"", ""1830""], ""5"": [""0900"", ""1500""]}",,,
JDQ4MTYyMiM2MSMkMiMkMiMkMDAkNDgxOTYxIzIxIyQxIyQxIyQ2MiQyNjEwMDIjNjEjJDEjJDAjJDgz,세종이안과의원,clinic,세종시,세종시,"세종특별자치시 새롬중앙로 62-15, 해피라움W 403,404호 (새롬동)",044-868-7228,,36.486926,127.251249,1,20200204,1,,,,
JDQ4MTYyMiM2MSMkMiMkMiMkMDAkMzgxOTYxIzUxIyQxIyQ1IyQ5OSQzNjEyMjIjNTEjJDEjJDYjJDgz,소망안과의원,clinic,세종시,세종시,"세종특별자치시 한누리대로 2018, 사이언스타운 307,308호 (소담동)",044-868-8224,,36.4847414,127.2993632,1,20180503,1,,,,
JDQ4MTYyMiM2MSMkMiMkMiMkMDAkNDgxMzUxIzQxIyQxIyQ3IyQ4OSQzNjE4MzIjODEjJDEjJDIjJDgz,아이닉안과의원,clinic,세종시,세종시,"세종특별자치시 절재로 194, 403,404호 (어진동, 세종드림)",044-868-1288,,36.5082343,127.2624604,2,20150907,2,"{""0"": [""0900"", ""1900""], ""1"": [""0900"", ""1900""], ""2"": [""0900"", ""1900""], ""3"": [""0900"", ""1900""], ""4"": [""0900"", ""1900""], ""5"": [""0900"", ""1400""]}",,,세종중앙타운
JDQ4MTYyMiM2MSMkMiMkMiMkMDAkMzgxMTkxIzExIyQxIyQzIyQ4MiQyNjE0ODEjNDEjJDEjJDgjJDgz,이안과의원,clinic,세종시,세종시,"세종특별자치시 조치원읍 새내로 98, 98",044-866-7863,,36.6005673,127.2986031,1,19980126,1,,,,
JDQ4MTYyMiM4MSMkMiMkNCMkMDAkNDgxOTYxIzMxIyQyIyQzIyQwMCQyNjE0ODEjNTEjJDEjJDIjJDgz,굿모닝빛안과의원,clinic,울산,울산남구,"울산광역시 남구 삼산로 266, 굿모닝클리닉 2~3층 (삼산동)",052-707-2500,,35.5387849,129.3362911,2,20240408,2,,,,
JDQ4MTYyMiM4MSMkMiMkNCMkMDAkNDgxMzUxIzUxIyQyIyQ1IyQwMCQzNjE4MzIjNDEjJDEjJDQjJDgz,굿모닝안과의원,clinic,울산,울산남구,"울산광역시 남구 삼산로 254, 5,6층 (달동)",052-261-5909,,35.5385217,129.335013,1,19920210,1,,,,
JDQ4MTYyMiM4MSMkMiMkNCMkMDAkMzgxOTYxIzExIyQxIyQ3IyQ5OSQyNjE0ODEjODEjJDEjJDIjJDgz,김안과의원,clinic,울산,울산남구,"울산광역시 남구 삼산로 12, (신정동)",052-271-8272,,35.5324319,129.3093176,1,19890504,1,,,,
JDQ4MTYyMiM4MSMkMiMkNCMkMDAkNDgxOTYxIzExIyQxIyQzIyQ5OSQzNjE0ODEjNjEjJDEjJDgjJDgz,눈높이안과의원,clinic,울산,울산남구,"울산광역시 남구 삼산로 130, (달동)",052-700-7582,,35.535608,129.3217603,3,20121214,3,,,,
JDQ4MTYyMiM4MSMkMiMkNCMkMDAkNDgxMzUxIzUxIyQxIyQxIyQ5MiQyNjE0ODEjNjEjJDEjJDQjJDgz,더조은안과의원,clinic,울산,울산남구,"울산광역시 남구 수암로 130, 4층 (야음동)",052-716-7075,,35.5274194,129.3212953,1,20160523,1,,,,
JDQ4MTYyMiM4MSMkMiMkNCMkMDAkNDgxMzUxIzQxIyQxIyQ3IyQ5MiQyNjEwMDIjNzEjJDEjJDgjJDgz,리더스서울안과의원,clinic,울산,울산남구,"울산광역시 남구 삼산로 269, 2,4층 (삼산동)",052-260-3301,,35.5394813,129.3365304,3,20150731,3,,,,
JDQ4MTYyMiM4MSMkMiMkNCMkMDAkNDgxMzUxIzIxIyQxIyQxIyQ4MiQyNjEwMDIjODEjJDEjJDIjJDgz,명안과의원,clinic,울산,울산남구,"울산광역시 남구 번영로 178, (달동)",052-273-8511,,35.5410508,129.3269032,3,19961112,3,"{""0"": [""0900"", ""1800""], ""1"": [""0900"", ""1800""], ""2"": [""0900"", ""1800""], ""3"": [""0900"", ""1800""], ""4"": [""0900"", ""1800""], ""5"": [""0911"", ""1300""]}",13시00분 ~ 13시 30분,09시 00분 ~ 18시 00분,문화예술회관
JDQ4MTYyMiM4MSMkMiMkNCMkMDAkMzgxOTYxIzQxIyQxIyQ3IyQ4MiQyNjEyMjIjNDEjJDEjJDgjJDgz,박안과의원,clinic,울산,울산남구,"울산광역시 남구 대학로 136, 3층 (무거동, 정빌딩)",052-223-4311,,35.5465859,129.2620076,1,19950224,1,,,,
JDQ4MTYyMiM4MSMkMiMkNCMkMDAkNDgxMzUxIzExIyQxIyQzIyQ3MiQzNjE0ODEjNTEjJDEjJDIjJDgz,밝은성모안과의원,clinic,울산,울산남구,"울산광역시 남구 수암로 118-3, 4층 (신정동)",052-260-7581,,35.5280637,129.3199495,1,20090123,1,"{""0"": [""0900"", ""1900""], ""1"": [""0900"", ""1900""], ""2"": [""0900"", ""1900""], ""3"": [""0900"", ""1900""], ""4"": [""0900"", ""1900""], ""5"": [""0900"", ""1500""]}",13시00분~14시00분,09시00분~19시00분,수암 행복신협
JDQ4MTYyMiM4MSMkMiMkNCMkMDAkNDgxMzUxIzUxIyQxIyQ1IyQxMyQyNjEwMDIjNjEjJDEjJDAjJDgz,세안안과의원,clinic,울산,울산남구,"울산광역시 남구 문수로 339, (옥동, 옥동업무시설)",052-275-1175,,35.5354376,129.2906764,1,20170710,1,,,,
JDQ4MTYyMiM4MSMkMiMkNCMkMDAkMzgxMTkxIzMxIyQxIyQ3IyQ2MiQyNjEwMDIjODEjJDEjJDIjJDgz,신세계안과의원,clinic,울산,울산남구,"울산광역시 남구 삼산로 285, 2~9층 (삼산동)",052-275-0001,http://www.lasikulsan.co.kr,35.5397713,129.3381056,8,20000829,8,,,,
JDQ4MTYyMiM4MSMkMiMkNCMkMDAkNDgxMzUxIzExIyQxIyQ3IyQ4MiQyNjE0ODEjNTEjJDEjJDYjJDgz,울산밝은안과의원,clinic,울산,울산남구,"울산광역시 남구 삼산로 274, 6층 (삼산동)",052-267-2001,http://www.ulsaneye.com/,35.5389443,129.3371409,1,20091124,1,,,,
JDQ4MTYyMiM4MSMkMiMkNCMkMDAkMzgxMTkxIzExIyQxIyQ3IyQwMyQzNjEyMjIjNjEjJDEjJDgjJDgz,울산성모안과의원,clinic,울산,울산남구,"울산광역시 남구 삼산로 201, 2층 (달동)",052-275-0775,http://www.sungmoeye.co.kr/intro.html,35.5380965,129.3291691,4,19980421,4,,,,
JDQ4MTYyMiM4MSMkMiMkNCMkMDAkNDgxOTYxIzMxIyQxIyQ3IyQ3OSQzNjEwMDIjODEjJDEjJDIjJDgz,울산제일안과의원,clinic,울산,울산남구,"울산광역시 남구 중앙로 243-1, 6층 (신정동, 세보메디컬빌딩)",052-261-7591,,35.5425363,129.3108423,1,20160222,1,,,,
JDQ4MTYyMiM4MSMkMiMkNCMkMDAkMzgxMTkxIzIxIyQxIyQxIyQxMyQyNjEwMDIjODEjJDEjJDYjJDgz,정안과의원,clinic,울산,울산남구,"울산광역시 남구 북부순환도로 13, 2층 (무거동)",052-247-8275,,35.5514655,129.2651563,1,19981123,1,"{""0"": [""0900"", ""1900""], ""1"": [""0900"", ""1900""], ""2"": [""0900"", ""1900""], ""3"": [""0900"", ""1900""], ""4"": [""0900"", ""1900""], ""5"": [""0900"", ""1700""]}",13시00분 ~ 14시 00분,09시 00분 ~ 19시00분,보령메디칼 2층
JDQ4MTYyMiM4MSMkMiMkNCMkMDAkMzgxMzUxIzUxIyQxIyQ1IyQ5OSQ0NjE0ODEjODEjJDEjJDYjJDgz,강앤진안과의원,clinic,울산,울산동구,"울산광역시 동구 방어진순환도로 783, (전하동)",052-232-8789,,35.5115681,129.4303946,3,19870313,3,"{""0"": [""0900"", ""1830""], ""1"": [""0900"", ""1830""], ""2"": [""0900"", ""1830""], ""3"": [""0900"", ""1830""], ""4"": [""0900"", ""1830""], ""5"": [""0900"", ""1230""]}",12:30~14:00,,동울산우체국
JDQ4MTYyMiM4MSMkMiMkNCMkMDAkMzgxNzAyIzUxIyQxIyQxIyQ3OSQyNjEwMDIjNzEjJDEjJDgjJDgz,서울강안과의원,clinic,울산,울산동구,"울산광역시 동구 방어진순환도로 797, 2층 (전하동)",052-236-1677,,35.5130251,129.4307291,1,20070307,1,,,,
JDQ4MTYyMiM4MSMkMiMkNCMkMDAkMzgxNzAyIzExIyQxIyQzIyQ4MiQzNjEyMjIjNDEjJDEjJDgjJDgz,우리안과의원,clinic,울산,울산동구,"울산광역시 동구 대학길 76, 2층 (화정동)",052-252-6888,,35.4984452,129.421886,1,20020914,1,,,,
JDQ4MTYyMiM4MSMkMiMkNCMkMDAkNDgxMzUxIzMxIyQxIyQ3IyQ4MiQyNjEyMjIjNDEjJDEjJDgjJDgz,곽안과의원,clinic,울산,울산북구,"울산광역시 북구 화봉로 58, 402호 (연암동, 신화프라자)",070-7765-0881,,35.5878223,129.3653121,1,20140701,1,,,,
JDQ4MTYyMiM4MSMkMiMkNCMkMDAkNDgxOTYxIzExIyQxIyQ3IyQ3OSQ0NjE0ODEjNDEjJDEjJDgjJDgz,센트럴성모안과의원,clinic,울산,울산북구,"울산광역시 북구 매산로 15, 지상2층 202호 (매곡동)",052-931-1004,,35.6417384,129.3571198,1,20181224,1,,,,
JDQ4MTYyMiM4MSMkMiMkNCMkMDAkNDgxMzUxIzExIyQxIyQzIyQxMyQzNjE4MzIjNjEjJDEjJDgjJDgz,호계명안과의원,clinic,울산,울산북구,"울산광역시 북구 호계로 298, 3층 (호계동)",052-292-8277,,35.629782,129.3513564,1,20090424,1,,,,
JDQ4MTYyMiM4MSMkMiMkNCMkMDAkNDgxMzUxIzUxIyQxIyQ1IyQwMyQyNjEwMDIjNzEjJDEjJDgjJDgz,호계연세안과의원,clinic,울산,울산북구,"울산광역시 북구 호계로 324, (신천동)",052-286-0106,,35.6321252,129.3509454,1,20000907,1,,,,
JDQ4MTYyMiM4MSMkMiMkNCMkMDAkNDgxMzUxIzExIyQxIyQzIyQ2MiQyNjEwMDIjNDEjJDEjJDgjJDgz,구영성모안과의원,clinic,울산,울산울주군,"울산광역시 울주군 범서읍 구영로 86, 302호 (GM프라자)",052-246-8275,,35.5748362,129.2410064,1,20081223,1,,,,
JDQ4MTYyMiM4MSMkMiMkNCMkMDAkMzgxMTkxIzMxIyQxIyQ3IyQxMyQzNjEwMDIjNzEjJDEjJDgjJDgz,언양한사랑안과의원,clinic,울산,울산울주군,"울산광역시 울주군 언양읍 동문길 65, 4층",052-254-5775,,35.5654061,129.1250377,1,20010116,1,"{""0"": [""0930"", ""1830""], ""1"": [""0930"", ""1830""], ""2"": [""0930"", ""1830""], ""3"": [""0930"", ""1830""], ""4"": [""0930"", ""1830""], ""5"": [""0930"", ""1600""]}",13시00분~14시00분,09시20분~18시30분,
JDQ4MTYyMiM4MSMkMiMkNCMkMDAkMzgxNzAyIzMxIyQyIyQzIyQwMCQyNjE4MzIjNjEjJDEjJDgjJDgz,온산성모안과의원,clinic,울산,울산울주군,"울산광역시 울주군 온산읍 덕남로 15, (온산읍)",052-238-0775,,35.4330011,129.3113483,1,20050510,1,,,,
JDQ4MTYyMiM4MSMkMiMkNCMkMDAkNDgxMzUxIzUxIyQxIyQ1IyQxMyQyNjE0ODEjNjEjJDEjJDgjJDgz,온양밝은안과의원,clinic,울산,울산울주군,"울산광역시 울주군 온양읍 남창1길 50, 3층",052-707-7582,,35.4168899,129.2809662,1,20170710,1,,,,
JDQ4MTYyMiM4MSMkMiMkNCMkMDAkNDgxMzUxIzIxIyQxIyQ5IyQxMyQzNjE0ODEjNzEjJDEjJDgjJDgz,평화안과의원,clinic,울산,울산울주군,"울산광역시 울주군 언양읍 헌양길 156, 3층 (남빛빌딩)",052-264-8875,,35.5669575,129.1181402,1,20120928,1,,,,
JDQ4MTYyMiM4MSMkMiMkNCMkMDAkNDgxMzUxIzMxIyQyIyQzIyQwMCQ0NjE0ODEjNTEjJDEjJDIjJDgz,눈사랑안과의원,clinic,울산,울산중구,"울산광역시 중구 번영로 580, SkyM빌딩 6층 (남외동)",282-7117,,35.5685691,129.3453715,3,20140317,2,,,,
JDQ4MTYyMiM4MSMkMiMkNCMkMDAkMzgxMzUxIzUxIyQxIyQxIyQ5OSQyNjEyMjIjNTEjJDEjJDYjJDgz,명석준안과의원,clinic,울산,울산중구,"울산광역시 중구 번영로 487, 5층 (약사동)",052-296-7778,,35.5650568,129.3366792,1,20060724,1,,,,
JDQ4MTYyMiM4MSMkMiMkNCMkMDAkNDgxMzUxIzMxIyQxIyQzIyQ3OSQ0NjE0ODEjNDEjJDEjJDgjJDgz,우정성모안과의원,clinic,울산,울산중구,"울산광역시 중구 명륜로 17, 5층 (태화동)",052-211-0082,,35.5539244,129.3086913,1,20110302,1,,,,
JDQ4MTYyMiM4MSMkMiMkNCMkMDAkMzgxOTYxIzIxIyQxIyQxIyQ2MiQzNjEyMjIjODEjJDEjJDIjJDgz,이대원안과의원,clinic,울산,울산중구,"울산광역시 중구 학성로 95-1, (성남동)",052-211-2357,,35.5554884,129.3213012,1,19901005,1,,,,
JDQ4MTYyMiM4MSMkMiMkNCMkMDAkMzgxOTYxIzQxIyQxIyQ3IyQ3OSQ0NjE0ODEjNzEjJDEjJDgjJDgz,장안과의원,clinic,울산,울산중구,"울산광역시 중구 학성로 116, 2층 (옥교동)",052-243-5205,,35.5555599,129.3236835,1,19940917,1,"{""0"": [""0930"", ""1830""], ""1"": [""0930"", ""1830""], ""2"": [""0930"", ""1830""], ""3"": [""0930"", ""1830""], ""4"": [""0930"", ""1830""], ""5"": [""0930"", ""1300""]}",13시00분 부터  14시00분,,옥교동버스정류장 앞
JDU4MTI3MSM1MSMkMiMkMCMkMDAkMzgxMTkxIzExIyQxIyQzIyQ4OSQyNjE4MzIjNDEjJDEjJDgjJDgz,강화연세안과의원,clinic,인천,인천강화군,"인천광역시 강화군 강화읍 중앙로 23, (강화읍)",934-7573,,37.741058,126.4910945,1,20080303,1,,,,
JDU4MTI3MSM1MSMkMiMkMCMkMDAkMzgxMzUxIzQxIyQxIyQ3IyQ4MiQzNjEwMDIjODEjJDEjJDIjJDgz,유안과의원,clinic,인천,인천강화군,"인천광역시 강화군 강화읍 강화대로 412-1, (강화읍)",934-2164,,37.7467822,126.4857731,1,20051205,1,,,,
JDQ4MTYyMiM1MSMkMiMkMCMkMDAkNDgxMTkxIzMxIyQxIyQzIyQ2MiQyNjE4MzIjNjEjJDEjJDAjJDgz,검단다인안과의원,clinic,인천,인천검단구,"인천광역시 검단구 완정로 187, 마전메디컬센터 2층 (왕길동)",562-0506,,37.6025377,126.6556276,1,19990820,1,"{""0"": [""0900"", ""1700""], ""1"": [""0900"", ""1700""], ""2"": [""0900"", ""1700""], ""3"": [""0900"", ""1700""], ""4"": [""0900"", ""1700""], ""5"": [""0900"", ""1300""]}",13시 00분 ~ 14시 00분,09시 00분 ~ 16시 45분,검단 119 안전센터(소방서)
JDU4MTI3MSM1MSMkMiMkMCMkMDAkMzgxOTYxIzUxIyQxIyQ1IyQ5OSQyNjE0ODEjNjEjJDEjJDgjJDgz,검단서울안과의원,clinic,인천,인천검단구,"인천광역시 검단구 원당대로 663, 401호 (마전동, 한종프라자)",569-5333,,37.593947,126.67488,1,20070412,1,,,,
JDU4MTI3MSM2MSMkMiMkMiMkMDAkMzgxMzUxIzExIyQyIyQzIyQwMCQzNjE4MzIjODEjJDEjJDYjJDgz,마이눈안과의원,clinic,인천,인천검단구,"인천광역시 검단구 고산후로 221, 엠파이어빌딩 601~605호 (불로동)",032-564-7555,,37.6034634,126.6981604,1,20250828,1,,,,
JDU4MTI3MSM1MSMkMiMkMCMkMDAkNTgxOTYxIzIxIyQxIyQxIyQ4MiQyNjE4MzIjODEjJDEjJDYjJDgz,아이빛안과의원,clinic,인천,인천검단구,"인천광역시 검단구 이음대로 392, 메트로시티 7층 706, 707, 709호 (원당동)",032-566-7577,,37.5926069,126.7127253,1,20240103,1,,,,
JDU4MTI3MSM1MSMkMiMkMCMkMDAkNTgxMzUxIzIxIyQyIyQxIyQwMCQyNjEwMDIjNjEjJDEjJDQjJDgz,인천신세계안과의원,clinic,인천,인천검단구,"인천광역시 검단구 이음대로 378, 로뎀타워 4층 401~406호 (원당동)",032-716-9559,,37.5939028,126.7125995,1,20220304,1,,,,
JDU4MTI3MSM1MSMkMiMkMCMkMDAkNTgxOTYxIzExIyQxIyQ3IyQxMyQyNjE4MzIjNjEjJDEjJDAjJDgz,인천퍼스트안과의원,clinic,인천,인천검단구,"인천광역시 검단구 이음1로 377, 검단 눈담봄 101 5층 (원당동)",032-562-3888,https://firsteye-incheon.co.kr,37.5941769,126.7171151,2,20231113,2,,,,
JDU4MTI3MSM1MSMkMiMkMCMkMDAkMzgxMzUxIzExIyQxIyQ3IyQ2MiQzNjE0ODEjNzEjJDEjJDgjJDgz,참밝은안과의원,clinic,인천,인천검단구,"인천광역시 검단구 완정로 179, 3층 (왕길동, 마전메디칼)",569-0088,,37.6022682,126.6565217,1,20041023,1,,,,마전메디칼3층
JDQ4MTYyMiM1MSMkMiMkMCMkMDAkNDgxMTkxIzQxIyQxIyQ3IyQwMyQzNjE4MzIjODEjJDEjJDYjJDgz,김대진안과의원,clinic,인천,인천계양구,"인천광역시 계양구 장제로 911, 3층 (병방동)",032-552-3678,,37.5478606,126.7406685,1,20000228,1,,,,
JDU4MTI3MSM1MSMkMiMkMCMkMDAkNTgxMzUxIzUxIyQxIyQxIyQ3MiQzNjEwMDIjNDEjJDEjJDgjJDgz,서울봄안과의원,clinic,인천,인천계양구,"인천광역시 계양구 오조산로 53, 연세차메디칼센터 2층 201호, 4층 403~404호, 7층 701~704호 (계산동)",032-719-8190,,37.5355942,126.7382857,3,20230221,3,,,,
JDQ4MTYyMiM1MSMkMiMkMCMkMDAkMzgxOTYxIzUxIyQxIyQ1IyQwMyQzNjE4MzIjNjEjJDEjJDAjJDgz,성모안과의원,clinic,인천,인천계양구,"인천광역시 계양구 계양대로 208, (계산동)",032-542-7773,,37.5425028,126.7230202,1,19880303,1,,,,
JDU4MTI3MSM1MSMkMiMkMCMkMDAkMzgxMzUxIzExIyQyIyQzIyQwMCQzNjE0ODEjNTEjJDEjJDYjJDgz,신안과의원,clinic,인천,인천계양구,"인천광역시 계양구 오조산로 3, (작전동, 한미리빌딩)",032-554-2764,,37.5312215,126.7378279,1,20040810,1,"{""0"": [""0930"", ""1800""], ""1"": [""0930"", ""1800""], ""2"": [""0930"", ""1800""], ""3"": [""0930"", ""1800""], ""4"": [""0930"", ""1800""], ""5"": [""0930"", ""1500""]}",13시00분~14시00분,09시00분~17시45분,한미리빌딩3층
JDQ4MTYyMiM1MSMkMiMkMCMkMDAkNDgxMzUxIzQxIyQxIyQ3IyQ4MiQyNjE0ODEjNjEjJDEjJDgjJDgz,연세안과의원,clinic,인천,인천계양구,"인천광역시 계양구 계산새로65번길 17, 3층 300호, 302호, 4층 400호 (계산동)",032-543-3470,http://www.114lasik.co.kr,37.5398514,126.7353304,1,20000808,1,,,,
JDQ4MTYyMiM1MSMkMiMkMCMkMDAkMzgxMTkxIzMxIyQxIyQzIyQ5OSQzNjE4MzIjNDEjJDEjJDgjJDgz,오안과의원,clinic,인천,인천계양구,"인천광역시 계양구 계양대로 55, 2층 (작전동, 민재빌딩)",032-542-2112,,37.528754,126.7221139,1,19900306,1,,13시00분 ~ 14시00분,09시30분 ~ 18시30분,
JDU4MTI3MSM1MSMkMiMkMCMkMDAkNDgxMTkxIzUxIyQxIyQ1IyQ4MiQzNjE4MzIjNDEjJDEjJDQjJDgz,인천나눔성모안과의원,clinic,인천,인천계양구,"인천광역시 계양구 장제로 714, 세종팰리스 3층,4층 301호, 405호 (작전동)",032-555-5468,,37.531365,126.734236,1,20111019,1,"{""0"": [""0930"", ""1800""], ""1"": [""0930"", ""1800""], ""2"": [""0930"", ""1800""], ""3"": [""0930"", ""1800""], ""4"": [""0930"", ""1800""], ""5"": [""0930"", ""1500""]}",13:00~14:00,09:00~18:15,한림병원
JDU4MTI3MSM1MSMkMiMkMCMkMDAkMzgxOTYxIzUxIyQxIyQ1IyQ4OSQ0NjEwMDIjNTEjJDEjJDIjJDgz,참빛안과의원,clinic,인천,인천계양구,"인천광역시 계양구 계양대로 53, 402호 (작전동, 휘림빌딩)",032-556-3950,,37.5285769,126.7221433,1,20071224,1,,,,
JDU4MTI3MSM1MSMkMiMkMCMkMDAkMzgxMzUxIzUxIyQxIyQ1IyQ3OSQyNjE0ODEjNjEjJDEjJDgjJDgz,간석밝은안과의원,clinic,인천,인천남동구,"인천광역시 남동구 남동대로 890, 401호 (간석동, 탑메디칼)",429-9266,,37.4618407,126.7086711,1,20060228,1,,,,
JDU4MTI3MSM1MSMkMiMkMCMkMDAkMzgxNzAyIzExIyQxIyQ3IyQwMyQyNjEyMjIjNjEjJDEjJDgjJDgz,구월김안과의원,clinic,인천,인천남동구,"인천광역시 남동구 호구포로 808, 수정빌딩 501호 (구월동)",462-5677,,37.4544923,126.7195378,1,20071018,1,,,,
JDQ4MTYyMiM1MSMkMiMkMCMkMDAkMzgxMTkxIzIxIyQxIyQxIyQ5OSQzNjEwMDIjNjEjJDEjJDQjJDgz,김찬식안과의원,clinic,인천,인천남동구,"인천광역시 남동구 만수로37번길 8-8, (만수동)",032-463-5606,,37.4603351,126.7323917,1,19890223,1,,,,
JDU4MTI3MSM1MSMkMiMkMCMkMDAkNDgxOTYxIzQxIyQxIyQ3IyQxMyQzNjE4MzIjNTEjJDEjJDYjJDgz,논현서울안과의원,clinic,인천,인천남동구,"인천광역시 남동구 청능대로 581, (논현동, 광성프라자701,702)",032-442-0075,,37.4012832,126.7235904,4,20080401,4,,,,
JDU4MTI3MSM1MSMkMiMkMCMkMDAkNTgxOTYxIzExIyQxIyQ3IyQ3OSQzNjEwMDIjNjEjJDEjJDQjJDgz,눈애안과의원,clinic,인천,인천남동구,"인천광역시 남동구 서창남순환로216번길 12, 월드타워 2층 201호. 202호, 203호 (서창동)",1660-1667,,37.4235218,126.7485716,1,20230821,1,,,,
JDQ4MTYyMiM1MSMkMiMkMCMkMDAkMzgxNzAyIzIxIyQxIyQxIyQwMyQzNjE4MzIjNDEjJDEjJDgjJDgz,다인안과의원,clinic,인천,인천남동구,"인천광역시 남동구 호구포로 818, 405~407,517 호 (구월동, 퍼스트하임프라자)",032-465-0075,,37.4553712,126.719691,3,20070226,3,"{""0"": [""0900"", ""1800""], ""1"": [""0900"", ""1800""], ""2"": [""0900"", ""1800""], ""3"": [""0900"", ""1800""], ""4"": [""0900"", ""1800""], ""5"": [""0900"", ""1300""]}",13:00 ~ 14:00,,퍼스트하임 프라자
JDU4MTI3MSM1MSMkMiMkMCMkMDAkNDgxNzAyIzUxIyQxIyQxIyQ2MiQyNjEyMjIjNTEjJDEjJDYjJDgz,모래내서울안과의원,clinic,인천,인천남동구,"인천광역시 남동구 구월로 284, 구월프라자 201,501호 (구월동)",032-715-5061,,37.4554992,126.7220206,2,20210512,2,,,,
JDQ4MTYyMiM1MSMkMiMkMCMkMDAkMzgxNzAyIzIxIyQxIyQ5IyQwMyQzNjEyMjIjNjEjJDEjJDQjJDgz,박태용안과의원,clinic,인천,인천남동구,"인천광역시 남동구 만수로 47, (만수동)",032-469-3948,,37.4605429,126.7335641,1,19980427,1,,,,
JDQ4MTYyMiM1MSMkMiMkMCMkMDAkNDgxNzAyIzExIyQxIyQ3IyQxMyQ0NjEwMDIjNDEjJDEjJDQjJDgz,삼성안과의원,clinic,인천,인천남동구,"인천광역시 남동구 인하로 501, 7층 (구월동, 삼성전자빌딩)",032-442-5181,,37.4435334,126.7023931,2,20010109,2,,,,
JDQ4MTYyMiM1MSMkMiMkMCMkMDAkNTgxMzUxIzUxIyQxIyQ1IyQ3OSQyNjEyMjIjNTEjJDEjJDYjJDgz,서울안과의원,clinic,인천,인천남동구,"인천광역시 남동구 백범로 322, (간석동)",032-429-7676,,37.464163,126.7145821,1,20030106,1,"{""0"": [""0930"", ""1900""], ""1"": [""0930"", ""1900""], ""2"": [""0930"", ""1900""], ""3"": [""0930"", ""1900""], ""4"": [""0930"", ""1900""], ""5"": [""0930"", ""1600""]}",13시 - 14시,9시 - 18시30분,간석시장
JDU4MTI3MSM1MSMkMiMkMCMkMDAkNDgxMTkxIzExIyQxIyQ3IyQ3OSQzNjE0ODEjNDEjJDEjJDgjJDgz,서창밝은안과의원,clinic,인천,인천남동구,"인천광역시 남동구 서창남순환로 223, 4층 407호 (서창동)",463-8275,,37.4248367,126.7489215,2,20170629,2,"{""0"": [""0930"", ""2000""], ""1"": [""0930"", ""1900""], ""2"": [""0930"", ""1900""], ""3"": [""0930"", ""1900""], ""4"": [""0930"", ""2000""], ""5"": [""0930"", ""1500""]}",12시 30분~2시 00분,"신환 마감시간 20분전,구환 10분전",
JDU4MTI3MSM1MSMkMiMkMCMkMDAkMzgxMzUxIzIxIyQxIyQ1IyQ2MiQzNjEyMjIjNjEjJDEjJDgjJDgz,아이선안과의원,clinic,인천,인천남동구,"인천광역시 남동구 논고개로123번길 17, 401,402호 (논현동, 아이플렉스)",032-441-5656,,37.4016809,126.7230659,1,20120607,1,,,,
JDQ4MTYyMiM1MSMkMiMkMCMkMDAkMzgxNzAyIzUxIyQxIyQ1IyQ4MiQyNjEwMDIjNDEjJDEjJDgjJDgz,이안과의원,clinic,인천,인천남동구,"인천광역시 남동구 남동대로 875, (간석동)",032-423-2730,,37.4606849,126.7081348,1,19940421,1,"{""0"": [""0800"", ""0600""], ""1"": [""0800"", ""0600""], ""2"": [""0800"", ""0600""], ""3"": [""0800"", ""0600""], ""4"": [""0800"", ""0600""], ""5"": [""0800"", ""1400""]}",13:00~14:00,08:00~17:00,올리브아울렛
JDQ4MTYyMiM1MSMkMiMkMCMkMDAkNDgxNzAyIzIxIyQxIyQxIyQxMyQyNjE0ODEjNTEjJDEjJDIjJDgz,푸른세상안과의원,clinic,인천,인천남동구,"인천광역시 남동구 인하로 497-5, 푸른세상안과 501호,6층,707호 (구월동)",431-9999,http://www.lasikok.com,37.4436053,126.7015922,8,20020326,7,"{""0"": [""0900"", ""1800""], ""1"": [""0900"", ""1930""], ""2"": [""0900"", ""1800""], ""3"": [""0900"", ""1800""], ""4"": [""0900"", ""1930""], ""5"": [""0900"", ""1600""]}",13:00~14:00,09시00분~18시,롯데백화점
JDU4MTI3MSM2MSMkMiMkMiMkMDAkMzgxMzUxIzExIyQxIyQzIyQ4MiQyNjEyMjIjNDEjJDEjJDQjJDgz,루카스성모안과의원,clinic,인천,인천미추홀구,"인천광역시 미추홀구 인주대로418번길 3, 9층 (주안동)",032-710-2575,,37.4508986,126.6832295,1,20251205,1,,,,
JDQ4MTYyMiM1MSMkMiMkMCMkMDAkMzgxNzAyIzMxIyQxIyQ3IyQ5OSQyNjE0ODEjNjEjJDEjJDQjJDgz,르네상스안과의원,clinic,인천,인천미추홀구,"인천광역시 미추홀구 경원대로 869, (주안동)",032-420-0077,www.eyerene.co.kr/,37.4604009,126.6891695,1,19930614,1,,,,
JDU4MTI3MSM2MSMkMiMkMiMkMDAkMzgxMzUxIzExIyQxIyQzIyQ4OSQzNjEyMjIjNjEjJDEjJDgjJDgz,리더스윤안과의원,clinic,인천,인천미추홀구,"인천광역시 미추홀구 주안로 107, 금강메디컬빌딩 9층 (주안동)",032-207-1001,,37.4642853,126.6817288,1,20250619,1,,,,
JDQ4MTYyMiM1MSMkMiMkMCMkMDAkNTgxMzUxIzIxIyQxIyQ5IyQ5OSQyNjE0ODEjNDEjJDEjJDQjJDgz,서울안과의원,clinic,인천,인천미추홀구,"인천광역시 미추홀구 미추홀대로 573, 3층 (주안동)",032-864-7921,,37.4485367,126.6793104,2,20180426,2,,,,
JDU4MTI3MSM1MSMkMiMkMCMkMDAkNDgxOTYxIzMxIyQxIyQzIyQwMyQzNjEwMDIjNzEjJDEjJDgjJDgz,석바위밝은안과의원,clinic,인천,인천미추홀구,"인천광역시 미추홀구 경원대로 848, 3층 305호 (주안동, 주안태흥프라자)",425-2526,,37.458437,126.689846,1,20160609,1,,,,
JDU4MTI3MSM1MSMkMiMkMCMkMDAkNDgxNzAyIzMxIyQxIyQ3IyQ4MiQzNjEyMjIjODEjJDEjJDIjJDgz,성모하늘빛안과의원,clinic,인천,인천미추홀구,"인천광역시 미추홀구 낙섬중로 37, 3층 (용현동)",032-233-2000,,37.4516386,126.6372773,1,20210118,1,,,,
JDU4MTI3MSM2MSMkMiMkMiMkMDAkMzgxMzUxIzExIyQxIyQzIyQ3MiQ0NjE0ODEjNDEjJDEjJDgjJDgz,아임아인안과의원,clinic,인천,인천미추홀구,"인천광역시 미추홀구 경인로 372, 201동 2층 일부호 (주안동, 포레나 미추홀)",032-719-8813,,37.4573948,126.6811633,4,20251114,3,,,,
JDQ4MTYyMiM1MSMkMiMkMCMkMDAkNTgxMzUxIzUxIyQxIyQxIyQ3MiQ0NjEwMDIjNDEjJDEjJDgjJDgz,용현늘밝은안과의원,clinic,인천,인천미추홀구,"인천광역시 미추홀구 용정공원로83번길 59, 드림빌딩 5층 (용현동)",032-881-9300,,37.4475032,126.6493629,3,20021217,3,"{""0"": [""0930"", ""1800""], ""1"": [""0930"", ""1800""], ""2"": [""0930"", ""1800""], ""3"": [""0930"", ""1800""], ""4"": [""0930"", ""1800""], ""5"": [""0930"", ""1300""]}",13시 00분 ~ 14시 00분,08시 30분 ~ 17시 50분,"용현 5동 우리은행 건너, 금호2차  건너"
JDU4MTI3MSM1MSMkMiMkMCMkMDAkNDgxMzUxIzMxIyQxIyQzIyQxMyQyNjEwMDIjNjEjJDEjJDgjJDgz,우성안과의원,clinic,인천,인천미추홀구,"인천광역시 미추홀구 소성로 150, (학익동)",032-874-4700,,37.4423338,126.6650244,1,20050319,1,"{""0"": [""0900"", ""1600""], ""1"": [""0900"", ""1600""], ""2"": [""0900"", ""1600""], ""3"": [""0900"", ""1600""], ""4"": [""0900"", ""1600""], ""5"": [""0900"", ""1200""], ""6"": [""0000"", ""0000""]}",오후 1:00 ~ 2:00,진료시간 30분전 접수마감,
JDU4MTI3MSM1MSMkMiMkMCMkMDAkNDgxNzAyIzMxIyQxIyQzIyQ4MiQ0NjE0ODEjODEjJDEjJDIjJDgz,이우승안과의원,clinic,인천,인천미추홀구,"인천광역시 미추홀구 경인로 431, (주안동)",032-422-6889,,37.4582962,126.6880208,1,19800109,1,,,,
JDU4MTI3MSM1MSMkMiMkMCMkMDAkNDgxNzAyIzUxIyQyIyQxIyQwMCQzNjEwMDIjNDEjJDEjJDgjJDgz,잘보는성모안과의원,clinic,인천,인천미추홀구,"인천광역시 미추홀구 낙섬중로 101, 3,4층 (용현동)",032-887-3210,,37.4566042,126.6411477,3,20210504,3,,,,
JDQ4MTYyMiM1MSMkMiMkMCMkMDAkMzgxOTYxIzQxIyQxIyQ3IyQwMyQ0NjE0ODEjNDEjJDEjJDQjJDgz,최영환안과의원,clinic,인천,인천미추홀구,"인천광역시 미추홀구 경인로 347, 국제빌딩 201호 (주안동)",032-867-1996,,37.4588157,126.6787244,1,19870305,1,"{""0"": [""0930"", ""1830""], ""1"": [""0930"", ""1830""], ""2"": [""0930"", ""1830""], ""3"": [""0930"", ""1830""], ""4"": [""0930"", ""1830""], ""5"": [""0930"", ""1500""]}",1시 ~ 2시,9시 30분 ~ 6시 30분,국제빌딩
JDU4MTI3MSM1MSMkMiMkMCMkMDAkNTgxMzUxIzMxIyQxIyQ3IyQ2MiQ0NjEwMDIjNTEjJDEjJDYjJDgz,강남브랜드안과의원,clinic,인천,인천부평구,"인천광역시 부평구 시장로 32, 1층101호,2,3층 (부평동)",032-507-5558,,37.4935787,126.7261913,2,20220923,2,,,,
JDQ4MTYyMiM1MSMkMiMkMCMkMDAkNTgxMzUxIzIxIyQxIyQ1IyQ3MiQzNjEwMDIjNjEjJDEjJDgjJDgz,굿아이안과의원,clinic,인천,인천부평구,"인천광역시 부평구 부평문화로 55, 와이디타워 703호 (부평동)",032-512-1001,http://www.goodeyelasik.co.kr,37.4942911,126.7222819,1,20020220,1,,,,
JDU4MTI3MSM1MSMkMiMkMCMkMDAkNTgxMzUxIzExIyQyIyQ3IyQwMCQyNjEwMDIjODEjJDEjJDYjJDgz,글로벌비전안과의원,clinic,인천,인천부평구,"인천광역시 부평구 경원대로 1366, 스테이션 타워 9층 901호 (부평동)",032-263-2020,,37.4909756,126.7206379,1,20211230,1,,,,
JDU4MTI3MSM1MSMkMiMkMCMkMDAkNDgxNzAyIzMxIyQxIyQzIyQ3OSQzNjEyMjIjODEjJDEjJDIjJDgz,눈애안과의원,clinic,인천,인천부평구,"인천광역시 부평구 마장로 338, 5층 (산곡동)",1660-1667,,37.5080933,126.7038419,2,20201130,2,,,,
JDU4MTI3MSM1MSMkMiMkMCMkMDAkMzgxMzUxIzIxIyQxIyQ1IyQ5MiQzNjEyMjIjODEjJDEjJDIjJDgz,다봄안과의원,clinic,인천,인천부평구,"인천광역시 부평구 길주로 633, 402호 (삼산동, 메디캐슬빌딩)",032-513-3175,,37.507306,126.7328743,1,20050318,1,,,,
JDQ4MTYyMiM1MSMkMiMkMCMkMDAkNDgxMzUxIzIxIyQxIyQ5IyQ5OSQyNjEyMjIjNjEjJDEjJDAjJDgz,다인안과의원,clinic,인천,인천부평구,"인천광역시 부평구 원적로 392, 304호 (산곡동, 백마타운)",032-521-5947,,37.5036986,126.7099922,1,19950428,1,"{""0"": [""0930"", ""1800""], ""1"": [""0930"", ""1800""], ""2"": [""0930"", ""1800""], ""3"": [""0930"", ""1300""], ""4"": [""0930"", ""1800""], ""5"": [""0930"", ""1300""]}",13시~14시,월화수금 9시30분~5시30분  목요일 9시30분~12시30분,KT전화국 맞은편 백마타운 건물 3층
JDU4MTI3MSM1MSMkMiMkMCMkMDAkNDgxNzAyIzUxIyQxIyQxIyQ3MiQyNjE4MzIjODEjJDEjJDYjJDgz,부평김안과의원,clinic,인천,인천부평구,"인천광역시 부평구 동암광장로14번길 4, 스타플랙스 701, 801, 901호 (십정동)",032-439-5151,,37.4715057,126.7025707,1,20210511,1,,,,
JDU4MTI3MSM1MSMkMiMkMCMkMDAkMzgxMzUxIzUxIyQxIyQxIyQ4OSQyNjEyMjIjNTEjJDEjJDYjJDgz,부평다인안과의원,clinic,인천,인천부평구,"인천광역시 부평구 마장로 82, 7층 701호 (십정동, 현대다섬프라자)",032-508-8275,,37.4860467,126.7082936,1,20020128,1,"{""0"": [""0930"", ""1800""], ""1"": [""0930"", ""1800""], ""2"": [""0930"", ""1800""], ""3"": [""0930"", ""1800""], ""4"": [""0930"", ""1800""], ""5"": [""0930"", ""1500""]}",13시00분~14시30분,,
JDU4MTI3MSM1MSMkMiMkMCMkMDAkNDgxMzUxIzUxIyQxIyQ1IyQxMyQyNjE0ODEjNTEjJDEjJDYjJDgz,부평드림안과의원,clinic,인천,인천부평구,"인천광역시 부평구 경원대로 1397, 3층 (부평동)",032-288-1515,,37.4915976,126.7245074,1,20150310,1,,,,
JDQ4MTYyMiM1MSMkMiMkMCMkMDAkNTgxOTYxIzIxIyQxIyQxIyQ5MiQzNjEyMjIjODEjJDEjJDIjJDgz,부평밝은눈안과의원,clinic,인천,인천부평구,"인천광역시 부평구 부평대로 11, 2층 (부평동, 제일메디칼센터)",032-515-8575,http://www.brighteyes.co.kr,37.4923542,126.7226837,2,20030528,2,,,,
JDQ4MTYyMiM1MSMkMiMkMCMkMDAkNDgxMzUxIzQxIyQxIyQ3IyQwMyQ0NjEwMDIjNjEjJDEjJDAjJDgz,부평성모안과의원,clinic,인천,인천부평구,"인천광역시 부평구 경원대로 1373, 4층 (부평동)",032-528-7288,http://www.inlasik.co.kr/index.asp?code1=2,37.4915427,126.7215643,4,19960205,4,"{""0"": [""0930"", ""1800""], ""1"": [""0930"", ""1800""], ""2"": [""0930"", ""1800""], ""3"": [""0930"", ""1800""], ""4"": [""0930"", ""1800""], ""5"": [""0900"", ""1400""]}",13:00~14:00,"월,화,수,목,금: 09:30~17:40",북인천우체국
JDU4MTI3MSM1MSMkMiMkMCMkMDAkNDgxNzAyIzUxIyQxIyQxIyQ4OSQzNjE4MzIjNTEjJDEjJDIjJDgz,부평열린안과의원,clinic,인천,인천부평구,"인천광역시 부평구 길주로 623, 대덕리치아노 3층 334, 335, 336호 (삼산동)",032-267-7500,,37.5083726,126.7320632,3,20210415,3,,,,
JDQ4MTYyMiM1MSMkMiMkMCMkMDAkNDgxMzUxIzIxIyQxIyQ5IyQ3MiQyNjEwMDIjODEjJDEjJDIjJDgz,성모유안과의원,clinic,인천,인천부평구,"인천광역시 부평구 부평대로 24, 402호 (부평동, 가나빌딩)",032-505-8900,,37.4935676,126.7233183,1,19990130,1,,,,
JDU4MTI3MSM1MSMkMiMkMCMkMDAkNTgxMzUxIzIxIyQxIyQ1IyQ4MiQzNjE4MzIjNTEjJDEjJDIjJDgz,연세바른안과의원,clinic,인천,인천부평구,"인천광역시 부평구 부평문화로 87, 4층 405~408호 (부평동)",032-504-7900,,37.4944746,126.7258778,1,20220425,1,,,,
JDQ4MTYyMiM1MSMkMiMkMCMkMDAkMzgxMTkxIzQxIyQyIyQ3IyQwMCQzNjE4MzIjNDEjJDEjJDgjJDgz,김안과의원,clinic,인천,인천서해구,"인천광역시 서해구 가정로 202, (석남동)",032-575-6359,,37.5027714,126.6722908,1,19901126,1,,,,
JDQ4MTYyMiM1MSMkMiMkMCMkMDAkNTgxMzUxIzExIyQxIyQ3IyQ4MiQyNjE4MzIjNjEjJDEjJDAjJDgz,다인안과의원,clinic,인천,인천서해구,"인천광역시 서해구 원적로 100, 가좌로얄프라자 5층 (가좌동)",032-579-0088,,37.4950219,126.6828315,3,19920501,3,,,,
JDU4MTI3MSM1MSMkMiMkMCMkMDAkNTgxMzUxIzIxIyQyIyQ5IyQwMCQzNjEwMDIjNDEjJDEjJDgjJDgz,루원스마일안과의원,clinic,인천,인천서해구,"인천광역시 서해구 가정로 451, 828~839, 845~850호 (가정동)",032-710-3993,,37.5255371,126.6729765,3,20241104,3,,,,
JDU4MTI3MSM1MSMkMiMkMCMkMDAkNDgxMzUxIzMxIyQxIyQ3IyQwMyQyNjE4MzIjNDEjJDEjJDgjJDgz,빛안과의원,clinic,인천,인천서해구,"인천광역시 서해구 중봉대로 588, 404호 (연희동, 청라센트럴프라자)",032-567-7544,,37.5321086,126.6502646,1,20140522,1,"{""0"": [""0930"", ""1830""], ""1"": [""0930"", ""1830""], ""2"": [""0930"", ""1830""], ""3"": [""0930"", ""1830""], ""4"": [""0930"", ""1830""], ""5"": [""0930"", ""1300""]}",오후 1시- 2시,오전 9:30 - 오후 6:15,청라 홈플러스 큰 길 건너편
JDU4MTI3MSM1MSMkMiMkMCMkMDAkMzgxMTkxIzIxIyQxIyQxIyQxMyQ0NjE0ODEjNTEjJDEjJDYjJDgz,서구푸른세상안과의원,clinic,인천,인천서해구,"인천광역시 서해구 가정로 364-1, 5층 (가정동, 창대빌딩)",584-0006,,37.5173935,126.6731911,1,20080908,1,,,,
JDQ4MTYyMiM1MSMkMiMkMCMkMDAkNTgxOTYxIzMxIyQxIyQzIyQ5MiQzNjE4MzIjNjEjJDEjJDQjJDgz,서울안과의원,clinic,인천,인천서해구,"인천광역시 서해구 서곶로 293, 4층 (심곡동, 우민빌딩)",032-562-0111,,37.5435977,126.6764782,2,20031204,2,,,,
JDU4MTI3MSM1MSMkMiMkMCMkMDAkMzgxNzAyIzQxIyQxIyQ3IyQ4MiQzNjE4MzIjNDEjJDEjJDgjJDgz,소망안과의원,clinic,인천,인천서해구,"인천광역시 서해구 가정로 363, (신현동)",032-571-1559,,37.5174084,126.6726929,1,20051014,1,"{""0"": [""0930"", ""1830""], ""1"": [""0930"", ""1830""], ""2"": [""0930"", ""1830""], ""3"": [""0930"", ""1830""], ""4"": [""0930"", ""1830""], ""5"": [""0930"", ""1400""]}",13시00분~14시00분,,서경백화점 사거리 코너 천사약국 5층
JDU4MTI3MSM1MSMkMiMkMCMkMDAkNTgxMzUxIzExIyQxIyQzIyQ5MiQzNjE4MzIjNDEjJDEjJDgjJDgz,청라베스트안과의원,clinic,인천,인천서해구,"인천광역시 서해구 중봉대로 594, 청라비전프라자 203, 204, 205호 (청라동)",032-288-1200,,37.5325653,126.6502893,2,20211202,2,,,,
JDU4MTI3MSM1MSMkMiMkMCMkMDAkNDgxOTYxIzUxIyQxIyQ1IyQ2MiQ0NjEwMDIjNjEjJDEjJDgjJDgz,청라센트럴안과의원,clinic,인천,인천서해구,"인천광역시 서해구 크리스탈로74번길 31, 501, 502호 (경서동)",032-582-0079,,37.5320158,126.6401609,1,20170314,1,,,,
JDU4MTI3MSM1MSMkMiMkMCMkMDAkMzgxMzUxIzUxIyQyIyQ1IyQwMCQzNjEwMDIjODEjJDEjJDYjJDgz,PNC안과의원,clinic,인천,인천연수구,"인천광역시 연수구 신송로 153, 더 마란츠타워 808,809호 (송도동)",032-858-2201,,37.3971701,126.6491502,1,20060313,1,,,,
JDU4MTI3MSM1MSMkMiMkMCMkMDAkNDgxNzAyIzQxIyQxIyQ3IyQ5OSQzNjE4MzIjNTEjJDEjJDYjJDgz,눈애안과의원,clinic,인천,인천연수구,"인천광역시 연수구 독배로40번길 11, 효명프라자 304~5호 (옥련동)",032-716-6647,,37.42453,126.6456745,1,20230807,1,,,,
JDU4MTI3MSM1MSMkMiMkMCMkMDAkNTgxOTYxIzMxIyQxIyQzIyQwMyQ0NjE0ODEjNTEjJDEjJDYjJDgz,마이오서울안과의원,clinic,인천,인천연수구,"인천광역시 연수구 센트럴로 263, 송도국제업무단지 C8-2블럭 업무복합시설 4층 2호 (송도동)",032-831-2407,,37.3981453,126.6339398,1,20240724,1,,,,
JDU4MTI3MSM1MSMkMiMkMCMkMDAkNDgxMzUxIzExIyQxIyQzIyQ4OSQyNjEwMDIjNjEjJDEjJDgjJDgz,서울밝은안과의원,clinic,인천,인천연수구,"인천광역시 연수구 독배로40번길 11, 효명프라자 203,204,205호 (옥련동)",032-832-9823,,37.42453,126.6456745,1,20120823,1,"{""0"": [""0900"", ""1810""], ""1"": [""0900"", ""1810""], ""2"": [""0900"", ""1810""], ""3"": [""0900"", ""1810""], ""4"": [""0900"", ""1810""], ""5"": [""0900"", ""1330""]}",12시30분~14시00분,09시00분~18시00분,옥련시장옆
JDU4MTI3MSM1MSMkMiMkMCMkMDAkNTgxOTYxIzIxIyQxIyQxIyQ5OSQzNjEyMjIjNjEjJDEjJDAjJDgz,송도센트럴안과의원,clinic,인천,인천연수구,"인천광역시 연수구 하모니로178번길 22, 3층 301호,302호,303호 (송도동)",032-851-1300,,37.3830722,126.6408363,1,20231206,1,,,,
JDU4MTI3MSM1MSMkMiMkMCMkMDAkNTgxOTYxIzUxIyQxIyQxIyQwMyQyNjE4MzIjNDEjJDEjJDgjJDgz,송도정안과의원,clinic,인천,인천연수구,"인천광역시 연수구 컨벤시아대로230번길 54, 4층 407~410호, 417~420호 (송도동)",032-710-7297,,37.3889752,126.6340778,2,20250210,2,,,,
JDQ4MTYyMiM1MSMkMiMkMCMkMDAkNDgxOTYxIzIxIyQxIyQ5IyQxMyQzNjE4MzIjNDEjJDEjJDgjJDgz,송도케이안과의원,clinic,인천,인천연수구,"인천광역시 연수구 첨단대로 40, 에스파이브시티 B동 6층 607호 (송도동)",032-818-8278,,37.3700348,126.6503746,1,20250616,1,,,,
JDU4MTI3MSM1MSMkMiMkMCMkMDAkNTgxMzUxIzQxIyQyIyQ3IyQwMCQ0NjE0ODEjNjEjJDEjJDAjJDgz,엠에스안과의원,clinic,인천,인천연수구,"인천광역시 연수구 송도국제대로 157, 오네스타 4층 A410-1,A410,A411호 (송도동)",032-813-1106,,37.3809617,126.6566654,2,20221226,2,,,,
JDQ4MTYyMiM1MSMkMiMkMCMkMDAkNDgxMzUxIzIxIyQxIyQ5IyQ3OSQ0NjEwMDIjNzEjJDEjJDgjJDgz,연수김안과의원,clinic,인천,인천연수구,"인천광역시 연수구 컨벤시아대로 165, 포스코타워-송도 5층, 6층 (송도동)",032-817-3487,http://www.lasikeye.co.kr,37.3891409,126.6444427,4,19950419,4,,,,
JDQ4MTYyMiM1MSMkMiMkMCMkMDAkNTgxOTYxIzExIyQxIyQ3IyQ3OSQzNjEwMDIjNTEjJDEjJDIjJDgz,연수늘밝은안과의원,clinic,인천,인천연수구,"인천광역시 연수구 청능대로 210, 스퀘어원 3층 3208호 (동춘동)",032-456-4370,http://www.brightlasik21.co.kr,37.4059982,126.6836221,3,20030312,3,,,,
JDU4MTI3MSM1MSMkMiMkMCMkMDAkNTgxMzUxIzMxIyQxIyQ3IyQxMyQzNjE0ODEjODEjJDEjJDYjJDgz,연수스마트안과의원,clinic,인천,인천연수구,"인천광역시 연수구 청능대로 103, 4층 일부호 (연수동)",032-816-1002,,37.4136449,126.6762951,1,20221115,1,,,,
JDQ4MTYyMiM1MSMkMiMkMCMkMDAkNDgxOTYxIzExIyQxIyQ3IyQ4MiQyNjE4MzIjODEjJDEjJDIjJDgz,연수이안과의원,clinic,인천,인천연수구,"인천광역시 연수구 앵고개로 250, (동춘동)",032-814-9480,,37.4081883,126.6715185,1,19970226,1,,,,
JDU4MTI3MSM1MSMkMiMkMCMkMDAkNDgxOTYxIzExIyQxIyQzIyQwMyQzNjE0ODEjNzEjJDEjJDgjJDgz,하늘안과의원,clinic,인천,인천연수구,"인천광역시 연수구 컨벤시아대로130번길 14, (송도동, 플러스메디타워 301,303호)",032-833-0790,,37.3929706,126.644882,2,20150515,2,"{""0"": [""0930"", ""1920""], ""1"": [""0930"", ""1830""], ""2"": [""0930"", ""1920""], ""3"": [""0930"", ""1830""], ""4"": [""0930"", ""1830""], ""5"": [""0900"", ""1350""]}",13시00분~14시00분,,플러스 메디타워 3층 301호
JDU4MTI3MSM1MSMkMiMkMCMkMDAkNTgxMzUxIzIxIyQxIyQ1IyQ4MiQzNjE0ODEjODEjJDEjJDIjJDgz,신세계안과의원,clinic,인천,인천영종구,"인천광역시 영종구 하늘중앙로 193, 405호 (중산동)",032-746-7502,,37.4903649,126.5606632,1,20220503,1,,,,
JDU4MTI3MSM1MSMkMiMkMCMkMDAkNDgxMzUxIzExIyQxIyQ3IyQ4MiQzNjEwMDIjNDEjJDEjJDgjJDgz,영종연세안과의원,clinic,인천,인천영종구,"인천광역시 영종구 신도시남로 137, (운서동,화평빌딩 4층 (404, 405호))",032-752-8272,,37.4936705,126.4900763,1,20130222,1,,,,
JDU4MTI3MSM1MSMkMiMkMCMkMDAkNDgxNzAyIzIxIyQxIyQ5IyQ3OSQyNjE0ODEjNTEjJDEjJDIjJDgz,하늘성모안과의원,clinic,인천,인천영종구,"인천광역시 영종구 자연대로 47, 스타타워2 502,503호 (중산동)",032-747-1904,,37.4887341,126.5589981,1,20200429,1,,,,
JDU4MTI3MSM1MSMkMiMkMCMkMDAkNDgxMzUxIzIxIyQxIyQxIyQ4MiQ0NjE0ODEjNTEjJDEjJDIjJDgz,다본안과의원,clinic,인천,인천제물포구,"인천광역시 제물포구 우현로 47, 2~3층 (신포동)",032-763-6633,http://www.daboneye.com,37.4715148,126.6281661,2,20080422,2,,,,
JDU4MTI3MSM1MSMkMiMkMCMkMDAkMzgxMzUxIzIxIyQxIyQ5IyQ4MiQyNjE4MzIjNTEjJDEjJDIjJDgz,동인천푸른세상안과의원,clinic,인천,인천제물포구,"인천광역시 제물포구 송림로 96, 701,2호 (송림동, 송림메디칼빌딩)",032-777-7555,,37.4757774,126.6453406,1,20050425,1,,09시00분~18시00분,08시50분~17시20분,송림메디컬센타7층
JDQ4MTYyMiM1MSMkMiMkMCMkMDAkNTgxMzUxIzUxIyQxIyQ1IyQ5OSQyNjE0ODEjNDEjJDEjJDgjJDgz,유밸안과의원,clinic,인천,인천제물포구,"인천광역시 제물포구 우현로 90, 유타워, 유밸 눈편한안과 4,5,6층 (인현동)",032-762-0088,http://ubaleye.co.kr,37.4746428,126.6311177,4,20030127,3,"{""0"": [""0930"", ""2000""], ""1"": [""0930"", ""1800""], ""2"": [""0930"", ""2000""], ""3"": [""0930"", ""1800""], ""4"": [""0930"", ""2000""], ""5"": [""0930"", ""1300""]}",13시00분~14시00분,,유타워(동인천 국민은행 건)물
JDQ4MTYyMiM3MSMkMiMkMCMkMDAkMzgxNzAyIzUxIyQxIyQxIyQ2MiQyNjEwMDIjODEjJDEjJDYjJDgz,김안과의원,clinic,전남광주,강진군,"전남광주통합특별시 강진군 강진읍 평동2길 30, 2층 202호 (지스퀘어2층)",061-432-1532,,34.6380201,126.7680499,1,20131001,1,"{""0"": [""0830"", ""1700""], ""1"": [""0830"", ""1700""], ""2"": [""0830"", ""1700""], ""3"": [""0830"", ""1700""], ""4"": [""0830"", ""1700""], ""5"": [""0830"", ""1130""]}",12시30분~13시30분,8시 ~17시,
JDQ4MTYyMiM3MSMkMiMkMCMkMDAkNDgxMzUxIzIxIyQxIyQ5IyQ4OSQ0NjEwMDIjNTEjJDEjJDIjJDgz,고흥김안과의원,clinic,전남광주,고흥군,"전남광주통합특별시 고흥군 고흥읍 터미널길 24, (고흥읍)",061-832-2020,,34.6073425,127.281528,1,20080228,1,"{""0"": [""0830"", ""1730""], ""1"": [""0830"", ""1730""], ""2"": [""0830"", ""1730""], ""3"": [""0830"", ""1730""], ""4"": [""0830"", ""1730""], ""5"": [""0830"", ""1200""]}",12시30분~14시00분,,
JDQ4MTYyMiM3MSMkMiMkMCMkMDAkMzgxNzAyIzExIyQxIyQzIyQ4MiQ0NjE0ODEjNDEjJDEjJDQjJDgz,조안과의원,clinic,전남광주,고흥군,"전남광주통합특별시 고흥군 고흥읍 터미널길 30, 2층",061-834-6688,http://,34.6079159,127.2814969,1,20080201,1,"{""0"": [""0900"", ""1800""], ""1"": [""0900"", ""1800""], ""2"": [""0900"", ""1800""], ""3"": [""0900"", ""1800""], ""4"": [""0900"", ""1800""], ""5"": [""0900"", ""1400""]}",12시 30분부터 1시 30분까지,오전 9시부터 오후 6시까지,
JDQ4MTYyMiM3MSMkMiMkMCMkMDAkMzgxMTkxIzMxIyQxIyQzIyQ4MiQyNjEyMjIjNzEjJDEjJDgjJDgz,광양안과의원,clinic,전남광주,광양시,"전남광주통합특별시 광양시 중마중앙로 77, (중동)",061-794-9901,,34.9370727,127.6977409,1,20020429,1,,,,
JDQ4MTYyMiM3MSMkMiMkMCMkMDAkMzgxNzAyIzMxIyQxIyQzIyQ4OSQyNjE0ODEjNDEjJDEjJDQjJDgz,박안과의원,clinic,전남광주,광양시,"전남광주통합특별시 광양시 공영로 77, 2층 (중동)",061-794-2510,,34.9360369,127.6977171,1,20100302,1,"{""0"": [""0830"", ""1800""], ""1"": [""0830"", ""1800""], ""2"": [""0830"", ""1800""], ""3"": [""0830"", ""1200""], ""4"": [""0830"", ""1800""], ""5"": [""0830"", ""1100""]}","12:00~14:00, 목요일 오전진료","08:35~17:30, 목요일08:35~11:30",
JDQ4MTYyMiM3MSMkMiMkMCMkMDAkMzgxMzUxIzUxIyQxIyQxIyQ2MiQyNjEyMjIjNDEjJDEjJDgjJDgz,황안과의원,clinic,전남광주,광양시,"전남광주통합특별시 광양시 광양읍 인서1길 72, (광양읍)",061-761-9975,,34.9705276,127.5888032,1,20121226,1,,,,
JDQ4MTYyMiM3MSMkMiMkMCMkMDAkMzgxNzAyIzIxIyQxIyQ5IyQxMyQzNjE4MzIjODEjJDEjJDYjJDgz,명안과의원,clinic,전남광주,광주광산구,"전남광주통합특별시 광산구 사암로 277, 2, 4층 (월곡동)",062-954-4422,http://myungeyeclinic.com,35.169229,126.8088079,1,20100128,1,"{""0"": [""0900"", ""1830""], ""1"": [""0900"", ""1830""], ""2"": [""0900"", ""1830""], ""3"": [""0900"", ""1830""], ""4"": [""0900"", ""1830""], ""5"": [""0900"", ""1500""]}",13시00분~14시00분,9시00분~18시30분,월곡동 하남농협
JDQ4MTYyMiM3MSMkMiMkMCMkMDAkMzgxNzAyIzQxIyQxIyQ3IyQ4OSQzNjEwMDIjNTEjJDEjJDYjJDgz,바른안과의원,clinic,전남광주,광주광산구,"전남광주통합특별시 광산구 장신로 141, 7,8층 (수완동)",062-951-0975,http://www.ieyeclinic.com,35.1910166,126.825624,3,20160901,3,,,,
JDQ4MTYyMiM3MSMkMiMkMCMkMDAkMzgxNzAyIzExIyQxIyQ3IyQ4MiQzNjEyMjIjNDEjJDEjJDQjJDgz,밝은미래안과의원,clinic,전남광주,광주광산구,"전남광주통합특별시 광산구 임방울대로 805, 2층 (쌍암동, 첨단미래메디칼센터)",062-716-1001,,35.2182328,126.8465037,1,20070314,1,"{""0"": [""0900"", ""1800""], ""1"": [""0900"", ""1800""], ""2"": [""0900"", ""1800""], ""3"": [""0900"", ""1230""], ""4"": [""0900"", ""1800""], ""5"": [""0900"", ""1230""]}",12시30분~14시00분,,
JDQ4MTYyMiM3MSMkMiMkMCMkMDAkMzgxNzAyIzMxIyQxIyQzIyQxMyQzNjE4MzIjNjEjJDEjJDQjJDgz,보라안과의원,clinic,전남광주,광주광산구,"전남광주통합특별시 광산구 임방울대로 780, (월계동)",062-974-4800,,35.2172835,126.8435841,1,20060706,1,"{""0"": [""0900"", ""1700""], ""1"": [""0900"", ""1700""], ""2"": [""0900"", ""1230""], ""3"": [""0900"", ""1700""], ""4"": [""0900"", ""1700""], ""5"": [""0900"", ""1300""]}",12시30분 ~ 13시 30분,,
JDQ4MTYyMiM3MSMkMiMkMCMkMDAkMzgxOTYxIzIxIyQxIyQ1IyQ5MiQ0NjE0ODEjNjEjJDEjJDQjJDgz,복음안과의원,clinic,전남광주,광주광산구,"전남광주통합특별시 광산구 첨단중앙로 170, (쌍암동)",062-973-4343,,35.2204448,126.8421125,1,20001202,1,,,,
JDQ4MTYyMiM3MSMkMiMkMCMkMDAkMzgxOTYxIzExIyQxIyQ3IyQwMyQ0NjEwMDIjODEjJDEjJDIjJDgz,수안과의원,clinic,전남광주,광주광산구,"전남광주통합특별시 광산구 장신로 85, 204호 (장덕동)",062-652-0082,,35.1911954,126.8194435,1,20111014,1,,,,
JDQ4MTYyMiM3MSMkMiMkMCMkMDAkNDgxMzUxIzExIyQxIyQ3IyQ2MiQzNjE0ODEjNjEjJDEjJDAjJDgz,최고안과의원,clinic,전남광주,광주광산구,"전남광주통합특별시 광산구 내상로 11, 5, 6층 (송정동)",062-942-7112,,35.1406708,126.7955358,3,20161229,3,"{""0"": [""0900"", ""1800""], ""1"": [""0900"", ""1800""], ""2"": [""0900"", ""1800""], ""3"": [""0900"", ""1230""], ""4"": [""0900"", ""1800""], ""5"": [""0900"", ""1230""]}",12시30분~2시00분,8시30분,매일시장상가 공영주차장
JDQ4MTYyMiM3MSMkMiMkMCMkMDAkNDgxMzUxIzIxIyQxIyQxIyQ2MiQ0NjE0ODEjNTEjJDEjJDYjJDgz,더드림안과의원,clinic,전남광주,광주남구,"전남광주통합특별시 남구 제석로 104, 202동 4층 (봉선동)",062-655-0175,,35.1237129,126.907421,1,20180122,1,,,,
JDQ4MTYyMiM3MSMkMiMkMCMkMDAkNDgxMzUxIzExIyQxIyQ3IyQ4OSQyNjEyMjIjNjEjJDEjJDgjJDgz,베스트안과의원,clinic,전남광주,광주남구,"전남광주통합특별시 남구 대남대로 301, 3층 (월산동, 베스트클리닉빌딩)",062-449-1000,,35.1388695,126.8950825,2,20160802,2,"{""0"": [""0900"", ""1800""], ""1"": [""0900"", ""1800""], ""2"": [""0900"", ""1800""], ""3"": [""0900"", ""1800""], ""4"": [""0900"", ""1800""], ""5"": [""0900"", ""1300""]}",오후 12시30분- 오후 2시,진료시간과 동일,남구청
JDQ4MTYyMiM3MSMkMiMkMCMkMDAkNDgxMzUxIzExIyQxIyQ3IyQwMyQyNjE4MzIjNjEjJDEjJDQjJDgz,아이안과의원,clinic,전남광주,광주남구,"전남광주통합특별시 남구 서문대로 704, (진월동)",062-681-7112,,35.1221708,126.8990239,3,20110504,3,"{""0"": [""0900"", ""1830""], ""1"": [""0900"", ""1830""], ""2"": [""0900"", ""1830""], ""3"": [""0900"", ""1830""], ""4"": [""0900"", ""1830""], ""5"": [""0900"", ""1600""]}",,,
JDQ4MTYyMiM3MSMkMiMkMCMkMDAkMzgxMTkxIzUxIyQxIyQ1IyQ3OSQzNjE0ODEjNjEjJDEjJDQjJDgz,조은안과의원,clinic,전남광주,광주남구,"전남광주통합특별시 남구 대남대로 139, 4~7층 (봉선동)",062-457-2020,http://www.goodeyeclinic.com,35.1336726,126.9098142,2,20090427,2,,,,
JDQ4MTYyMiM3MSMkMiMkMCMkMDAkMzgxMzUxIzQxIyQxIyQ3IyQ5OSQyNjE4MzIjODEjJDEjJDIjJDgz,참빛안과의원,clinic,전남광주,광주남구,"전남광주통합특별시 남구 봉선로 2, (주월동)",062-675-1213,,35.1326136,126.9018666,1,19921019,1,"{""0"": [""0900"", ""1800""], ""1"": [""0900"", ""1800""], ""2"": [""0900"", ""1800""], ""3"": [""0900"", ""1800""], ""4"": [""0900"", ""1800""], ""5"": [""0900"", ""1230""]}",12시30분~14시00분,9시00분~18시00분,
JDQ4MTYyMiM3MSMkMiMkMCMkMDAkMzgxNzAyIzUxIyQxIyQ1IyQ4OSQzNjEyMjIjNjEjJDEjJDAjJDgz,광주안과의원,clinic,전남광주,광주동구,"전남광주통합특별시 동구 백서로137번길 1, (금동)",062-234-3366,,35.1425636,126.9198134,4,19960720,4,"{""0"": [""0900"", ""1800""], ""1"": [""0900"", ""1800""], ""2"": [""0900"", ""1800""], ""3"": [""0900"", ""1800""], ""4"": [""0900"", ""1800""], ""5"": [""0900"", ""1230""]}",12시 30분~14시 00분,09시 00분 ~ 18시 00분,동평회관4층(농협건물)
JDQ4MTYyMiM3MSMkMiMkMCMkMDAkMzgxNzAyIzMxIyQxIyQ3IyQxMyQzNjEwMDIjNjEjJDEjJDQjJDgz,기홍석안과의원,clinic,전남광주,광주동구,"전남광주통합특별시 동구 남문로 698, 4층 (학동)",062-717-5800,,35.1329359,126.9286391,1,20120120,1,,,,
JDQ4MTYyMiM3MSMkMiMkMCMkMDAkMzgxOTYxIzMxIyQxIyQ3IyQ4OSQyNjE0ODEjNjEjJDEjJDQjJDgz,김선호안과의원,clinic,전남광주,광주동구,"전남광주통합특별시 동구 갈마로 2, 2층 (산수동)",062-261-2075,,35.160123,126.9311666,1,20040521,1,,,,
JDQ4MTYyMiM3MSMkMiMkMCMkMDAkMzgxNzAyIzMxIyQxIyQ3IyQ5MiQyNjEwMDIjODEjJDEjJDIjJDgz,중앙안과의원,clinic,전남광주,광주동구,"전남광주통합특별시 동구 중앙로 149, 3층 (호남동)",062-224-0008,http://www.jungangeye.com,35.1478671,126.9122868,1,20111010,1,,,,
JDQ4MTYyMiM3MSMkMiMkMCMkMDAkMzgxNzAyIzUxIyQxIyQ1IyQ3OSQ0NjE0ODEjNTEjJDEjJDYjJDgz,파랑새안과의원,clinic,전남광주,광주동구,"전남광주통합특별시 동구 문화전당로26번길 6, (6층~10층) (남동)",062-236-5400,,35.144862,126.9201699,8,20140528,8,,,,
JDQ4MTYyMiM3MSMkMiMkMCMkMDAkMzgxOTYxIzMxIyQxIyQ3IyQ5MiQzNjE4MzIjNjEjJDEjJDgjJDgz,푸른안과의원,clinic,전남광주,광주동구,"전남광주통합특별시 동구 제봉로 64, (남동)",062-234-1144,www.eyesarang.co.kr/,35.1440822,126.9214579,1,20020404,1,,,,
JDQ4MTYyMiM3MSMkMiMkMCMkMDAkMzgxNzAyIzIxIyQxIyQ5IyQxMyQyNjE4MzIjNjEjJDEjJDgjJDgz,고운빛안과의원,clinic,전남광주,광주북구,"전남광주통합특별시 북구 동문대로 115, 2층 (우산동)",062-268-8883,,35.1735253,126.925287,1,20100108,1,"{""0"": [""0900"", ""1800""], ""1"": [""0900"", ""1800""], ""2"": [""0900"", ""1800""], ""3"": [""0900"", ""1800""], ""4"": [""0900"", ""1800""], ""5"": [""0900"", ""1230""]}",12시30분~14시00분,,
JDQ4MTYyMiM3MSMkMiMkMCMkMDAkNDgxMzUxIzMxIyQxIyQzIyQwMyQyNjEyMjIjNTEjJDEjJDIjJDgz,광주탑안과의원,clinic,전남광주,광주북구,"전남광주통합특별시 북구 동문대로 96, 2층 201호 (두암동)",062-268-3300,,35.1719247,126.9244378,1,20220607,1,"{""0"": [""0900"", ""1800""], ""1"": [""0900"", ""1800""], ""2"": [""0900"", ""1800""], ""3"": [""0900"", ""1800""], ""4"": [""0900"", ""1800""], ""5"": [""0900"", ""1300""]}",12시30분~14시00분,09시00분~18시00분,은병원
JDQ4MTYyMiM3MSMkMiMkMCMkMDAkNDgxMzUxIzExIyQxIyQ3IyQ4OSQzNjE0ODEjNTEjJDEjJDIjJDgz,눈에빛안과의원,clinic,전남광주,광주북구,"전남광주통합특별시 북구 하서로 396, 3층 (양산동, 경일빌딩)",062-236-1010,,35.2102573,126.8745444,1,20160824,1,"{""0"": [""0900"", ""1800""], ""1"": [""0900"", ""1800""], ""2"": [""0900"", ""1230""], ""3"": [""0900"", ""1800""], ""4"": [""0900"", ""1800""], ""5"": [""0900"", ""1300""]}",12시30분 ~ 14시 00분,09시00분 ~ 18시00분,
JDQ4MTYyMiM3MSMkMiMkMCMkMDAkMzgxOTYxIzMxIyQxIyQzIyQ3OSQyNjEwMDIjNDEjJDEjJDQjJDgz,무등안과의원,clinic,전남광주,광주북구,"전남광주통합특별시 북구 동문대로 129, 3층 (우산동)",062-262-0990,,35.1746589,126.9260467,1,19950428,1,,,,
JDQ4MTYyMiM3MSMkMiMkMCMkMDAkMzgxMzUxIzExIyQxIyQ3IyQ4MiQyNjEyMjIjNDEjJDEjJDgjJDgz,바른안과의원,clinic,전남광주,광주북구,"전남광주통합특별시 북구 서하로 385, 2층 (문흥동)",062-716-0975,,35.1854497,126.9224868,1,20041213,1,"{""0"": [""0900"", ""1800""], ""1"": [""0900"", ""1800""], ""2"": [""0900"", ""1800""], ""3"": [""0900"", ""1800""], ""4"": [""0900"", ""1800""], ""5"": [""0900"", ""1200""]}",12시30분~14시00분,09시00분~18시00분,파리바게트(문흥지구)
JDQ4MTYyMiM3MSMkMiMkMCMkMDAkMzgxNzAyIzIxIyQxIyQxIyQ2MiQ0NjEwMDIjNjEjJDEjJDgjJDgz,밝은안과21의원,clinic,전남광주,광주북구,"전남광주통합특별시 북구 설죽로 347, 나동 2,3,4층 (매곡동)",062-576-0070,https://happyeye21.modoo.at/,35.1906704,126.8988925,3,20040216,3,"{""0"": [""0900"", ""1800""], ""1"": [""0900"", ""1800""], ""2"": [""0900"", ""1800""], ""3"": [""0900"", ""1230""], ""4"": [""0900"", ""1800""], ""5"": [""0900"", ""1230""]}",12시30분~2시00분,오전 9시00분 ~ 오후 6시까지,북구 미래아동병원
JDQ4MTYyMiM3MSMkMiMkMCMkMDAkMzgxOTYxIzIxIyQyIyQxIyQwMCQzNjEwMDIjNjEjJDEjJDQjJDgz,이평택안과의원,clinic,전남광주,광주북구,"전남광주통합특별시 북구 설죽로 513, 2층 (일곡동)",062-575-3115,,35.2048405,126.8975376,1,19931107,1,,12시30분~2시00분,"09시00분~18시00분,매주목요일 09시00분~12시30분 오후휴진",
JDQ4MTYyMiM3MSMkMiMkMCMkMDAkMzgxNzAyIzUxIyQyIyQxIyQwMCQzNjEwMDIjNjEjJDEjJDAjJDgz,참조은안과의원,clinic,전남광주,광주북구,"전남광주통합특별시 북구 동문대로 154, 5층 (두암동)",062-223-1000,,35.1762211,126.9281094,1,20130903,1,,,,
JDQ4MTYyMiM3MSMkMiMkMCMkMDAkMzgxOTYxIzIxIyQxIyQxIyQ3OSQzNjE4MzIjNDEjJDEjJDQjJDgz,한빛안과의원,clinic,전남광주,광주북구,"전남광주통합특별시 북구 북문대로 39-1, 2층 (운암동)",527-8585,,35.1750425,126.8810242,1,20121121,1,"{""0"": [""0830"", ""1730""], ""1"": [""0830"", ""1730""], ""2"": [""0830"", ""1730""], ""3"": [""0830"", ""1230""], ""4"": [""0830"", ""1730""], ""5"": [""0830"", ""1230""]}",,,
JDQ4MTYyMiM3MSMkMiMkMCMkMDAkNDgxMzUxIzMxIyQyIyQzIyQwMCQyNjEyMjIjNjEjJDEjJDgjJDgz,강남더빛안과의원,clinic,전남광주,광주서구,"전남광주통합특별시 서구 운천로 207, 신환빌딩 3층 (치평동)",1644-8278,,35.1507515,126.8548456,1,20210924,1,,,,
JDQ4MTYyMiM3MSMkMiMkMCMkMDAkNDgxMzUxIzIxIyQxIyQxIyQwMyQzNjEyMjIjNjEjJDEjJDgjJDgz,광주스마일안과의원,clinic,전남광주,광주서구,"전남광주통합특별시 서구 상무중앙로 58, 4층 (치평동)",062-381-3900,,35.1521051,126.848919,1,20180528,1,"{""0"": [""1000"", ""1800""], ""1"": [""1000"", ""1800""], ""2"": [""1000"", ""1800""], ""3"": [""1000"", ""1800""], ""4"": [""1000"", ""1800""], ""5"": [""0900"", ""1300""]}",13시00분~14시00분,10시00분~18시00분,타임스타워빌딩
JDQ4MTYyMiM3MSMkMiMkMCMkMDAkNDgxMzUxIzUxIyQxIyQxIyQ3OSQ0NjEwMDIjNDEjJDEjJDgjJDgz,광주안과의원,clinic,전남광주,광주서구,"전남광주통합특별시 서구 무진대로 935, 5~9층 (광천동, 광안빌딩)",062-351-7000,,35.1619368,126.8827233,9,20140711,9,,,,
JDQ4MTYyMiM3MSMkMiMkMCMkMDAkNDgxMzUxIzMxIyQyIyQzIyQwMCQzNjEwMDIjNDEjJDEjJDgjJDgz,굿모닝서울안과의원,clinic,전남광주,광주서구,"전남광주통합특별시 서구 무진대로 965, 2~3층 (광천동)",062-430-2020,,35.1615353,126.8860533,1,20211008,1,,,,
JDQ4MTYyMiM3MSMkMiMkMCMkMDAkMzgxOTYxIzExIyQxIyQ3IyQxMyQzNjEyMjIjNDEjJDEjJDgjJDgz,변동남안과의원,clinic,전남광주,광주서구,"전남광주통합특별시 서구 상무대로 1064, 4층 (화정동)",062-368-7557,,35.1519931,126.8783496,1,19920425,1,,,,
JDQ4MTYyMiM3MSMkMiMkMCMkMDAkNDgxMzUxIzExIyQxIyQzIyQxMyQzNjEwMDIjNTEjJDEjJDIjJDgz,상무안과의원,clinic,전남광주,광주서구,"전남광주통합특별시 서구 상무중앙로 22, 3층 (치평동)",062-376-2800,,35.1487014,126.8489109,1,20160428,1,,,,
JDQ4MTYyMiM3MSMkMiMkMCMkMDAkMzgxMzUxIzQxIyQxIyQ3IyQ5MiQyNjE0ODEjNDEjJDEjJDQjJDgz,성모안과의원,clinic,전남광주,광주서구,"전남광주통합특별시 서구 상무중앙로 57, 3층 (치평동)",062-385-4646,,35.1521224,126.8478388,1,20010227,1,"{""0"": [""0830"", ""1730""], ""1"": [""0830"", ""1730""], ""2"": [""0830"", ""1200""], ""3"": [""0830"", ""1730""], ""4"": [""0830"", ""1730""], ""5"": [""0830"", ""1200""]}",12시30분~14시,08시30분~17시30분(수요일 12시),
JDQ4MTYyMiM3MSMkMiMkMCMkMDAkNDgxMzUxIzMxIyQxIyQzIyQwMyQ0NjE0ODEjNDEjJDEjJDgjJDgz,센트럴윤길중안과의원,clinic,전남광주,광주서구,"전남광주통합특별시 서구 죽봉대로 62, 201~206호 (농성동)",062-376-1001,,35.1588032,126.8837967,3,20220701,3,,,,
JDQ4MTYyMiM3MSMkMiMkMCMkMDAkNDgxMzUxIzExIyQxIyQ3IyQ2MiQyNjE0ODEjNDEjJDEjJDgjJDgz,신세계안과의원,clinic,전남광주,광주서구,"전남광주통합특별시 서구 죽봉대로 92, 광연 신세계안과빌딩 (광천동)",062-351-1515,,35.1615993,126.883877,11,20090227,9,,,,
JDQ4MTYyMiM3MSMkMiMkMCMkMDAkNDgxMzUxIzIxIyQxIyQ1IyQ5OSQyNjE4MzIjNjEjJDEjJDAjJDgz,아이안과의원,clinic,전남광주,광주서구,"전남광주통합특별시 서구 금화로 71, 미미빌딩 6층 (금호동)",062-716-7112,,35.1324528,126.8565427,1,20031231,1,,,,
JDQ4MTYyMiM3MSMkMiMkMCMkMDAkMzgxMTkxIzMxIyQxIyQ3IyQ5OSQ0NjEwMDIjNDEjJDEjJDgjJDgz,정상기안과의원,clinic,전남광주,광주서구,"전남광주통합특별시 서구 죽봉대로 76, 2층 (농성동, 메디필클리닉센터)",062-361-7582,,35.1600894,126.8837676,1,20160829,1,"{""0"": [""0900"", ""1730""], ""1"": [""0900"", ""1730""], ""2"": [""0900"", ""1730""], ""3"": [""0900"", ""1730""], ""4"": [""0900"", ""1730""], ""5"": [""0900"", ""1230""]}",12시30분~14시00분,,
JDQ4MTYyMiM3MSMkMiMkMCMkMDAkMzgxNzAyIzExIyQxIyQ3IyQ5OSQ0NjE0ODEjNzEjJDEjJDgjJDgz,최고안과의원,clinic,전남광주,광주서구,"전남광주통합특별시 서구 경열로 118, 1층~2층 (양동)",062-716-7117,,35.1524773,126.898844,1,20210107,1,"{""0"": [""0900"", ""1800""], ""1"": [""0900"", ""1800""], ""3"": [""0900"", ""1800""], ""4"": [""0900"", ""1800""]}",12시 30분 - 14시 00분,09시 00분 - 17시 40분,무지개병원
JDQ4MTYyMiM3MSMkMiMkMCMkMDAkMzgxOTYxIzIxIyQxIyQxIyQ4MiQzNjE4MzIjNTEjJDEjJDYjJDgz,풍암안과의원,clinic,전남광주,광주서구,"전남광주통합특별시 서구 풍암2로 14, 2층 (풍암동)",062-655-9339,,35.1264268,126.8798393,1,20041213,1,"{""0"": [""0900"", ""1830""], ""1"": [""0900"", ""1830""], ""2"": [""0900"", ""1830""], ""3"": [""0900"", ""1830""], ""4"": [""0900"", ""1830""], ""5"": [""0900"", ""1600""]}",12시30분~14시00분,09시00분~18시20분,광주 서구 풍암2로 1119-3번지 로뎀빌딩 2층 풍암안과
JDQ4MTYyMiM3MSMkMiMkMCMkMDAkMzgxNzAyIzMxIyQyIyQzIyQwMCQyNjE4MzIjODEjJDEjJDYjJDgz,서울안과의원,clinic,전남광주,구례군,"전남광주통합특별시 구례군 구례읍 로터리길 11, (구례읍)",781-0082,,35.2091275,127.4658537,1,20100504,1,,,,
JDQ4MTYyMiM3MSMkMiMkMCMkMDAkMzgxMTkxIzMxIyQxIyQ3IyQ3MiQyNjEwMDIjODEjJDEjJDIjJDgz,나주우리안과의원,clinic,전남광주,나주시,"전남광주통합특별시 나주시 나주로 208, (성북동)",061-331-1175,,35.0349529,126.7218879,1,20101105,1,"{""0"": [""0830"", ""1700""], ""1"": [""0830"", ""1700""], ""2"": [""0830"", ""1700""], ""3"": [""0830"", ""1700""], ""4"": [""0830"", ""1700""], ""5"": [""0830"", ""1200""]}",12시30분~14시00분,08시20분~16시50분,나주터미널앞
JDQ4MTYyMiM3MSMkMiMkMCMkMDAkMzgxOTYxIzExIyQxIyQ3IyQ3MiQzNjE0ODEjNjEjJDEjJDQjJDgz,늘푸른임안과의원,clinic,전남광주,나주시,"전남광주통합특별시 나주시 전력로 2, 302호 (빛가람동)",061-333-2075,,35.0215717,126.785331,1,20171201,1,,,,
JDQ4MTYyMiM3MSMkMiMkMCMkMDAkMzgxMTkxIzMxIyQxIyQzIyQ3OSQzNjEwMDIjODEjJDEjJDIjJDgz,아이안과의원,clinic,전남광주,나주시,"전남광주통합특별시 나주시 예향로 3819, (이창동)",061-334-7115,,34.9952222,126.713957,1,20061106,1,,,,
JDQ4MTYyMiM3MSMkMiMkMCMkMDAkMzgxNzAyIzMxIyQxIyQ3IyQ5OSQzNjEyMjIjNTEjJDEjJDIjJDgz,아이안과의원,clinic,전남광주,나주시,"전남광주통합특별시 나주시 영산로 5426, 4층 (성북동, 부림판넬)",061-813-2112,http://www.ieyeclinic.com,35.0355449,126.7220212,1,20150908,1,,,,
JDQ4MTYyMiM3MSMkMiMkMCMkMDAkMzgxNzAyIzExIyQyIyQzIyQwMCQzNjE0ODEjNjEjJDEjJDQjJDgz,담양우리안과의원,clinic,전남광주,담양군,"전남광주통합특별시 담양군 담양읍 중앙로 30-1, (담양읍)",061-383-8275,,35.3159217,126.9835749,1,20060119,1,"{""0"": [""0840"", ""1730""], ""1"": [""0840"", ""1730""], ""2"": [""0840"", ""1220""], ""3"": [""0840"", ""1730""], ""4"": [""0840"", ""1730""], ""5"": [""0840"", ""1200""]}",12시30분 ~ 14시00분,08시10분 ~ 17시30분,
JDQ4MTYyMiM3MSMkMiMkMCMkMDAkMzgxNzAyIzExIyQxIyQzIyQ3OSQ0NjE0ODEjNjEjJDEjJDgjJDgz,목포성모안과의원,clinic,전남광주,목포시,"전남광주통합특별시 목포시 삼학로 24, 4층 (호남동)",061-240-2050,,34.7900648,126.3881462,1,20050927,1,"{""0"": [""0830"", ""1700""], ""1"": [""0830"", ""1700""], ""2"": [""0830"", ""1200""], ""3"": [""0830"", ""1700""], ""4"": [""0830"", ""1700""]}",12시00분~13시30분,8시30분 ~ 16시50분 (수요일 11시 50분 까지),목포역
JDQ4MTYyMiM3MSMkMiMkMCMkMDAkMzgxMzUxIzQxIyQxIyQ3IyQ4OSQzNjE4MzIjNTEjJDEjJDYjJDgz,목포안과의원,clinic,전남광주,목포시,"전남광주통합특별시 목포시 부흥로 67, 2층 (상동)",061-287-8500,,34.803019,126.4285249,1,19860502,1,,,,
JDQ4MTYyMiM3MSMkMiMkMCMkMDAkNDgxMzUxIzIxIyQxIyQ5IyQ4OSQyNjEyMjIjNjEjJDEjJDQjJDgz,서울안과의원,clinic,전남광주,목포시,"전남광주통합특별시 목포시 비파로 106, 삼성전자사옥 3,4,5층 (상동)",061-287-2075,,34.807527,126.4239949,3,20200227,3,,,,
JDQ4MTYyMiM3MSMkMiMkMCMkMDAkMzgxNzAyIzMxIyQxIyQzIyQ5MiQyNjEwMDIjNDEjJDEjJDgjJDgz,성모안과의원,clinic,전남광주,목포시,"전남광주통합특별시 목포시 백년대로 295, (상동)",061-285-7588,,34.8039717,126.4199762,1,20081201,1,"{""0"": [""0910"", ""1830""], ""1"": [""0910"", ""1830""], ""2"": [""0910"", ""1830""], ""3"": [""0910"", ""1830""], ""4"": [""0910"", ""1830""], ""5"": [""0910"", ""1230""]}",12시00분 ~ 14시00분,08시40분 ~,
JDQ4MTYyMiM3MSMkMiMkMCMkMDAkMzgxNzAyIzExIyQyIyQ3IyQwMCQyNjEyMjIjNjEjJDEjJDQjJDgz,하당한빛안과의원,clinic,전남광주,목포시,"전남광주통합특별시 목포시 백년대로 304, (상동)",061-281-6262,,34.8037227,126.4210695,1,20030501,1,"{""0"": [""0900"", ""1800""], ""1"": [""0900"", ""1800""], ""2"": [""0900"", ""1230""], ""3"": [""0900"", ""1800""], ""4"": [""0900"", ""1800""], ""5"": [""0900"", ""1200""]}",12시30분-14시00분,,SL빌딩
JDQ4MTYyMiM3MSMkMiMkMCMkMDAkMzgxOTYxIzUxIyQxIyQxIyQ4OSQ0NjEwMDIjNDEjJDEjJDgjJDgz,한국안과의원,clinic,전남광주,목포시,"전남광주통합특별시 목포시 영산로 483, (상동)",061-270-5381,,34.809382,126.4162693,1,19971229,1,,,,
JDQ4MTYyMiM3MSMkMiMkMCMkMDAkMzgxMTkxIzIxIyQxIyQ1IyQ5MiQ0NjEwMDIjODEjJDEjJDYjJDgz,한빛안과의원,clinic,전남광주,목포시,"전남광주통합특별시 목포시 영산로 251, 2,5층 (용당동)",061-274-4400,,34.8033489,126.3936616,6,20010531,6,"{""0"": [""0830"", ""1830""], ""1"": [""0830"", ""1830""], ""2"": [""0830"", ""1830""], ""3"": [""0830"", ""1830""], ""4"": [""0830"", ""1830""], ""5"": [""0830"", ""1500""]}",12시30분~14시00분,08시30분~18시30분,목포시 연동파출소
JDQ4MTYyMiM3MSMkMiMkMCMkMDAkMzgxOTYxIzQxIyQxIyQ3IyQ4OSQzNjEyMjIjNDEjJDEjJDgjJDgz,남악밝은안과의원,clinic,전남광주,무안군,"전남광주통합특별시 무안군 삼향읍 남악3로 50, 신우메디칼센터 3층 301호",061-802-2400,,34.8099707,126.4606714,1,20180307,1,,,,
JDQ4MTYyMiM3MSMkMiMkMCMkMDAkMzgxMTkxIzUxIyQxIyQ1IyQwMyQ0NjE0ODEjNjEjJDEjJDgjJDgz,서울안과의원,clinic,전남광주,무안군,"전남광주통합특별시 무안군 무안읍 무안중앙로 5, (무안읍)",061-454-0082,,34.9883203,126.4781627,2,20140818,1,,,,
JDQ4MTYyMiM3MSMkMiMkMCMkMDAkMzgxNzAyIzIxIyQxIyQxIyQ2MiQyNjE0ODEjNTEjJDEjJDIjJDgz,벌교순천안과의원,clinic,전남광주,보성군,"전남광주통합특별시 보성군 벌교읍 채동선로 224-1, (벌교읍)",061-858-8275,,34.8422838,127.3444493,1,20071108,1,,,,
JDQ4MTYyMiM3MSMkMiMkMCMkMDAkMzgxMTkxIzUxIyQxIyQ1IyQ4OSQzNjE0ODEjNTEjJDEjJDIjJDgz,보성밝은안과의원,clinic,전남광주,보성군,"전남광주통합특별시 보성군 보성읍 현충로 68, 2층",061-853-1075,,34.7665743,127.0792552,1,20050217,1,,,,
JDQ4MTYyMiM3MSMkMiMkMCMkMDAkMzgxOTYxIzMxIyQxIyQzIyQ3OSQyNjEyMjIjODEjJDEjJDIjJDgz,김안과의원,clinic,전남광주,순천시,"전남광주통합특별시 순천시 중앙로 10, (장천동)",061-742-4988,,34.9477115,127.4875885,1,19950421,1,"{""0"": [""0900"", ""1800""], ""1"": [""0900"", ""1800""], ""2"": [""0900"", ""1300""], ""3"": [""0900"", ""1800""], ""4"": [""0900"", ""1800""], ""5"": [""0900"", ""1300""]}",13시-14시 수요일 제외,08시30분-17시30분,
JDQ4MTYyMiM3MSMkMiMkMCMkMDAkNDgxMzUxIzIxIyQxIyQxIyQ5OSQ0NjE0ODEjODEjJDEjJDYjJDgz,더밝은안과의원,clinic,전남광주,순천시,"전남광주통합특별시 순천시 이수로 321, 4~5층 (조례동)",061-727-2000,,34.9540717,127.5190029,6,20171127,6,"{""0"": [""0830"", ""1800""], ""1"": [""0830"", ""1800""], ""2"": [""0830"", ""1800""], ""3"": [""0830"", ""1800""], ""4"": [""0830"", ""1900""], ""5"": [""0830"", ""1400""]}",12시30분~14시00분,,
JDQ4MTYyMiM3MSMkMiMkMCMkMDAkMzgxMTkxIzIxIyQxIyQ5IyQxMyQzNjEyMjIjNjEjJDEjJDQjJDgz,성모안과의원,clinic,전남광주,순천시,"전남광주통합특별시 순천시 이수로 317, 1층 (조례동, 성모안과)",061-721-0062,,34.9541238,127.5183727,3,20020201,3,"{""0"": [""0830"", ""1800""], ""1"": [""0830"", ""1800""], ""2"": [""0830"", ""1800""], ""3"": [""0830"", ""1800""], ""4"": [""0830"", ""1800""], ""5"": [""0830"", ""1500""], ""6"": [""0900"", ""1200""]}",12시30분~14시00분,08시20분~17시 50분,순천성모안과
JDQ4MTYyMiM3MSMkMiMkMCMkMDAkMzgxNzAyIzIxIyQxIyQxIyQ4MiQ0NjEwMDIjNDEjJDEjJDgjJDgz,순천안과의원,clinic,전남광주,순천시,"전남광주통합특별시 순천시 중앙로 54, 2,3층 (장천동)",061-741-4400,,34.9506923,127.4844767,1,20191203,1,,,,
JDQ4MTYyMiM3MSMkMiMkMCMkMDAkNDgxMzUxIzIxIyQxIyQ1IyQ5OSQzNjEyMjIjODEjJDEjJDYjJDgz,신대성모안과의원,clinic,전남광주,순천시,"전남광주통합특별시 순천시 해룡면 향매로 67, 4층",061-725-0033,,34.9342873,127.5469699,1,20181130,1,,,,
JDQ4MTYyMiM3MSMkMiMkMCMkMDAkMzgxMTkxIzMxIyQxIyQzIyQ3OSQyNjEyMjIjNTEjJDEjJDYjJDgz,조례순천안과의원,clinic,전남광주,순천시,"전남광주통합특별시 순천시 순광로 14, 3층 (조례동)",724-5050,,34.9545245,127.522948,1,20021209,1,"{""0"": [""0900"", ""1800""], ""1"": [""0900"", ""1800""], ""2"": [""0900"", ""1230""], ""3"": [""0900"", ""1800""], ""4"": [""0900"", ""1800""], ""5"": [""0900"", ""1230""]}",12시30분~14시00분,09시00분~17시30분,에코그라드 호텔
JDQ4MTYyMiM3MSMkMiMkMCMkMDAkMzgxNzAyIzIxIyQyIyQ1IyQwMCQyNjE4MzIjNjEjJDEjJDgjJDgz,플러스안과의원,clinic,전남광주,순천시,"전남광주통합특별시 순천시 신월큰길 7, 리원빌딩동 3층 (조례동)",061-804-5115,http://www.plus-eye.co.kr,34.960469,127.520347,1,20081007,1,"{""0"": [""1000"", ""1830""], ""1"": [""1000"", ""1830""], ""2"": [""1000"", ""1830""], ""3"": [""1000"", ""1830""], ""4"": [""1000"", ""1830""], ""5"": [""1000"", ""1230""], ""6"": [""0000"", ""0000""]}",12:30~2:00,오전10:00~오후6:30,"순천시 조례 신월큰길 7 , 리원빌딩3층"
JDQ4MTYyMiM3MSMkMiMkMCMkMDAkMzgxNzAyIzMxIyQxIyQzIyQ4OSQyNjEwMDIjODEjJDEjJDIjJDgz,강안과의원,clinic,전남광주,여수시,"전남광주통합특별시 여수시 쌍봉로 36, (학동)",061-686-7555,,34.7662712,127.6598879,1,20100302,1,"{""0"": [""0900"", ""1830""], ""1"": [""0900"", ""1830""], ""2"": [""0900"", ""1830""], ""3"": [""0900"", ""1830""], ""4"": [""0900"", ""1830""], ""5"": [""0900"", ""1300""]}",12시30분~2시,,신동아 파밀리에 아파트
JDQ4MTYyMiM3MSMkMiMkMCMkMDAkMzgxMzUxIzMxIyQxIyQ3IyQwMyQyNjE4MzIjNjEjJDEjJDQjJDgz,김안과의원,clinic,전남광주,여수시,"전남광주통합특별시 여수시 충무로 56, (충무동)",061-663-6266,,34.7414939,127.7314691,1,19851122,1,,,,
JDQ4MTYyMiM3MSMkMiMkMCMkMDAkMzgxNzAyIzUxIyQxIyQ1IyQ3MiQyNjE0ODEjNjEjJDEjJDAjJDgz,밝은여수안과의원,clinic,전남광주,여수시,"전남광주통합특별시 여수시 좌수영로 25, 2층 (광무동)",0507-1307-1090,,34.7427437,127.727768,1,20141223,1,"{""0"": [""0800"", ""1800""], ""1"": [""0800"", ""1800""], ""2"": [""0800"", ""1800""], ""3"": [""0800"", ""1800""], ""4"": [""0800"", ""1800""], ""5"": [""0800"", ""1200""]}",12시30분~14시00분,,
JDQ4MTYyMiM3MSMkMiMkMCMkMDAkMzgxOTYxIzExIyQxIyQ3IyQ2MiQyNjEwMDIjNTEjJDEjJDYjJDgz,복음안과의원,clinic,전남광주,여수시,"전남광주통합특별시 여수시 중앙로 9-1, (서교동)",061-642-6800,,34.7406351,127.7287682,1,19920120,1,"{""0"": [""0900"", ""1730""], ""1"": [""0900"", ""1730""], ""2"": [""0900"", ""1230""], ""3"": [""0900"", ""1730""], ""4"": [""0900"", ""1730""], ""5"": [""0900"", ""1230""]}",12시30분~14시00분,08시50분~17시20분,KT 올레 (구 전신전화국)
JDQ4MTYyMiM3MSMkMiMkMCMkMDAkMzgxNzAyIzIxIyQxIyQ5IyQ5MiQyNjEyMjIjNTEjJDEjJDYjJDgz,삼성안과의원,clinic,전남광주,여수시,"전남광주통합특별시 여수시 여서1로 54, 5층 (여서동)",061-655-6900,http://,34.7522261,127.7037648,1,20140311,1,,,,
JDQ4MTYyMiM3MSMkMiMkMCMkMDAkNDgxMzUxIzMxIyQxIyQ3IyQxMyQ0NjEwMDIjNTEjJDEjJDYjJDgz,여수신세계안과의원,clinic,전남광주,여수시,"전남광주통합특별시 여수시 여서1로 7, (여서동)",061-655-1112,,34.7494474,127.7002051,1,20231226,1,,,,
JDQ4MTYyMiM3MSMkMiMkMCMkMDAkMzgxMTkxIzMxIyQxIyQzIyQwMyQzNjE4MzIjNTEjJDEjJDIjJDgz,여수연합안과의원,clinic,전남광주,여수시,"전남광주통합특별시 여수시 중앙로 31, 1,2,5층 (충무동)",061-663-3369,,34.7405399,127.7310974,1,20020625,1,,,,
JDQ4MTYyMiM3MSMkMiMkMCMkMDAkMzgxMTkxIzMxIyQxIyQ3IyQ5OSQyNjEyMjIjNjEjJDEjJDAjJDgz,여천연합안과의원,clinic,전남광주,여수시,"전남광주통합특별시 여수시 시청로 19, 4층 (학동)",061-683-3030,,34.7634402,127.6625115,2,20021120,2,"{""0"": [""0900"", ""1800""], ""1"": [""0900"", ""1800""], ""2"": [""0900"", ""1800""], ""3"": [""0900"", ""1800""], ""4"": [""0900"", ""1800""], ""5"": [""0900"", ""1200""]}",12시 30분 ~ 2시,,우리은행건물 4층
JDQ4MTYyMiM3MSMkMiMkMCMkMDAkMzgxNzAyIzQxIyQxIyQ3IyQwMyQyNjEyMjIjNDEjJDEjJDQjJDgz,연세수안과의원,clinic,전남광주,여수시,"전남광주통합특별시 여수시 좌수영로 1, 4층 (서교동)",061-643-7575,,34.7407408,127.7274785,1,20160718,1,,,,
JDQ4MTYyMiM3MSMkMiMkMCMkMDAkNDgxMzUxIzMxIyQxIyQzIyQ5MiQzNjE0ODEjNDEjJDEjJDgjJDgz,김안과의원,clinic,전남광주,영광군,"전남광주통합특별시 영광군 영광읍 신남로 180, 2층",061-352-8375,,35.2758935,126.5019118,1,20220421,1,"{""0"": [""0800"", ""1700""], ""1"": [""0800"", ""1700""], ""2"": [""0800"", ""1200""], ""3"": [""0800"", ""1700""], ""4"": [""0800"", ""1700""], ""5"": [""0800"", ""1200""]}",12시30분~14시00분,,
JDQ4MTYyMiM3MSMkMiMkMCMkMDAkMzgxNzAyIzUxIyQxIyQ1IyQ3MiQyNjEwMDIjNTEjJDEjJDIjJDgz,영광안과의원,clinic,전남광주,영광군,"전남광주통합특별시 영광군 영광읍 신남로 168, 3층",061-353-6640,,35.275721,126.5004308,1,20020228,1,,,,
JDQ4MTYyMiM3MSMkMiMkMCMkMDAkMzgxOTYxIzUxIyQxIyQ1IyQ3MiQzNjEyMjIjNTEjJDEjJDIjJDgz,하나안과의원,clinic,전남광주,영암군,"전남광주통합특별시 영암군 영암읍 동문로 5, (영암읍)",061-471-2007,,34.7961556,126.7023862,1,20090827,1,,,,
JDQ4MTYyMiM3MSMkMiMkMCMkMDAkMzgxMTkxIzMxIyQxIyQzIyQ5MiQyNjEwMDIjNjEjJDEjJDgjJDgz,완도밝은안과의원,clinic,전남광주,완도군,"전남광주통합특별시 완도군 완도읍 개포로130번길 15, (완도읍)",061-555-2075,,34.3188619,126.7445269,1,20030312,1,"{""0"": [""0900"", ""1800""], ""1"": [""0900"", ""1800""], ""2"": [""0900"", ""1800""], ""3"": [""0900"", ""1800""], ""4"": [""0900"", ""1800""], ""5"": [""0900"", ""1100""]}",,09:00~17:30,
JDQ4MTYyMiM3MSMkMiMkMCMkMDAkMzgxNzAyIzIxIyQxIyQxIyQxMyQzNjEwMDIjNDEjJDEjJDQjJDgz,장성김안과의원,clinic,전남광주,장성군,"전남광주통합특별시 장성군 장성읍 영천로 123, (장성읍)",061-395-3950,,35.2967243,126.7808333,1,20080407,1,,,,
JDQ4MTYyMiM3MSMkMiMkMCMkMDAkMzgxMTkxIzExIyQxIyQzIyQ2MiQyNjEyMjIjNDEjJDEjJDgjJDgz,김안과의원,clinic,전남광주,장흥군,"전남광주통합특별시 장흥군 장흥읍 동교1길 42, (장흥읍)",061-863-0075,,34.6779814,126.9098246,1,19990420,1,,,,
JDQ4MTYyMiM3MSMkMiMkMCMkMDAkMzgxNzAyIzIxIyQxIyQ5IyQwMyQzNjE4MzIjNDEjJDEjJDgjJDgz,이안과의원,clinic,전남광주,진도군,"전남광주통합특별시 진도군 진도읍 남문길 13, 13",061-542-7075,,34.4794003,126.2634294,1,20100915,1,,,,
JDQ4MTYyMiM3MSMkMiMkMCMkMDAkNDgxMzUxIzMxIyQxIyQzIyQ3OSQzNjE4MzIjNjEjJDEjJDQjJDgz,새봄안과의원,clinic,전남광주,해남군,"전남광주통합특별시 해남군 해남읍 남부순환로 159, 302호",061-880-8275,,34.5654578,126.5943494,1,20210512,1,,,,
JDQ4MTYyMiM3MSMkMiMkMCMkMDAkMzgxMTkxIzExIyQxIyQzIyQ3MiQ0NjEwMDIjNjEjJDEjJDQjJDgz,해남김안과의원,clinic,전남광주,해남군,"전남광주통합특별시 해남군 해남읍 남부순환로 2, 2층",061-536-5424,,34.5706065,126.6066831,2,19990501,2,"{""0"": [""0820"", ""1700""], ""1"": [""0820"", ""1700""], ""2"": [""0820"", ""1700""], ""3"": [""0820"", ""1700""], ""4"": [""0820"", ""1700""]}",12:30-13:30,08:00-17:00,해남세무서
JDQ4MTYyMiM3MSMkMiMkMCMkMDAkMzgxOTYxIzUxIyQxIyQ1IyQ4MiQzNjE0ODEjNTEjJDEjJDYjJDgz,참빛안과의원,clinic,전남광주,화순군,"전남광주통합특별시 화순군 화순읍 자치샘로 38-3, (화순읍)",061-375-0016,,35.0613455,126.9850281,1,20100927,1,,,,
JDQ4MTYyMiM3MSMkMiMkMCMkMDAkMzgxNzAyIzIxIyQxIyQ1IyQ4MiQzNjE4MzIjNDEjJDEjJDgjJDgz,화순연세안과의원,clinic,전남광주,화순군,"전남광주통합특별시 화순군 화순읍 자치샘로 48, 204,205호 (미래타워)",061-371-0334,,35.0609453,126.9860371,1,20081222,1,,,,
JDQ4MTYyMiM2MSMkMiMkNiMkMDAkMzgxOTYxIzUxIyQxIyQ1IyQ5OSQzNjE4MzIjNjEjJDEjJDQjJDgz,서울안과의원,clinic,전북,고창군,"전북특별자치도 고창군 고창읍 중앙로 206, (고창읍)",063-564-9123,,35.4349818,126.6980057,1,20060302,1,"{""0"": [""0830"", ""1800""], ""1"": [""0830"", ""1800""], ""2"": [""0830"", ""1800""], ""3"": [""0830"", ""1800""], ""4"": [""0830"", ""1800""], ""5"": [""0830"", ""1300""]}",13시00분~14시00분,,새백제약국
JDQ4MTYyMiM2MSMkMiMkNiMkMDAkMzgxMTkxIzMxIyQyIyQzIyQwMCQ0NjE0ODEjNDEjJDEjJDgjJDgz,우리안과의원,clinic,전북,고창군,"전북특별자치도 고창군 고창읍 보릿골로 114, (고창읍)",063-561-0030,,35.435522,126.6957329,1,20160926,1,,,,
JDQ4MTYyMiM2MSMkMiMkNiMkMDAkMzgxMTkxIzQxIyQxIyQ3IyQ2MiQyNjE0ODEjNjEjJDEjJDQjJDgz,고상준안과의원,clinic,전북,군산시,"전북특별자치도 군산시 궁포3로 5, 301,302,303호 (조촌동)",063-446-1616,,35.97607,126.7410803,1,20211221,1,"{""0"": [""0900"", ""2000""], ""1"": [""0900"", ""1800""], ""2"": [""0900"", ""1800""], ""3"": [""0900"", ""2000""], ""4"": [""0900"", ""1800""], ""5"": [""0900"", ""1300""]}",12:30~14:00,9:00~18:00,한국농어촌공사 새만금산업단지사업단
JDQ4MTYyMiM2MSMkMiMkNiMkMDAkMzgxMTkxIzQxIyQxIyQ3IyQ2MiQyNjEwMDIjNTEjJDEjJDYjJDgz,군산삼성안과의원,clinic,전북,군산시,"전북특별자치도 군산시 조촌로 131, 3층 303, 304, 305호 (조촌동)",063-731-0075,,35.9758463,126.7373062,1,20211231,1,"{""0"": [""0900"", ""1800""], ""1"": [""0900"", ""1800""], ""2"": [""0900"", ""1800""], ""3"": [""1400"", ""1800""], ""4"": [""0900"", ""1800""], ""5"": [""0900"", ""1300""]}",12:30~14:00,09:00~17:00,한사랑빌딩
JDQ4MTYyMiM2MSMkMiMkNiMkMDAkMzgxMzUxIzMxIyQxIyQzIyQ4OSQzNjE0ODEjNTEjJDEjJDIjJDgz,군산안과의원,clinic,전북,군산시,"전북특별자치도 군산시 중앙로 181, (중앙로1가)",063-442-2171,,35.9873972,126.7108461,1,19870425,1,,,,
JDQ4MTYyMiM2MSMkMiMkNiMkMDAkMzgxOTYxIzUxIyQxIyQ1IyQ5OSQyNjEyMjIjNjEjJDEjJDAjJDgz,군산한빛안과의원,clinic,전북,군산시,"전북특별자치도 군산시 월명로 277, (수송동)",461-7117,,35.9688346,126.7151828,2,20060208,2,,,,
JDQ4MTYyMiM2MSMkMiMkNiMkMDAkMzgxMTkxIzExIyQxIyQ3IyQ5OSQzNjE4MzIjNDEjJDEjJDQjJDgz,눈사랑안과의원,clinic,전북,군산시,"전북특별자치도 군산시 월명로 244, (수송동)",063-442-1675,,35.9657454,126.7161269,1,20090521,1,"{""0"": [""0900"", ""1800""], ""1"": [""0900"", ""1800""], ""2"": [""0900"", ""1220""], ""3"": [""0900"", ""1800""], ""4"": [""0900"", ""1800""], ""5"": [""0900"", ""1200""]}",12시 30분 에서 14시 까지,8시 30분부터 17시 50분까지,
JDQ4MTYyMiM2MSMkMiMkNiMkMDAkMzgxMTkxIzExIyQxIyQzIyQ4OSQ0NjEwMDIjNTEjJDEjJDIjJDgz,명안과의원,clinic,전북,군산시,"전북특별자치도 군산시 공단대로 381, 2층 (나운동)",063-471-0106,,35.9617833,126.6999281,1,20070601,1,"{""0"": [""0900"", ""1810""], ""1"": [""0900"", ""1810""], ""2"": [""0900"", ""1810""], ""3"": [""0900"", ""1230""], ""4"": [""0900"", ""1810""], ""5"": [""0900"", ""1230""]}",오후12시30~오후2시,오전9시~,나운빌딩 2층
JDQ4MTYyMiM2MSMkMiMkNiMkMDAkMzgxMTkxIzMxIyQxIyQzIyQxMyQzNjE4MzIjNjEjJDEjJDgjJDgz,밝은빛안과의원,clinic,전북,군산시,"전북특별자치도 군산시 수송로 188, 청담빌딩 5층 (수송동)",063-468-5353,,35.9636582,126.7161527,2,20171228,2,"{""0"": [""0900"", ""1800""], ""1"": [""0900"", ""1800""], ""2"": [""0900"", ""1800""], ""3"": [""0900"", ""1800""], ""4"": [""0900"", ""1800""], ""5"": [""0900"", ""1230""]}",,,
JDQ4MTYyMiM2MSMkMiMkNiMkMDAkMzgxOTYxIzUxIyQyIyQ1IyQwMCQ0NjE0ODEjNDEjJDEjJDgjJDgz,서울안과의원,clinic,전북,군산시,"전북특별자치도 군산시 수송로 42, 옵티마약국 2층 201,202,203,204호 (나운동)",063-465-7582,,35.966795,126.7007198,1,20060317,1,"{""0"": [""0900"", ""1830""], ""1"": [""0900"", ""1830""], ""2"": [""0900"", ""1830""], ""3"": [""0900"", ""1830""], ""4"": [""0900"", ""1830""], ""5"": [""0900"", ""1300""]}",12시30분-14시00분,,
JDQ4MTYyMiM2MSMkMiMkNiMkMDAkMzgxMzUxIzUxIyQxIyQxIyQ4OSQyNjEwMDIjNzEjJDEjJDgjJDgz,한마음안과 의원,clinic,전북,군산시,"전북특별자치도 군산시 공단대로 384, (나운동)",462-2000,,35.962387,126.6998031,1,19990726,1,"{""0"": [""0830"", ""1800""], ""1"": [""0830"", ""1800""], ""2"": [""0830"", ""1230""], ""3"": [""0830"", ""1800""], ""4"": [""0830"", ""1800""], ""5"": [""0830"", ""1230""]}",,,
JDQ4MTYyMiM2MSMkMiMkNiMkMDAkMzgxMTkxIzExIyQxIyQzIyQ2MiQzNjEwMDIjNDEjJDEjJDgjJDgz,밝은안과의원,clinic,전북,김제시,"전북특별자치도 김제시 남북로 231, (요촌동)",063-546-9200,,35.8045942,126.8836328,1,20080220,1,,,,
JDQ4MTYyMiM2MSMkMiMkNiMkMDAkMzgxMTkxIzUxIyQxIyQxIyQxMyQzNjEwMDIjODEjJDEjJDYjJDgz,삼성한마음안과의원,clinic,전북,김제시,"전북특별자치도 김제시 동서로 151-1, (요촌동)",063-543-4488,,35.798811,126.8854837,1,19950531,1,,,,
JDQ4MTYyMiM2MSMkMiMkNiMkMDAkMzgxOTYxIzUxIyQxIyQ1IyQ4OSQ0NjEwMDIjNjEjJDEjJDAjJDgz,송안과의원,clinic,전북,김제시,"전북특별자치도 김제시 남북로 222, (요촌동)",063-543-5405,,35.8038266,126.8843838,1,20051221,1,"{""0"": [""0850"", ""1600""], ""1"": [""0850"", ""1600""], ""2"": [""0850"", ""1600""], ""3"": [""0850"", ""1600""], ""4"": [""0850"", ""1600""], ""5"": [""0850"", ""1200""]}",12시30~1시30분,8시50분~4시,
JDQ4MTYyMiM2MSMkMiMkNiMkMDAkMzgxMTkxIzQxIyQxIyQ3IyQ3MiQyNjEwMDIjNDEjJDEjJDgjJDgz,남원밝은안과의원,clinic,전북,남원시,"전북특별자치도 남원시 용성로 102, 백제약국 4-5층 (죽항동)",063-632-1000,,35.4091482,127.3877683,1,20220228,1,,,,
JDQ4MTYyMiM2MSMkMiMkNiMkMDAkMzgxOTYxIzUxIyQxIyQ1IyQ5OSQyNjE0ODEjODEjJDEjJDIjJDgz,남원안과의원,clinic,전북,남원시,"전북특별자치도 남원시 남문로 389, (왕정동)",635-0075,www.namwoneye.co.kr,35.4068247,127.3739731,3,20041103,3,"{""0"": [""0830"", ""1800""], ""1"": [""0830"", ""1800""], ""2"": [""0830"", ""1800""], ""3"": [""0830"", ""1800""], ""4"": [""0830"", ""1800""], ""5"": [""0830"", ""1300""]}",,,
JDQ4MTYyMiM2MSMkMiMkNiMkMDAkMzgxMzUxIzUxIyQxIyQ1IyQwMyQ0NjE0ODEjNDEjJDEjJDgjJDgz,성모안과의원,clinic,전북,남원시,"전북특별자치도 남원시 동림로 43, (향교동)",063-625-8966,,35.4124234,127.3881062,1,19950826,1,"{""0"": [""0900"", ""1730""], ""1"": [""0900"", ""1730""], ""2"": [""0900"", ""1200""], ""3"": [""0900"", ""1730""], ""4"": [""0900"", ""1730""], ""5"": [""0900"", ""1200""]}",12시30분~14시00분,09시00분~17시00분,남원성모안과의원
JDQ4MTYyMiM2MSMkMiMkNiMkMDAkMzgxOTYxIzExIyQxIyQzIyQ3MiQyNjEyMjIjODEjJDEjJDYjJDgz,중앙안과의원,clinic,전북,남원시,"전북특별자치도 남원시 용성로 113, (동충동)",063-632-3399,,35.4100009,127.3885469,1,19960530,1,"{""0"": [""0900"", ""1630""], ""1"": [""0900"", ""1630""], ""2"": [""0900"", ""1630""], ""3"": [""0900"", ""1630""], ""4"": [""0900"", ""1630""], ""5"": [""0900"", ""1100""]}",12시 40분,8시30분부터~마감시까지,남원메디칼센터
JDQ4MTYyMiM2MSMkMiMkNiMkMDAkMzgxOTYxIzQxIyQxIyQ3IyQ5OSQ0NjEwMDIjODEjJDEjJDYjJDgz,무주안과의원,clinic,전북,무주군,"전북특별자치도 무주군 무주읍 한풍루로 351, (무주읍)",063-322-6556,,36.0047088,127.6643313,1,20091029,1,"{""0"": [""0800"", ""1700""], ""1"": [""0800"", ""1700""], ""2"": [""0800"", ""1700""], ""3"": [""0800"", ""1700""], ""4"": [""0800"", ""1700""], ""5"": [""0800"", ""1130""]}",12시30분~13시30분,08시00분~17시00분,무주공용버스터미널2층
JDQ4MTYyMiM2MSMkMiMkNiMkMDAkMzgxMTkxIzIxIyQxIyQ5IyQxMyQyNjE0ODEjNTEjJDEjJDIjJDgz,부안한빛안과의원,clinic,전북,부안군,"전북특별자치도 부안군 부안읍 석정로 230, (부안읍)",,,35.7251731,126.7370164,1,20150915,1,"{""0"": [""0900"", ""1730""], ""1"": [""0900"", ""1730""], ""2"": [""0900"", ""1230""], ""3"": [""0900"", ""1730""], ""4"": [""0900"", ""1730""], ""5"": [""0900"", ""1200""]}",,,
JDQ4MTYyMiM2MSMkMiMkNiMkMDAkMzgxOTYxIzUxIyQxIyQxIyQ2MiQ0NjE0ODEjNDEjJDEjJDgjJDgz,서울안과의원,clinic,전북,순창군,"전북특별자치도 순창군 순창읍 장류로 372, 3층",063-653-7761,,35.3761576,127.1427842,1,20161125,1,,,,
JDQ4MTYyMiM2MSMkMiMkNiMkMDAkMzgxMTkxIzMxIyQxIyQ3IyQ5MiQyNjEwMDIjODEjJDEjJDYjJDgz,맑은안과의원,clinic,전북,완주군,"전북특별자치도 완주군 삼례읍 동학로 23, 2층",063-291-7528,,35.9099015,127.0746299,1,20191101,1,"{""0"": [""0900"", ""1730""], ""1"": [""0900"", ""1730""], ""2"": [""0900"", ""1730""], ""3"": [""0900"", ""1730""], ""4"": [""0900"", ""1730""], ""5"": [""0900"", ""1200""]}",12시30분~14시00분,09시00분~17시00분,
JDQ4MTYyMiM2MSMkMiMkNiMkMDAkMzgxMzUxIzIxIyQxIyQ5IyQ5MiQyNjE0ODEjNzEjJDEjJDgjJDgz,김안과의원,clinic,전북,익산시,"전북특별자치도 익산시 중앙로 5-15, (중앙동1가)",063-854-8600,,35.9405259,126.9479413,1,19860320,1,"{""0"": [""0900"", ""1800""], ""1"": [""0900"", ""1800""], ""2"": [""0900"", ""1800""], ""3"": [""0900"", ""1200""], ""4"": [""0900"", ""1800""], ""5"": [""0900"", ""1200""]}",12시30분~2시 목요일 오후휴진,,익산역
JDQ4MTYyMiM2MSMkMiMkNiMkMDAkMzgxOTYxIzIxIyQxIyQxIyQ4OSQyNjE0ODEjNjEjJDEjJDgjJDgz,본안과의원,clinic,전북,익산시,"전북특별자치도 익산시 무왕로 1069, (영등동)",063-834-0186,,35.9587711,126.9754921,1,20010127,1,"{""0"": [""0900"", ""1750""], ""1"": [""0900"", ""1750""], ""2"": [""0900"", ""1750""], ""3"": [""0900"", ""1750""], ""4"": [""0900"", ""1750""], ""5"": [""0900"", ""1200""], ""6"": [""0000"", ""0000""]}",12시20분~14시00분,08시50분,
JDQ4MTYyMiM2MSMkMiMkNiMkMDAkMzgxMTkxIzIxIyQxIyQ1IyQ3OSQzNjE0ODEjNTEjJDEjJDYjJDgz,세종안과의원,clinic,전북,익산시,"전북특별자치도 익산시 무왕로 1082, (영등동)",063-832-1001,,35.9582834,126.9769982,3,20120427,3,,,,
JDQ4MTYyMiM2MSMkMiMkNiMkMDAkMzgxMzUxIzUxIyQxIyQ1IyQ3OSQ0NjEwMDIjNDEjJDEjJDgjJDgz,안종욱안과의원,clinic,전북,익산시,"전북특별자치도 익산시 중앙로 4, 2층,3층,4층 (중앙동1가, 대한통운빌딩)",063-858-0342,,35.9396873,126.9473627,1,19940630,1,"{""0"": [""0900"", ""0600""], ""1"": [""0900"", ""0600""], ""2"": [""0900"", ""0600""], ""3"": [""0900"", ""0600""], ""4"": [""0900"", ""0600""], ""5"": [""0900"", ""1200""], ""6"": [""0900"", ""1200""]}",12시 30분 ~1시 40분,8시10분~,대한통운건물
JDQ4MTYyMiM2MSMkMiMkNiMkMDAkMzgxOTYxIzMxIyQxIyQzIyQwMyQzNjE4MzIjNTEjJDEjJDYjJDgz,우리들안과의원,clinic,전북,익산시,"전북특별자치도 익산시 무왕로 1071, 2층 (영등동, 유진빌딩)",063-838-7500,http://www.wooridleye.co.kr,35.9587708,126.9757326,2,20050211,2,"{""0"": [""0900"", ""1800""], ""1"": [""0900"", ""1800""], ""2"": [""0900"", ""1800""], ""3"": [""0900"", ""1800""], ""4"": [""0900"", ""1800""], ""5"": [""0900"", ""1200""]}",12시30분~14시00분,9시00분~18시00분,유진빌딩
JDQ4MTYyMiM2MSMkMiMkNiMkMDAkMzgxMTkxIzIxIyQxIyQ5IyQ3MiQzNjEwMDIjNjEjJDEjJDAjJDgz,익산푸른안과의원,clinic,전북,익산시,"전북특별자치도 익산시 선화로 88, (모현동1가)",063-843-2800,,35.9488889,126.9405414,1,20150327,1,"{""0"": [""0830"", ""1800""], ""1"": [""0830"", ""1800""], ""2"": [""0830"", ""1200""], ""3"": [""0830"", ""1800""], ""4"": [""0830"", ""1800""], ""5"": [""0830"", ""1200""]}",12시~2시,08시30분~18시00분 (수요일은 12시까지),
JDQ4MTYyMiM2MSMkMiMkNiMkMDAkMzgxMTkxIzExIyQxIyQzIyQ3MiQyNjE4MzIjNTEjJDEjJDIjJDgz,눈이편한안과의원,clinic,전북,전주덕진구,"전북특별자치도 전주시 덕진구 안덕원로 242, 3층, 4층일부 (인후동1가)",063-244-6655,http://town.cyworld.com/easyeye,35.8362065,127.1534267,2,20080324,2,,,,
JDQ4MTYyMiM2MSMkMiMkNiMkMDAkMzgxMTkxIzMxIyQxIyQ3IyQ3OSQyNjE0ODEjNDEjJDEjJDQjJDgz,새봄안과의원,clinic,전북,전주덕진구,"전북특별자치도 전주시 덕진구 솔내로 152, (송천동1가)",063-253-9009,,35.863705,127.1272098,1,20180307,1,,,,
JDQ4MTYyMiM2MSMkMiMkNiMkMDAkMzgxOTYxIzUxIyQxIyQ1IyQ2MiQ0NjEwMDIjNjEjJDEjJDgjJDgz,서원안과의원,clinic,전북,전주덕진구,"전북특별자치도 전주시 덕진구 송천중앙로 151, (송천동1가)",063-271-8800,,35.860322,127.1210477,1,20061117,1,,,,
JDQ4MTYyMiM2MSMkMiMkNiMkMDAkMzgxMzUxIzQxIyQxIyQ3IyQ3MiQzNjEwMDIjNTEjJDEjJDIjJDgz,실로암안과의원,clinic,전북,전주덕진구,"전북특별자치도 전주시 덕진구 안전로 152, 3층 301호 (중동)",063-253-4848,,35.837498,127.0589984,1,19920224,1,"{""0"": [""0900"", ""1800""], ""1"": [""0900"", ""1800""], ""2"": [""0900"", ""1230""], ""3"": [""0900"", ""1800""], ""4"": [""0900"", ""1800""], ""5"": [""0900"", ""1230""]}",오후12:30~오후2:00까지,AM 09시~PM 5시30분까지,혁신도시 육교옆 에이스빌딩3층
JDQ4MTYyMiM2MSMkMiMkNiMkMDAkMzgxOTYxIzExIyQxIyQzIyQwMyQzNjE4MzIjNDEjJDEjJDgjJDgz,아중한빛안과의원,clinic,전북,전주덕진구,"전북특별자치도 전주시 덕진구 건산로 236, (인후동1가)",063-245-3559,,35.8341871,127.1631031,1,19970131,1,,,,
JDQ4MTYyMiM2MSMkMiMkNiMkMDAkMzgxMTkxIzQxIyQxIyQ3IyQxMyQzNjE4MzIjODEjJDEjJDYjJDgz,에코드림안과의원,clinic,전북,전주덕진구,"전북특별자치도 전주시 덕진구 세병로 8, 4층 401,402호 (송천동2가)",063-717-0313,,35.8755039,127.126853,1,20230223,1,"{""0"": [""0900"", ""1800""], ""1"": [""0900"", ""1800""], ""2"": [""0900"", ""1230""], ""3"": [""0900"", ""1800""], ""4"": [""0900"", ""1800""], ""5"": [""0900"", ""1230""]}",12:30~14:00,,이마트 에코시티점
JDQ4MTYyMiM2MSMkMiMkNiMkMDAkMzgxMTkxIzIxIyQxIyQ5IyQ4MiQyNjEwMDIjODEjJDEjJDYjJDgz,으뜸안과의원,clinic,전북,전주덕진구,"전북특별자치도 전주시 덕진구 백제대로 686, 4층 (인후동2가)",063-247-2277,,35.8437749,127.1442301,3,20150416,3,"{""0"": [""0900"", ""1710""], ""1"": [""0900"", ""1710""], ""2"": [""0900"", ""1710""], ""3"": [""0900"", ""1710""], ""4"": [""0900"", ""1710""], ""5"": [""0900"", ""1200""]}",12시30분~14시00분,08시50분~17시00분,
JDQ4MTYyMiM2MSMkMiMkNiMkMDAkMzgxMzUxIzMxIyQxIyQzIyQ5MiQzNjEyMjIjNTEjJDEjJDIjJDgz,전영경안과의원,clinic,전북,전주덕진구,"전북특별자치도 전주시 덕진구 기린대로 471-2, (덕진동1가)",063-273-0525,,35.8417931,127.1257838,1,19890210,1,"{""0"": [""0930"", ""1800""], ""1"": [""0930"", ""1800""], ""2"": [""0930"", ""1800""], ""3"": [""0930"", ""1300""], ""4"": [""0930"", ""1800""], ""5"": [""0930"", ""1230""]}",12시30분~14시00분,9시30분~17시45분,
JDQ4MTYyMiM2MSMkMiMkNiMkMDAkMzgxMTkxIzIxIyQxIyQ1IyQ2MiQyNjE4MzIjNjEjJDEjJDAjJDgz,조은안과의원,clinic,전북,전주덕진구,"전북특별자치도 전주시 덕진구 쪽구름로 74, 전라북도 전주시 덕진구 쪽구름로 74 (여의동2가)",063-211-7030,,35.8719804,127.0764952,1,20130215,1,,,,
JDQ4MTYyMiM2MSMkMiMkNiMkMDAkMzgxOTYxIzExIyQxIyQzIyQwMyQyNjE4MzIjODEjJDEjJDYjJDgz,푸른안과의원,clinic,전북,전주덕진구,"전북특별자치도 전주시 덕진구 백제대로 660, (금암동)",063-278-2121,http://www.seenew.co.kr/new/2012/intro2.html,35.8429132,127.1413858,9,20010428,8,"{""0"": [""0900"", ""1800""], ""1"": [""0900"", ""1800""], ""2"": [""0900"", ""1800""], ""3"": [""0900"", ""1800""], ""4"": [""0900"", ""1800""], ""5"": [""0830"", ""1230""]}",12시30분~14시,08시50분,
JDQ4MTYyMiM2MSMkMiMkNiMkMDAkMzgxMzUxIzIxIyQxIyQ5IyQwMyQzNjE4MzIjNDEjJDEjJDgjJDgz,현대중앙안과의원,clinic,전북,전주덕진구,"전북특별자치도 전주시 덕진구 기린대로 272, (진북동)",063-286-2000,http://www.eyedream.co.kr,35.8299831,127.1425526,1,19930109,1,"{""0"": [""0900"", ""1720""], ""1"": [""0900"", ""1720""], ""2"": [""0900"", ""1720""], ""3"": [""0900"", ""1720""], ""4"": [""0900"", ""1720""], ""5"": [""0900"", ""1220""]}",12시 30분~14시 00분,08시 40분~17시 00분,기린대로 전주농협
JDQ4MTYyMiM2MSMkMiMkNiMkMDAkMzgxMTkxIzExIyQxIyQ3IyQ4OSQzNjE4MzIjNTEjJDEjJDIjJDgz,눈사랑안과의원,clinic,전북,전주완산구,"전북특별자치도 전주시 완산구 모악로 4746, (평화동1가)",063-229-9984,,35.7929119,127.1323217,1,20131220,1,,,,
JDQ4MTYyMiM2MSMkMiMkNiMkMDAkMzgxMTkxIzIxIyQxIyQ5IyQ5OSQ0NjEwMDIjNjEjJDEjJDQjJDgz,문수정안과의원,clinic,전북,전주완산구,"전북특별자치도 전주시 완산구 쑥고개로 319, 3층 (효자동2가)",063-236-7582,,35.8026183,127.1001456,2,20191226,2,,,,
JDQ4MTYyMiM2MSMkMiMkNiMkMDAkMzgxOTYxIzQxIyQxIyQ3IyQxMyQ0NjE0ODEjNDEjJDEjJDgjJDgz,밝은안과의원,clinic,전북,전주완산구,"전북특별자치도 전주시 완산구 용머리로 62, (효자동1가)",063-226-7575,,35.8063295,127.1170279,1,20030509,1,,,,
JDQ4MTYyMiM2MSMkMiMkNiMkMDAkMzgxOTYxIzUxIyQxIyQxIyQ2MiQzNjE4MzIjNTEjJDEjJDYjJDgz,삼성안과이비인후과의원,clinic,전북,전주완산구,"전북특별자치도 전주시 완산구 우전로 225, (효자동2가)",063-232-6500,,35.8144294,127.1014742,4,20120730,3,"{""0"": [""0900"", ""1800""], ""1"": [""0900"", ""1800""], ""2"": [""0900"", ""1800""], ""3"": [""0900"", ""1800""], ""4"": [""0900"", ""1800""], ""5"": [""0900"", ""1230""]}",12시30분~14시00분,08시50분~17시50분,서부119안전센터
JDQ4MTYyMiM2MSMkMiMkNiMkMDAkMzgxMTkxIzUxIyQxIyQxIyQ3OSQyNjE0ODEjNTEjJDEjJDIjJDgz,서울아산드림안과의원,clinic,전북,전주완산구,"전북특별자치도 전주시 완산구 홍산로 245, 202호 (효자동2가)",063-237-0501,http://www.asandreameye.co.kr,35.8155518,127.1054807,1,20230421,1,,,,
JDQ4MTYyMiM2MSMkMiMkNiMkMDAkMzgxMTkxIzExIyQyIyQzIyQwMCQyNjEyMjIjNDEjJDEjJDQjJDgz,아름다운김현숙안과의원,clinic,전북,전주완산구,"전북특별자치도 전주시 완산구 홍산로 246, 503호 (효자동2가)",063-225-7717,,35.8155568,127.1064474,1,20230814,1,"{""0"": [""0900"", ""1800""], ""1"": [""1400"", ""1800""], ""2"": [""0900"", ""1800""], ""3"": [""1400"", ""1800""], ""4"": [""0900"", ""1800""], ""5"": [""0900"", ""1230""]}",12:30~14:00,,
JDQ4MTYyMiM2MSMkMiMkNiMkMDAkMzgxMTkxIzMxIyQxIyQ3IyQ3OSQyNjEyMjIjNjEjJDEjJDgjJDgz,연세바른안과의원,clinic,전북,전주완산구,"전북특별자치도 전주시 완산구 용머리로 32, 삼세한의원 (효자동1가)",063-905-1010,,35.8056931,127.1138879,1,20180309,1,"{""0"": [""0900"", ""1800""], ""1"": [""0900"", ""1800""], ""2"": [""0900"", ""1800""], ""3"": [""0900"", ""1230""], ""4"": [""0900"", ""1800""], ""5"": [""0830"", ""1230""]}",13시00분~14시00분,,
JDQ4MTYyMiM2MSMkMiMkNiMkMDAkMzgxOTYxIzMxIyQxIyQ3IyQxMyQyNjEwMDIjODEjJDEjJDIjJDgz,연세안과의원,clinic,전북,전주완산구,"전북특별자치도 전주시 완산구 당산로 102, 4층 (서신동, 두솔빌딩)",063-276-1800,,35.8319816,127.119657,1,20030103,1,"{""0"": [""0900"", ""1650""], ""1"": [""0900"", ""1650""], ""2"": [""0900"", ""1650""], ""3"": [""0900"", ""1150""], ""4"": [""0900"", ""1650""], ""5"": [""0900"", ""1150""]}",12시30분~14시00분,09시00분~16시40분,이마트
JDQ4MTYyMiM2MSMkMiMkNiMkMDAkMzgxMzUxIzIxIyQxIyQ1IyQxMyQyNjEwMDIjNTEjJDEjJDYjJDgz,이안과의원,clinic,전북,전주완산구,"전북특별자치도 전주시 완산구 용머리로 114, (효자동1가)",063-223-2006,,35.8057272,127.1226065,1,19830425,1,"{""0"": [""0900"", ""1230""], ""1"": [""0900"", ""1230""], ""2"": [""0900"", ""1230""], ""3"": [""0000"", ""0000""], ""4"": [""0900"", ""1230""], ""5"": [""0900"", ""1230""]}",,09시00분~12시30분,효자동  KT전화국
JDQ4MTYyMiM2MSMkMiMkNiMkMDAkMzgxMTkxIzIxIyQyIyQ1IyQwMCQzNjE0ODEjNjEjJDEjJDQjJDgz,전주안과의원,clinic,전북,전주완산구,"전북특별자치도 전주시 완산구 전라감영5길 19-6, (중앙동3가)",063-283-0001,,35.8176492,127.1456575,1,20130114,1,"{""0"": [""0900"", ""1750""], ""1"": [""0900"", ""1750""], ""2"": [""0900"", ""1750""], ""3"": [""0900"", ""1230""], ""4"": [""0900"", ""1750""], ""5"": [""0900"", ""1240""]}",12시20분~13시30분,08시30분~17시30분,객사
JDQ4MTYyMiM2MSMkMiMkNiMkMDAkMzgxOTYxIzQxIyQxIyQ3IyQ3MiQyNjE0ODEjNzEjJDEjJDgjJDgz,정덕영안과의원,clinic,전북,전주완산구,"전북특별자치도 전주시 완산구 온고을로 62, (서신동)",063-275-1675,,35.8342453,127.1161519,1,20030721,1,"{""0"": [""0900"", ""1800""], ""1"": [""0900"", ""1800""], ""2"": [""0900"", ""1800""], ""3"": [""0900"", ""1800""], ""4"": [""0900"", ""1800""], ""5"": [""0900"", ""1300""]}",12시30분~14시00분,09시00분~17시30분,천운빌딩
JDQ4MTYyMiM2MSMkMiMkNiMkMDAkMzgxMzUxIzUxIyQxIyQ1IyQ5MiQzNjEyMjIjODEjJDEjJDIjJDgz,조병춘안과의원,clinic,전북,전주완산구,"전북특별자치도 전주시 완산구 팔달로 281, (서노송동)",063-271-8334,,35.8270108,127.1430382,1,19950720,1,,,,
JDQ4MTYyMiM2MSMkMiMkNiMkMDAkMzgxMTkxIzMxIyQxIyQ3IyQ4OSQyNjE4MzIjNDEjJDEjJDgjJDgz,중앙안과의원,clinic,전북,전주완산구,"전북특별자치도 전주시 완산구 평화로 115, 2층 (평화동2가)",063-229-2200,,35.7870788,127.1344277,1,20180611,1,,,,
JDQ4MTYyMiM2MSMkMiMkNiMkMDAkMzgxOTYxIzExIyQyIyQ3IyQwMCQ0NjE0ODEjNDEjJDEjJDQjJDgz,한빛안과의원,clinic,전북,전주완산구,"전북특별자치도 전주시 완산구 백제대로 259, 3층 (중화산동2가)",063-222-7891,,35.8162247,127.122593,6,19970507,4,,,,
JDQ4MTYyMiM2MSMkMiMkNiMkMDAkMzgxOTYxIzIxIyQxIyQ1IyQ5MiQzNjE0ODEjODEjJDEjJDYjJDgz,문성강안과의원,clinic,전북,정읍시,"전북특별자치도 정읍시 중앙로 122, (수성동)",063-535-1269,,35.5668738,126.8519139,1,19991217,1,,,,
JDQ4MTYyMiM2MSMkMiMkNiMkMDAkMzgxMTkxIzMxIyQxIyQ3IyQ4OSQzNjE4MzIjNjEjJDEjJDAjJDgz,스마일안과의원,clinic,전북,정읍시,"전북특별자치도 정읍시 중앙로 38, 2층 (연지동)",063-531-8275,,35.5725361,126.8459867,1,20180704,1,,,,
JDQ4MTYyMiM2MSMkMiMkNiMkMDAkMzgxMzUxIzMxIyQxIyQzIyQ4OSQyNjE0ODEjNDEjJDEjJDQjJDgz,정읍안과의원,clinic,전북,정읍시,"전북특별자치도 정읍시 중앙로 67, (연지동)",063-533-3287,,35.5706972,126.8483448,1,19870320,1,,,,
JDQ4MTYyMiM2MSMkMiMkNiMkMDAkMzgxMTkxIzExIyQxIyQzIyQ5MiQzNjEyMjIjNDEjJDEjJDgjJDgz,진안연세안과의원,clinic,전북,진안군,"전북특별자치도 진안군 진안읍 진무로 1090, 2층",063-432-8275,,35.7916419,127.4278881,1,20080702,1,,,,
JDQ4MTYyMiM4MSMkMiMkOCMkMDAkMzgxMzUxIzQxIyQxIyQ3IyQ4MiQyNjEwMDIjNDEjJDEjJDgjJDgz,대정안과의원,clinic,제주,서귀포시,"제주특별자치도 서귀포시 대정읍 하모상가로 38-2, 101,201호",064-794-9900,https://24eye.modoo.at/,33.2214025,126.2529726,1,20241125,1,,,,
JDQ4MTYyMiM4MSMkMiMkOCMkMDAkMzgxMzUxIzIxIyQxIyQ5IyQ3OSQzNjE4MzIjODEjJDEjJDIjJDgz,서귀포빛사랑안과의원,clinic,제주,서귀포시,"제주특별자치도 서귀포시 동문로 2, (서귀동)",064-763-3030,,33.2523155,126.5615037,1,20010215,1,"{""0"": [""0900"", ""1800""], ""1"": [""0900"", ""1800""], ""2"": [""0900"", ""1800""], ""3"": [""0900"", ""1800""], ""4"": [""0900"", ""1800""], ""5"": [""0900"", ""1200""]}",12:30~14:00,08:50 ~17:45,
JDQ4MTYyMiM4MSMkMiMkOCMkMDAkMzgxMzUxIzQxIyQxIyQ3IyQ5OSQyNjE4MzIjODEjJDEjJDYjJDgz,연세안과의원,clinic,제주,서귀포시,"제주특별자치도 서귀포시 일주동로 8675, (서귀동)",064-762-0727,,33.2530047,126.5616933,1,20070227,1,"{""0"": [""0830"", ""1800""], ""1"": [""0830"", ""1800""], ""2"": [""0830"", ""1230""], ""3"": [""0830"", ""1800""], ""4"": [""0830"", ""1800""]}",12시30분~14시00분,,서귀포시 일주동로 8675 다나약국빌딩 4층
JDQ4MTYyMiM4MSMkMiMkOCMkMDAkMzgxMzUxIzExIyQxIyQ3IyQ5MiQyNjEwMDIjNDEjJDEjJDgjJDgz,정안과의원,clinic,제주,서귀포시,"제주특별자치도 서귀포시 중정로 54-1, (서귀동)",064-733-3346,,33.2475028,126.5622319,1,19890228,1,,,,
JDQ4MTYyMiM4MSMkMiMkOCMkMDAkMzgxMzUxIzQxIyQxIyQ3IyQ5MiQzNjE4MzIjODEjJDEjJDIjJDgz,제주성모안과의원,clinic,제주,서귀포시,"제주특별자치도 서귀포시 동문로 5, 4층 (서귀동)",064-763-2119,,33.2523491,126.5620503,1,20250327,1,,,,
JDQ4MTYyMiM4MSMkMiMkOCMkMDAkMzgxMzUxIzIxIyQxIyQ5IyQ4MiQzNjE4MzIjNDEjJDEjJDgjJDgz,가톨릭안과의원,clinic,제주,제주시,"제주특별자치도 제주시 도령로 1, 3층 (노형동)",064-749-7008,,33.4868039,126.4793043,1,20080103,1,"{""0"": [""0900"", ""1800""], ""1"": [""0900"", ""1800""], ""2"": [""0900"", ""1800""], ""3"": [""0900"", ""1800""], ""4"": [""0900"", ""1800""], ""5"": [""0900"", ""1230""], ""6"": [""0000"", ""0000""]}",12시 30분 ~14시 00분,08시 30분~15시50분,
JDQ4MTYyMiM4MSMkMiMkOCMkMDAkMzgxMzUxIzIxIyQxIyQ5IyQwMyQ0NjE0ODEjNjEjJDEjJDAjJDgz,강남성모안과의원,clinic,제주,제주시,"제주특별자치도 제주시 수덕1길 3, (노형동,4,5층)",064-745-7100,,33.486225,126.4782289,1,20050602,1,"{""0"": [""0900"", ""1830""], ""1"": [""0900"", ""1830""], ""2"": [""0900"", ""1830""], ""3"": [""0900"", ""1830""], ""4"": [""0900"", ""1830""], ""5"": [""0900"", ""1530""]}",12시30분~14시00분,08시30분~18시00분,
JDQ4MTYyMiM4MSMkMiMkOCMkMDAkMzgxMzUxIzUxIyQxIyQ1IyQ4MiQyNjEyMjIjNTEjJDEjJDIjJDgz,눈사랑안과의원,clinic,제주,제주시,"제주특별자치도 제주시 노형8길 2, 4층 (노형동)",064-746-0048,,33.4843411,126.4773195,1,20150413,1,"{""0"": [""0830"", ""1800""], ""1"": [""0830"", ""1800""], ""2"": [""0830"", ""2000""], ""3"": [""0830"", ""1800""], ""4"": [""0830"", ""1230""], ""6"": [""0830"", ""1400""]}",12시30분~14시00분,08시30분~18시00분,노형초등학교
JDQ4MTYyMiM4MSMkMiMkOCMkMDAkMzgxMzUxIzMxIyQxIyQ3IyQ3MiQ0NjEwMDIjNTEjJDEjJDYjJDgz,밝은안과의원,clinic,제주,제주시,"제주특별자치도 제주시 동광로 131, (일도이동)",722-0025,,33.5079414,126.5404718,1,20100618,1,,,,
JDQ4MTYyMiM4MSMkMiMkOCMkMDAkMzgxMzUxIzIxIyQxIyQ5IyQ3OSQ0NjEwMDIjNjEjJDEjJDAjJDgz,서울안과의원,clinic,제주,제주시,"제주특별자치도 제주시 1100로 3333, 3층 (노형동)",745-0500,http://,33.4836142,126.4801422,1,20010227,1,,,,
JDQ4MTYyMiM4MSMkMiMkOCMkMDAkMzgxOTYxIzExIyQxIyQzIyQ2MiQ0NjEwMDIjNTEjJDEjJDYjJDgz,센트럴아이안과의원,clinic,제주,제주시,"제주특별자치도 제주시 일주서로 7356, 3층 (외도이동)",064-742-7112,,33.4932697,126.4330509,1,20240516,1,,,,
JDQ4MTYyMiM4MSMkMiMkOCMkMDAkMzgxMzUxIzIxIyQyIyQxIyQwMCQzNjE4MzIjNzEjJDEjJDgjJDgz,수안과의원,clinic,제주,제주시,"제주특별자치도 제주시 중앙로 286, 3층 (이도이동, 김기수안과빌딩)",064-723-1516,www.jejulasik.com/,33.4947555,126.5329922,4,20120126,4,"{""0"": [""0830"", ""1900""], ""1"": [""0830"", ""1900""], ""2"": [""0830"", ""1900""], ""3"": [""0830"", ""1900""], ""4"": [""0830"", ""1900""], ""5"": [""0830"", ""1500""]}",12시30분~14시00분,,
JDQ4MTYyMiM4MSMkMiMkOCMkMDAkMzgxMzUxIzMxIyQxIyQzIyQwMyQyNjEwMDIjNTEjJDEjJDYjJDgz,연세안과의원,clinic,제주,제주시,"제주특별자치도 제주시 서광로 220, (삼도일동)",064-755-0310,,33.4995654,126.5200837,1,20060224,1,,,,
JDQ4MTYyMiM4MSMkMiMkOCMkMDAkMzgxMzUxIzUxIyQxIyQxIyQ4MiQyNjEyMjIjNjEjJDEjJDgjJDgz,연세제일안과의원,clinic,제주,제주시,"제주특별자치도 제주시 연북로 449, 2·3층 (도남동)",064-727-2700,,33.4814382,126.5288647,3,20171011,3,"{""0"": [""0830"", ""1900""], ""1"": [""0830"", ""1900""], ""2"": [""0830"", ""1900""], ""3"": [""0830"", ""1900""], ""4"": [""0830"", ""1900""], ""5"": [""0830"", ""1700""]}",12:30~14:00,08:30~19:00,
JDQ4MTYyMiM4MSMkMiMkOCMkMDAkMzgxMzUxIzIxIyQxIyQ5IyQ4MiQ0NjE0ODEjNDEjJDEjJDQjJDgz,우리안과의원,clinic,제주,제주시,"제주특별자치도 제주시 동광로 107, (일도이동)",723-8811,,33.5064078,126.5387304,1,20020607,1,"{""0"": [""0830"", ""1800""], ""1"": [""0830"", ""1800""], ""2"": [""0830"", ""1800""], ""3"": [""0830"", ""1230""], ""4"": [""0830"", ""1800""], ""5"": [""0830"", ""1230""]}",12:30-14:00,8:30-5:45,인화초둥학교
JDQ4MTYyMiM4MSMkMiMkOCMkMDAkMzgxMzUxIzUxIyQxIyQ1IyQxMyQyNjE4MzIjNTEjJDEjJDIjJDgz,이종영안과의원,clinic,제주,제주시,"제주특별자치도 제주시 노형로 378, 4층 401호 (노형동)",064-745-0505,,33.48359,126.476304,1,20220916,1,,,,
JDQ4MTYyMiM4MSMkMiMkOCMkMDAkMzgxOTYxIzExIyQxIyQzIyQwMyQzNjEyMjIjODEjJDEjJDIjJDgz,이지봄안과의원,clinic,제주,제주시,"제주특별자치도 제주시 노형로 384, 2~4층 (노형동)",064-747-0112,https://easybomeye.com/,33.4840431,126.4767942,5,20221122,5,,,,
JDQ4MTYyMiM4MSMkMiMkOCMkMDAkMzgxMzUxIzIxIyQxIyQ1IyQ3OSQyNjE4MzIjODEjJDEjJDYjJDgz,장용안과의원,clinic,제주,제주시,"제주특별자치도 제주시 서광로 302, 5층 (이도이동)",753-7582,,33.5003235,126.5288526,1,19970422,1,,,,
JDQ4MTYyMiM4MSMkMiMkOCMkMDAkMzgxMzUxIzIxIyQxIyQ5IyQ5MiQyNjEyMjIjODEjJDEjJDIjJDgz,제주삼성안과의원,clinic,제주,제주시,"제주특별자치도 제주시 관덕로 66, (일도일동)",064-724-0220,http://www.lasikland.co.kr,33.5128538,126.5262659,1,20020624,1,"{""0"": [""0900"", ""1800""], ""1"": [""0900"", ""1800""], ""2"": [""0900"", ""1800""], ""3"": [""0900"", ""1800""], ""4"": [""0900"", ""1800""]}",12:30 ~ 14:00,09:00 ~ 17:00,
JDQ4MTYyMiM4MSMkMiMkOCMkMDAkMzgxMzUxIzExIyQxIyQ3IyQ4OSQ0NjE0ODEjNjEjJDEjJDAjJDgz,제주중앙안과의원,clinic,제주,제주시,"제주특별자치도 제주시 중앙로15길 2, (이도일동)",064-757-4123,,33.5105319,126.5242624,1,19850222,1,,,,
JDQ4MTYyMiM4MSMkMiMkOCMkMDAkMzgxMzUxIzUxIyQxIyQxIyQ5MiQzNjEyMjIjNjEjJDEjJDgjJDgz,제주현대안과의원,clinic,제주,제주시,"제주특별자치도 제주시 건주로 31, 한라신협 삼화지점 3층 (도련일동)",064-702-2075,,33.5167699,126.5809878,1,20180226,1,"{""0"": [""0900"", ""1800""], ""1"": [""0900"", ""1800""], ""2"": [""0900"", ""1900""], ""3"": [""0900"", ""1800""], ""4"": [""0900"", ""1300""], ""6"": [""0900"", ""1300""]}",12시30분~14시00분,,
JDQ4MTYyMiM4MSMkMiMkOCMkMDAkMzgxMzUxIzUxIyQxIyQxIyQ3MiQyNjEwMDIjNDEjJDEjJDgjJDgz,한림김안과의원,clinic,제주,제주시,"제주특별자치도 제주시 한림읍 명랑로 13, 2층",064-796-0572,,33.4147287,126.2664111,1,20170717,1,"{""0"": [""0900"", ""1800""], ""1"": [""0900"", ""1800""], ""2"": [""0900"", ""1200""], ""3"": [""0900"", ""1800""], ""4"": [""0900"", ""1800""]}",12시30분~14시00분,09시00분~17시30분,
JDQ4MTYyMiM4MSMkMiMkOCMkMDAkMzgxMzUxIzMxIyQxIyQzIyQ5MiQ0NjE0ODEjNTEjJDEjJDYjJDgz,화북성모안과의원,clinic,제주,제주시,"제주특별자치도 제주시 일주동로 250, (화북일동)",064-727-5775,,33.5197337,126.57198,1,20120131,1,"{""0"": [""0900"", ""1800""], ""1"": [""0900"", ""1800""], ""2"": [""0900"", ""1200""], ""3"": [""0900"", ""1800""], ""4"": [""0900"", ""1800""], ""5"": [""0900"", ""1200""]}",12:30~14:00,오전 08:40~12:10   /오후 1:40~ 17:40,제주 동학
JDQ4MTYyMiM2MSMkMiMkMiMkMDAkNDgxMzUxIzExIyQxIyQ3IyQ5OSQyNjEyMjIjNjEjJDEjJDgjJDgz,눈편한안과의원,clinic,충남,계룡시,"충청남도 계룡시 엄사면 번영로 42, 4층",042-486-0029,https://comforteye.modoo.at,36.289003,127.2407982,1,20170714,1,"{""0"": [""0900"", ""1800""], ""1"": [""0900"", ""1800""], ""3"": [""0900"", ""1800""], ""4"": [""0900"", ""1800""], ""5"": [""0900"", ""1230""]}",12시30분~14시00분,,
JDQ4MTYyMiM2MSMkMiMkMiMkMDAkMzgxNzAyIzQxIyQyIyQ3IyQwMCQyNjEyMjIjNjEjJDEjJDgjJDgz,공주성모안과의원,clinic,충남,공주시,"충청남도 공주시 웅진로 223, 2층 (산성동, 산성빌딩 )",041-858-0975,http://www.sungmo-eye.co.kr/,36.4603514,127.1241929,1,20010210,1,"{""0"": [""0900"", ""1700""], ""1"": [""0900"", ""1700""], ""2"": [""0900"", ""1700""], ""3"": [""0900"", ""1300""], ""4"": [""0900"", ""1700""], ""5"": [""0900"", ""1300""]}",12시30분~14시00분,8시00분~17시00분,충남 공주시 웅진로223 산성빌딩 2층
JDQ4MTYyMiM2MSMkMiMkMiMkMDAkNDgxMzUxIzExIyQxIyQzIyQ4OSQzNjE4MzIjNTEjJDEjJDYjJDgz,백제안과의원,clinic,충남,공주시,"충청남도 공주시 번영1로 100, 3층 (신관동)",041-853-0975,http://blog.naver.com/baekjeeye,36.4739998,127.1387305,1,20090302,1,"{""0"": [""0830"", ""1730""], ""1"": [""0830"", ""1730""], ""2"": [""0830"", ""1730""], ""3"": [""0830"", ""1730""], ""4"": [""0830"", ""1730""], ""5"": [""0830"", ""1330""]}",13시00분~ 14시00분,,농협건물 3층
JDQ4MTYyMiM2MSMkMiMkMiMkMDAkMzgxMTkxIzMxIyQxIyQ3IyQ4MiQyNjEyMjIjNjEjJDEjJDgjJDgz,서울안과의원,clinic,충남,공주시,"충청남도 공주시 웅진로 197, 4층 (산성동)",041-853-3119,,36.4580615,127.1246424,1,20010317,1,"{""0"": [""0800"", ""1700""], ""1"": [""0800"", ""1700""], ""2"": [""0800"", ""1700""], ""3"": [""0800"", ""1700""], ""4"": [""0800"", ""1700""], ""5"": [""0800"", ""1200""]}",12시00분~13시30분,08시00분~17시00분,
JDQ4MTYyMiM2MSMkMiMkMiMkMDAkMzgxMTkxIzExIyQxIyQ3IyQ4OSQyNjEyMjIjODEjJDEjJDIjJDgz,우리안과의원,clinic,충남,공주시,"충청남도 공주시 산성시장5길 34-28, 4층 (산성동)",041-855-9797,,36.4599757,127.1241305,1,20130225,1,,,,
JDQ4MTYyMiM2MSMkMiMkMiMkMDAkNDgxOTYxIzExIyQxIyQzIyQxMyQyNjEyMjIjNjEjJDEjJDgjJDgz,조은안과의원,clinic,충남,금산군,"충청남도 금산군 금산읍 인삼로 76, (스마트불루 203~204호)",041-751-1001,,36.1027136,127.489937,1,20150223,1,,,,
JDQ4MTYyMiM2MSMkMiMkMiMkMDAkMzgxMTkxIzIxIyQxIyQxIyQ3OSQyNjEyMjIjNzEjJDEjJDgjJDgz,논산안과의원,clinic,충남,논산시,"충청남도 논산시 해월로 163, 6층 (반월동)",041-732-7507,,36.2051375,127.0847573,1,19981114,1,"{""0"": [""0900"", ""1700""], ""1"": [""0900"", ""1700""], ""2"": [""0900"", ""1700""], ""3"": [""0900"", ""1700""], ""4"": [""0900"", ""1700""], ""5"": [""0900"", ""1300""]}",12:30~13:50,,
JDQ4MTYyMiM2MSMkMiMkMiMkMDAkNDgxOTYxIzQxIyQxIyQ3IyQwMyQzNjE4MzIjNjEjJDEjJDAjJDgz,서안과의원,clinic,충남,논산시,"충청남도 논산시 해월로168번길 2, (반월동)",041-732-3595,,36.2049888,127.0853638,1,19870227,1,,,,
JDQ4MTYyMiM2MSMkMiMkMiMkMDAkMzgxNzAyIzExIyQxIyQ3IyQ5MiQzNjEyMjIjNDEjJDEjJDQjJDgz,우리성모안과의원,clinic,충남,논산시,"충청남도 논산시 해월로167번길 2, (반월동)",041-734-5575,,36.205375,127.0852545,2,20030919,2,"{""0"": [""0830"", ""1730""], ""1"": [""0830"", ""1730""], ""2"": [""0830"", ""1730""], ""3"": [""0830"", ""1730""], ""4"": [""0830"", ""1730""], ""5"": [""0830"", ""1230""]}",,,
JDQ4MTYyMiM2MSMkMiMkMiMkMDAkNDgxMzUxIzExIyQxIyQ3IyQ3OSQ0NjEwMDIjODEjJDEjJDYjJDgz,당진밝은안과의원,clinic,충남,당진시,"충청남도 당진시 당진중앙2로 103-8, 401,404호 (읍내동, 진원스타타워)",041-357-8700,,36.8944951,126.6305185,2,20100209,2,,13시00분~14시00분,09:00~18:30,진원스타타워4층
JDQ4MTYyMiM2MSMkMiMkMiMkMDAkMzgxNzAyIzExIyQxIyQ3IyQ5OSQyNjEyMjIjNDEjJDEjJDgjJDgz,서울안과의원,clinic,충남,당진시,"충청남도 당진시 당진중앙2로 96, 3층 302호 (읍내동)",041-353-4118,,36.8936304,126.6303801,1,20030501,1,"{""0"": [""0830"", ""1800""], ""1"": [""0830"", ""1800""], ""2"": [""0830"", ""1800""], ""3"": [""0830"", ""1800""], ""4"": [""0830"", ""1800""], ""5"": [""0830"", ""1400""]}",13시00분~14시00분,,
JDQ4MTYyMiM2MSMkMiMkMiMkMDAkNDgxMzUxIzIxIyQxIyQ5IyQ2MiQzNjEwMDIjNjEjJDEjJDAjJDgz,소망안과의원,clinic,충남,당진시,"충청남도 당진시 합덕읍 덕평로 552, 552",041-363-9593,,36.8083262,126.7765656,1,20130318,1,,,,
JDQ4MTYyMiM2MSMkMiMkMiMkMDAkMzgxOTYxIzUxIyQxIyQ1IyQ3MiQyNjEyMjIjNTEjJDEjJDIjJDgz,우리안과의원,clinic,충남,당진시,"충청남도 당진시 밤절로 140, 드림타워 2층 203,204호 (수청동)",041-356-5754,,36.9015021,126.6455059,1,19970404,1,,,,
JDQ4MTYyMiM2MSMkMiMkMiMkMDAkMzgxNzAyIzMxIyQyIyQ3IyQwMCQ0NjE0ODEjODEjJDEjJDYjJDgz,이안과의원,clinic,충남,당진시,"충청남도 당진시 북문길 1-5, 2층 (읍내동)",041-356-7550,,36.8945175,126.6295313,1,20060621,1,,,,
JDQ4MTYyMiM2MSMkMiMkMiMkMDAkMzgxMTkxIzMxIyQxIyQzIyQ4OSQyNjEwMDIjNjEjJDEjJDQjJDgz,대천안과의원,clinic,충남,보령시,"충청남도 보령시 번영로 15, 1층 (대천동, 윤산부인과의원)",041-931-7005,,36.3523713,126.5937956,1,20000506,1,,,,
JDQ4MTYyMiM2MSMkMiMkMiMkMDAkMzgxNzAyIzIxIyQxIyQ5IyQ3MiQ0NjEwMDIjODEjJDEjJDYjJDgz,성모안과의원,clinic,충남,보령시,"충청남도 보령시 번영로 34, (대천동)",041-935-0034,,36.3511311,126.5924145,1,20050616,1,"{""0"": [""0830"", ""1730""], ""1"": [""0830"", ""1730""], ""2"": [""0830"", ""1730""], ""3"": [""0830"", ""1730""], ""4"": [""0830"", ""1730""], ""5"": [""0830"", ""1100""]}",12시00분~13시10분,08시30분~17시00분,
JDQ4MTYyMiM2MSMkMiMkMiMkMDAkMzgxNzAyIzMxIyQxIyQ3IyQxMyQzNjE4MzIjNjEjJDEjJDAjJDgz,성모안과의원,clinic,충남,부여군,"충청남도 부여군 부여읍 사비로 86, 2층 (우영플라자)",041-832-7562,,36.2803954,126.9108133,1,20070102,1,"{""0"": [""0900"", ""1800""], ""1"": [""0900"", ""1800""], ""2"": [""0900"", ""2000""], ""3"": [""0900"", ""1300""], ""4"": [""0900"", ""1800""], ""5"": [""0900"", ""1300""]}",13시00분~14시00분,,
JDQ4MTYyMiM2MSMkMiMkMiMkMDAkNDgxMzUxIzMxIyQxIyQzIyQ5MiQyNjE0ODEjNDEjJDEjJDgjJDgz,서산밝은안과의원,clinic,충남,서산시,"충청남도 서산시 안견로 175, 2층 (동문동)",041-665-6695,,36.7826577,126.4596833,1,20140627,1,"{""0"": [""0900"", ""1830""], ""1"": [""0900"", ""1830""], ""2"": [""0900"", ""1830""], ""3"": [""0900"", ""1830""], ""4"": [""0900"", ""1830""], ""5"": [""0900"", ""1530""]}",13시00분~14시00분,09시00분~18시00분,
JDQ4MTYyMiM2MSMkMiMkMiMkMDAkMzgxMTkxIzQxIyQxIyQ3IyQ3MiQzNjE0ODEjNDEjJDEjJDgjJDgz,서울안과의원,clinic,충남,서산시,"충청남도 서산시 안견로 170, (동문동,2층)",041-664-0010,,36.7833275,126.4591569,2,20010725,2,"{""0"": [""0900"", ""1800""], ""1"": [""0900"", ""1800""], ""2"": [""0900"", ""1800""], ""3"": [""0900"", ""1300""], ""4"": [""0900"", ""1800""], ""5"": [""0900"", ""1300""]}",13시~14시,8시30분~17시30분,
JDQ4MTYyMiM2MSMkMiMkMiMkMDAkMzgxMzUxIzQxIyQxIyQ3IyQ5MiQ0NjEwMDIjNjEjJDEjJDgjJDgz,이안과의원,clinic,충남,서산시,"충청남도 서산시 안견로 191, (동문동)",041-665-4356,,36.7813668,126.4596283,1,19860502,1,,,,
JDQ4MTYyMiM2MSMkMiMkMiMkMDAkNDgxOTYxIzIxIyQxIyQxIyQ5MiQ0NjE0ODEjNTEjJDEjJDYjJDgz,현대안과의원,clinic,충남,서산시,"충청남도 서산시 안견로 194, 터미널타워 401호 (동문동)",041-667-1075,,36.7812113,126.4590821,1,20200612,1,"{""0"": [""0900"", ""1800""], ""1"": [""0900"", ""1800""], ""2"": [""0900"", ""1800""], ""3"": [""0900"", ""1800""], ""4"": [""0900"", ""1800""], ""5"": [""0900"", ""1300""]}",13시00분~14시00분,,충서원예농협 중앙지점
JDQ4MTYyMiM2MSMkMiMkMiMkMDAkNDgxMzUxIzExIyQyIyQzIyQwMCQyNjE0ODEjNDEjJDEjJDgjJDgz,서천김안과의원,clinic,충남,서천군,"충청남도 서천군 서천읍 충절로 50, (서천읍)",041-951-1511,,36.0749683,126.6883427,2,20090424,1,"{""0"": [""0830"", ""1800""], ""1"": [""0830"", ""1800""], ""2"": [""0830"", ""1800""], ""3"": [""0830"", ""1800""], ""4"": [""0830"", ""1800""], ""5"": [""0830"", ""1300""]}",12:30~13:30,,서천김안과의원
JDQ4MTYyMiM2MSMkMiMkMiMkMDAkNDgxMzUxIzMxIyQxIyQ3IyQ4OSQyNjE0ODEjNjEjJDEjJDAjJDgz,서천이안과의원,clinic,충남,서천군,"충청남도 서천군 서천읍 충절로59번길 11-6, 한솔마트",041-952-9990,,36.07582,126.6892084,1,20141126,1,"{""0"": [""0810"", ""1730""], ""1"": [""0810"", ""1730""], ""2"": [""0810"", ""1730""], ""3"": [""0810"", ""1730""], ""4"": [""0810"", ""1730""], ""5"": [""0810"", ""1230""]}",,,
JDQ4MTYyMiM2MSMkMiMkMiMkMDAkMzgxOTYxIzMxIyQxIyQzIyQ4OSQyNjEwMDIjNDEjJDEjJDQjJDgz,EG임안과의원,clinic,충남,아산시,"충청남도 아산시 충무로 22, 306호 (온천동, 유엘시티)",041-544-2211,http://www.egeye.co.kr,36.7830534,127.0051349,2,19940312,2,"{""0"": [""0900"", ""1830""], ""1"": [""0900"", ""1830""], ""2"": [""0900"", ""1830""], ""3"": [""0900"", ""1830""], ""4"": [""0900"", ""1830""], ""5"": [""0900"", ""1300""]}",13시00분~14시00분,,온양온천역
JDQ4MTYyMiM2MSMkMiMkMiMkMDAkMzgxMTkxIzMxIyQyIyQzIyQwMCQyNjEyMjIjODEjJDEjJDIjJDgz,김안과의원,clinic,충남,아산시,"충청남도 아산시 충무로 14, (온천동)",041-544-1323,,36.782399,127.0047421,1,19890106,1,"{""0"": [""0900"", ""0600""], ""1"": [""0900"", ""0600""], ""2"": [""0900"", ""0600""], ""3"": [""0900"", ""0600""], ""4"": [""0900"", ""0600""], ""5"": [""0900"", ""1200""]}",오후1시부터2시,8시반,국민은행옆  건물  푸른 정형외과 2층
JDQ4MTYyMiM2MSMkMiMkMiMkMDAkNDgxMzUxIzIxIyQxIyQ1IyQ5MiQyNjE0ODEjODEjJDEjJDYjJDgz,밝은신안과의원,clinic,충남,아산시,"충청남도 아산시 온천대로 1492, (온천동, 2층, 지하1층)",041-547-1082,,36.7812429,127.0034143,2,20120618,2,"{""0"": [""0900"", ""1800""], ""1"": [""0900"", ""1800""], ""2"": [""0900"", ""1800""], ""3"": [""0900"", ""1800""], ""4"": [""0900"", ""1800""], ""5"": [""0900"", ""1300""]}",12:00~13:00,08:40~17:45,
JDQ4MTYyMiM2MSMkMiMkMiMkMDAkNDgxOTYxIzExIyQxIyQzIyQ3OSQyNjEyMjIjNDEjJDEjJDgjJDgz,서울삼성안과의원,clinic,충남,아산시,"충청남도 아산시 모종로 5, 5층 (모종동)",041-427-7575,,36.7842457,127.0177227,1,20171016,1,"{""0"": [""0900"", ""1900""], ""1"": [""0900"", ""1900""], ""2"": [""0900"", ""1900""], ""4"": [""0900"", ""1900""], ""5"": [""0900"", ""1400""]}",13시00분~14시00분,,아산시외버스터미널
JDQ4MTYyMiM2MSMkMiMkMiMkMDAkMzgxNzAyIzIxIyQxIyQ1IyQ4OSQzNjEwMDIjNDEjJDEjJDgjJDgz,서울안과의원,clinic,충남,아산시,"충청남도 아산시 충무로 18, (온천동)",041-547-0707,,36.7826077,127.0048393,1,20040618,1,"{""0"": [""0900"", ""1800""], ""1"": [""0900"", ""1800""], ""2"": [""0900"", ""1800""], ""3"": [""0900"", ""1800""], ""4"": [""0900"", ""1800""], ""5"": [""0900"", ""1300""]}",12:30 - 1:30,,
JDQ4MTYyMiM2MSMkMiMkMiMkMDAkNDgxOTYxIzExIyQxIyQzIyQ3MiQ0NjE0ODEjNjEjJDEjJDgjJDgz,아이본안과의원,clinic,충남,아산시,"충청남도 아산시 배방읍 고속철대로 147, 우성메디피아 5층 503호",041-425-0029,,36.7974301,127.1057821,4,20180424,4,,13시00분~14시00분,09시00분~19시00분,우성메디피아
JDQ4MTYyMiM2MSMkMiMkMiMkMDAkNDgxMzUxIzUxIyQxIyQ1IyQ5OSQyNjEyMjIjNzEjJDEjJDgjJDgz,아이봄안과의원,clinic,충남,아산시,"충청남도 아산시 배방읍 배방로14번길 9, J,S 메디컬 5,6층",041-424-1275,,36.7752688,127.053336,2,20170302,2,"{""0"": [""0900"", ""1830""], ""1"": [""0900"", ""1830""], ""2"": [""0900"", ""1830""], ""3"": [""0900"", ""1830""], ""4"": [""0900"", ""1830""], ""5"": [""0900"", ""1300""]}",12시30분~14시00분,,
JDQ4MTYyMiM2MSMkMiMkMiMkMDAkNDgxOTYxIzQxIyQxIyQ3IyQ4MiQyNjEyMjIjODEjJDEjJDYjJDgz,탕정김안과의원,clinic,충남,아산시,"충청남도 아산시 탕정면 한들물빛6로 32, KJ타워 3층 303-306호",041-427-0090,https://www.tjkimeye.co.kr,36.7881082,127.086602,1,20250805,1,,,,
JDQ4MTYyMiM2MSMkMiMkMiMkMDAkNDgxMzUxIzMxIyQxIyQ3IyQ3OSQzNjEwMDIjODEjJDEjJDIjJDgz,예산밝은안과의원,clinic,충남,예산군,"충청남도 예산군 예산읍 예산로 179, (예산읍)",041-334-7577,,36.6789961,126.844733,1,20141110,1,"{""0"": [""0900"", ""1730""], ""1"": [""0900"", ""1730""], ""2"": [""0900"", ""1230""], ""3"": [""0900"", ""1730""], ""4"": [""0900"", ""1730""], ""5"": [""0900"", ""1230""]}",12시30분~13시30분  수요일 없음,"월,화,목,금09시00분~17시30분 수09시00분~12시30분",군청신청사 정문
JDQ4MTYyMiM2MSMkMiMkMiMkMDAkNDgxOTYxIzIxIyQxIyQ1IyQ5OSQ0NjEwMDIjNDEjJDEjJDgjJDgz,예산서울안과의원,clinic,충남,예산군,"충청남도 예산군 예산읍 예산로 189, 3층",041-334-8275,,36.6794579,126.845766,2,20050228,1,"{""0"": [""0810"", ""1730""], ""1"": [""0810"", ""1730""], ""2"": [""0810"", ""1730""], ""3"": [""0810"", ""1730""], ""4"": [""0810"", ""1730""], ""5"": [""0810"", ""1300""]}",,,"충청남도 예산군 예산읍 예산로 189, 파리바게트건물 3층"
JDQ4MTYyMiM2MSMkMiMkMiMkMDAkNDgxOTYxIzMxIyQxIyQ3IyQ4MiQyNjE4MzIjNDEjJDEjJDgjJDgz,김교수안과의원,clinic,충남,천안동남구,"충청남도 천안시 동남구 만남로 64, 2층 202,203호 (신부동)",041-417-4040,,36.8191481,127.1593265,2,20240624,2,,,,
JDQ4MTYyMiM2MSMkMiMkMiMkMDAkNDgxOTYxIzQxIyQxIyQ3IyQ5OSQyNjE0ODEjNTEjJDEjJDYjJDgz,늘봄안과의원,clinic,충남,천안동남구,"충청남도 천안시 동남구 청수11로 11, 5층 (청당동)",041-417-6300,,36.7831608,127.1537221,1,20250213,1,,,,
JDQ4MTYyMiM2MSMkMiMkMiMkMDAkMzgxOTYxIzUxIyQxIyQ1IyQ4MiQyNjEwMDIjNDEjJDEjJDgjJDgz,밝은안과의원,clinic,충남,천안동남구,"충청남도 천안시 동남구 만남로 43, (신부동, 신세계백화점충청점)",041-555-5363,,36.8207735,127.156528,1,19970503,1,"{""0"": [""0900"", ""1830""], ""1"": [""0900"", ""1830""], ""2"": [""0900"", ""1830""], ""3"": [""0900"", ""1830""], ""4"": [""0900"", ""1830""], ""5"": [""0900"", ""1400""]}",오후1시-오후2시,,천안 신부동 고속버스터미널 2층
JDQ4MTYyMiM2MSMkMiMkMiMkMDAkMzgxOTYxIzExIyQxIyQzIyQ4MiQzNjE4MzIjNTEjJDEjJDYjJDgz,장헌식안과의원,clinic,충남,천안동남구,"충청남도 천안시 동남구 서부대로 278, 301호 (신방동, 학산트윈빌딩)",041-567-1234,,36.7930538,127.1294288,1,19900220,1,,,,
JDQ4MTYyMiM2MSMkMiMkMiMkMDAkNDgxOTYxIzExIyQxIyQzIyQ3OSQyNjEwMDIjNTEjJDEjJDIjJDgz,천안김안과천안역본점의원,clinic,충남,천안동남구,"충청남도 천안시 동남구 중앙로 92, 1,2,3,4층 (원성동)",041-551-1082,,36.806653,127.1526464,7,19810504,6,,,,
JDQ4MTYyMiM2MSMkMiMkMiMkMDAkNDgxOTYxIzExIyQxIyQ3IyQ3OSQzNjEwMDIjNDEjJDEjJDgjJDgz,천안나안과의원,clinic,충남,천안동남구,"충청남도 천안시 동남구 충절로 23-1, 3,4,5층 (신부동)",041-563-3551,,36.8169706,127.1586686,6,19860925,6,"{""0"": [""0900"", ""1830""], ""1"": [""0900"", ""1830""], ""2"": [""0900"", ""1830""], ""3"": [""0900"", ""1830""], ""4"": [""0900"", ""1830""], ""5"": [""0830"", ""1300""]}",13시00분~14시00분,08시30분,
JDQ4MTYyMiM2MSMkMiMkMiMkMDAkNDgxOTYxIzExIyQxIyQ3IyQwMyQzNjEwMDIjNDEjJDEjJDQjJDgz,천안서울안과신부점의원,clinic,충남,천안동남구,"충청남도 천안시 동남구 만남로 30, 7층 (신부동)",041-522-6767,,36.8185545,127.1553946,1,20021014,1,"{""0"": [""0900"", ""1830""], ""1"": [""0900"", ""1830""], ""2"": [""0900"", ""1830""], ""3"": [""0900"", ""1830""], ""4"": [""0900"", ""1830""], ""5"": [""0900"", ""1330""]}",,,
JDQ4MTYyMiM2MSMkMiMkMiMkMDAkNDgxOTYxIzExIyQxIyQzIyQ5OSQzNjE4MzIjNjEjJDEjJDgjJDgz,김이태안과의원,clinic,충남,천안서북구,"충청남도 천안시 서북구 충무로 205, 다선빌딩 2층,5층 501호 (쌍용동)",041-576-0088,,36.7966603,127.1288032,2,20211117,2,"{""0"": [""0900"", ""1800""], ""1"": [""0900"", ""1800""], ""2"": [""0900"", ""1800""], ""3"": [""0900"", ""1800""], ""4"": [""0900"", ""1800""], ""5"": [""0900"", ""1300""]}",12시00분-14시00분,9시00분-17시00분,다선빌딩 2층
JDQ4MTYyMiM2MSMkMiMkMiMkMDAkMzgxNzAyIzMxIyQyIyQzIyQwMCQzNjEyMjIjNjEjJDEjJDgjJDgz,남안과의원,clinic,충남,천안서북구,"충청남도 천안시 서북구 충무로 201, 2층 (쌍용동)",041-571-7010,,36.7962293,127.1282685,1,20051227,1,"{""0"": [""0900"", ""1800""], ""1"": [""0900"", ""1800""], ""2"": [""0900"", ""1800""], ""3"": [""0900"", ""1800""], ""4"": [""0900"", ""1800""], ""5"": [""0900"", ""1300""]}",12시50분 ~ 14시00분,,천안 이마트옆
JDQ4MTYyMiM2MSMkMiMkMiMkMDAkMzgxMzUxIzUxIyQxIyQ1IyQ5MiQyNjEwMDIjNTEjJDEjJDYjJDgz,드림안과의원,clinic,충남,천안서북구,"충청남도 천안시 서북구 동서대로 129, 4층 (성정동)",622-1331,www.lasereye.co.kr/,36.8262114,127.1378027,2,20040128,1,"{""0"": [""0900"", ""1700""], ""1"": [""0900"", ""1700""], ""2"": [""0900"", ""1700""], ""3"": [""0900"", ""1700""], ""4"": [""0900"", ""1700""], ""5"": [""0900"", ""1300""]}",13시00분~14시00분,,
JDQ4MTYyMiM2MSMkMiMkMiMkMDAkMzgxMTkxIzIxIyQxIyQ1IyQ5OSQyNjE4MzIjNjEjJDEjJDgjJDgz,명안과의원,clinic,충남,천안서북구,"충청남도 천안시 서북구 월봉로 122, 5층 (쌍용동)",041-576-8876,http://www.meyeclinic.com,36.8014806,127.1188958,2,20051230,2,"{""0"": [""0900"", ""1800""], ""1"": [""0900"", ""1800""], ""2"": [""0900"", ""1800""], ""3"": [""0900"", ""1800""], ""4"": [""0900"", ""1800""], ""5"": [""0900"", ""1350""]}",13;00-14;00,08;50-17;35,하나메디칼  5층
JDQ4MTYyMiM2MSMkMiMkMiMkMDAkNDgxOTYxIzIxIyQxIyQxIyQ3OSQ0NjEwMDIjNDEjJDEjJDgjJDgz,삼성미라클안과의원천안점,clinic,충남,천안서북구,"충청남도 천안시 서북구 충무로 125, 2층 (쌍용동)",041-576-0022,,36.7928023,127.1214264,2,20080519,2,"{""0"": [""0900"", ""1800""], ""1"": [""0900"", ""1800""], ""2"": [""0900"", ""1800""], ""3"": [""0900"", ""1800""], ""4"": [""0900"", ""1800""], ""5"": [""0900"", ""1300""]}",13시00분~14시00분,,
JDQ4MTYyMiM2MSMkMiMkMiMkMDAkNDgxOTYxIzIxIyQxIyQ1IyQxMyQ0NjEwMDIjNTEjJDEjJDIjJDgz,서울하나안과의원,clinic,충남,천안서북구,"충청남도 천안시 서북구 동서대로 119, 2-5층 (성정동)",041-563-6000,,36.8262859,127.1365867,2,20180109,2,"{""0"": [""0900"", ""1800""], ""1"": [""0900"", ""1800""], ""2"": [""0900"", ""1800""], ""3"": [""0900"", ""1800""], ""4"": [""0900"", ""1800""], ""5"": [""0830"", ""1230""]}",13:00 ~ 14:00,,
JDQ4MTYyMiM2MSMkMiMkMiMkMDAkNDgxMzUxIzQxIyQxIyQ3IyQ5OSQyNjE0ODEjODEjJDEjJDIjJDgz,조은성모안과의원,clinic,충남,천안서북구,"충청남도 천안시 서북구 직산읍 삼은3길 45, 3층",041-585-0678,,36.879769,127.1536735,1,20150831,1,,,,
JDQ4MTYyMiM2MSMkMiMkMiMkMDAkMzgxNzAyIzUxIyQxIyQ1IyQ4OSQzNjEwMDIjODEjJDEjJDYjJDgz,천안김안과신불당의원,clinic,충남,천안서북구,"충청남도 천안시 서북구 불당33길 22, 3층(301,302,303호),4층 (불당동)",041-417-1115,,36.8119601,127.1081329,5,20171031,5,"{""0"": [""0930"", ""1800""], ""1"": [""0930"", ""1800""], ""2"": [""0930"", ""1800""], ""3"": [""0930"", ""1800""], ""4"": [""0930"", ""1800""], ""5"": [""0900"", ""1300""]}",13시00분~14시00분,09시00분~17시 55분,천안시청
JDQ4MTYyMiM2MSMkMiMkMiMkMDAkNDgxMzUxIzUxIyQxIyQxIyQ4OSQyNjE0ODEjNzEjJDEjJDgjJDgz,천안삼성안과의원,clinic,충남,천안서북구,"충청남도 천안시 서북구 한들2로 8, 4층 (백석동)",041-621-0200,,36.8236078,127.1188787,1,20160401,1,"{""0"": [""0900"", ""1800""], ""1"": [""0900"", ""1800""], ""2"": [""0900"", ""1800""], ""3"": [""0900"", ""1800""], ""4"": [""0900"", ""1800""], ""5"": [""0900"", ""1300""]}",12시30분~14시00분,09시00분~18시00분,
JDQ4MTYyMiM2MSMkMiMkMiMkMDAkMzgxMTkxIzUxIyQxIyQ1IyQxMyQ0NjE0ODEjNjEjJDEjJDgjJDgz,천안서울안과신불당점의원,clinic,충남,천안서북구,"충청남도 천안시 서북구 불당25로 176, 6층 (불당동)",041-522-0888,,36.8162381,127.1091268,2,20190520,2,"{""0"": [""0900"", ""1830""], ""1"": [""0900"", ""1830""], ""2"": [""0900"", ""1830""], ""3"": [""0900"", ""1830""], ""4"": [""0900"", ""1830""], ""5"": [""0900"", ""1330""]}",13시00분~14시00분,09시00분~18시00분,천안시청
JDQ4MTYyMiM2MSMkMiMkMiMkMDAkMzgxMTkxIzQxIyQyIyQ3IyQwMCQzNjE0ODEjNzEjJDEjJDgjJDgz,윤안과의원,clinic,충남,태안군,"충청남도 태안군 태안읍 동백로 299, 2층 (삼영빌딩)",041-674-8283,,36.7485568,126.3033112,3,20010616,3,,,,
JDQ4MTYyMiM2MSMkMiMkMiMkMDAkMzgxOTYxIzIxIyQxIyQ1IyQ4OSQzNjEwMDIjNDEjJDEjJDQjJDgz,김안과의원,clinic,충남,홍성군,"충청남도 홍성군 홍성읍 내포로 8, 하나크리닉센터 2층",041-633-0409,,36.6009432,126.6661843,1,19930325,1,"{""0"": [""0830"", ""1800""], ""1"": [""0830"", ""1800""], ""2"": [""0830"", ""1800""], ""3"": [""0830"", ""1800""], ""4"": [""0830"", ""1800""], ""5"": [""0900"", ""1200""]}",13시00분~14시00분,8시30분~18시00분,
JDQ4MTYyMiM2MSMkMiMkMiMkMDAkMzgxNzAyIzExIyQxIyQ3IyQ4OSQ0NjEwMDIjNDEjJDEjJDgjJDgz,밝은안과의원,clinic,충남,홍성군,"충청남도 홍성군 홍성읍 홍성천길 204, (홍성읍)",041-631-7588,,36.6004977,126.6670867,1,20030429,1,,,09:00~18:00,
JDQ4MTYyMiM2MSMkMiMkMiMkMDAkNDgxMzUxIzMxIyQxIyQ3IyQ5OSQzNjE4MzIjODEjJDEjJDYjJDgz,케이안과의원,clinic,충남,홍성군,"충청남도 홍성군 홍성읍 내포로 12, 2층",041-635-0040,,36.6006436,126.6660627,1,20150107,1,,,,
JDQ4MTYyMiM1MSMkMiMkOCMkMDAkMzgxOTYxIzQxIyQxIyQ3IyQ5MiQ0NjEwMDIjODEjJDEjJDIjJDgz,민들레안과의원,clinic,충북,보은군,"충청북도 보은군 보은읍 삼산남로 9, (보은읍)",043-542-7588,,36.4828497,127.7216994,1,20090219,1,,,,
JDQ4MTYyMiM1MSMkMiMkOCMkMDAkMzgxOTYxIzMxIyQxIyQ3IyQ3MiQzNjE0ODEjNjEjJDEjJDgjJDgz,영동조은안과의원,clinic,충북,영동군,"충청북도 영동군 영동읍 중앙로 33, (영동읍)",043-742-2470,,36.1751711,127.7769471,1,20040210,1,,,,
JDQ4MTYyMiM1MSMkMiMkOCMkMDAkMzgxMTkxIzIxIyQxIyQ1IyQ4OSQyNjE0ODEjNDEjJDEjJDgjJDgz,김안과의원,clinic,충북,옥천군,"충청북도 옥천군 옥천읍 삼금로 5, 안과",043-731-7562,,36.2991362,127.5664211,1,20200107,1,"{""0"": [""0830"", ""1730""], ""1"": [""0830"", ""1730""], ""2"": [""0830"", ""1230""], ""3"": [""0830"", ""1730""], ""4"": [""0830"", ""1730""], ""5"": [""0830"", ""1230""]}",,,
JDQ4MTYyMiM1MSMkMiMkOCMkMDAkMzgxOTYxIzIxIyQxIyQ5IyQ4MiQzNjE0ODEjNDEjJDEjJDgjJDgz,권안과의원,clinic,충북,음성군,"충청북도 음성군 금왕읍 무극로 276-1, (금왕읍)",043-883-9975,,36.9924574,127.5924156,1,20040519,1,"{""0"": [""0900"", ""1830""], ""1"": [""0900"", ""1830""], ""2"": [""1400"", ""1830""], ""3"": [""0900"", ""1830""], ""4"": [""0900"", ""1830""], ""5"": [""0900"", ""1300""]}",13시 00분 ~ 14시 00분,,"연세정형외과 건물(세종빌딩) 4층  권안과 의원,  건강약국과 농민약국 사이 건물"
JDQ4MTYyMiM1MSMkMiMkOCMkMDAkMzgxMTkxIzIxIyQyIyQ1IyQwMCQzNjEyMjIjNjEjJDEjJDAjJDgz,음성온빛안과의원,clinic,충북,음성군,"충청북도 음성군 음성읍 수정로 61, 홍우빌딩 4,5층",043-872-3377,,36.9351203,127.6933638,1,20190321,1,,,,
JDQ4MTYyMiM1MSMkMiMkOCMkMDAkMzgxOTYxIzExIyQxIyQzIyQ4OSQyNjEyMjIjNTEjJDEjJDIjJDgz,연세안과의원,clinic,충북,제천시,"충청북도 제천시 의림대로 128, (중앙로2가)",043-643-3355,,37.139178,128.2113868,1,19990901,1,"{""0"": [""0900"", ""1800""], ""1"": [""0900"", ""1800""], ""2"": [""0900"", ""1800""], ""3"": [""0900"", ""1300""], ""4"": [""0900"", ""1800""], ""5"": [""0900"", ""1230""]}",13시00분~14시 00분,8시30분~18시00분(수술 스케줄에 따라 변동 가능),시민회관
JDQ4MTYyMiM1MSMkMiMkOCMkMDAkMzgxOTYxIzUxIyQxIyQ1IyQ4MiQzNjE4MzIjNzEjJDEjJDgjJDgz,연세프라임안과의원,clinic,충북,제천시,"충청북도 제천시 용두천로 98, 2층 (남천동)",043-646-3333,,37.136057,128.2121,1,20120823,1,,,,
JDQ4MTYyMiM1MSMkMiMkOCMkMDAkMzgxMTkxIzIxIyQxIyQ1IyQ3MiQyNjE4MzIjNjEjJDEjJDAjJDgz,온빛안과의원,clinic,충북,제천시,"충청북도 제천시 용두천로 88, 영창빌딩 2,3층 (남천동)",043-756-7577,,37.1355944,128.2115934,2,20201102,2,,,,
JDQ4MTYyMiM1MSMkMiMkOCMkMDAkMzgxMzUxIzIxIyQxIyQ5IyQ5OSQzNjEwMDIjNjEjJDEjJDAjJDgz,이진영안과의원,clinic,충북,제천시,"충청북도 제천시 의림대로 180, (중앙로2가)",043-645-3900,,37.1433966,128.2136368,1,19890201,1,"{""0"": [""0900"", ""1750""], ""1"": [""0900"", ""1750""], ""2"": [""0900"", ""1750""], ""3"": [""0900"", ""1750""], ""4"": [""0900"", ""1750""], ""5"": [""0900"", ""1220""]}",12시20분~2시00분,,
JDQ4MTYyMiM1MSMkMiMkOCMkMDAkMzgxMTkxIzIxIyQxIyQxIyQ3OSQzNjEyMjIjNjEjJDEjJDgjJDgz,제천밝은안과의원,clinic,충북,제천시,"충청북도 제천시 의림대로 222, (청전동, 두손메디칼센타)",043-643-4200,,37.1469343,128.2145129,1,20051228,1,"{""0"": [""0900"", ""1810""], ""1"": [""0900"", ""1810""], ""2"": [""0900"", ""1810""], ""3"": [""0900"", ""1810""], ""4"": [""0900"", ""1810""], ""5"": [""0900"", ""1230""]}",13:00~14:00,09시00분~18:00,충북 제천시 의리대로 222 두손메디컬 센타 4층
JDQ4MTYyMiM1MSMkMiMkOCMkMDAkMzgxOTYxIzMxIyQxIyQzIyQ4OSQ0NjEwMDIjNDEjJDEjJDgjJDgz,강안과의원,clinic,충북,증평군,"충청북도 증평군 증평읍 중앙로 218, 3층 (충일빌딩)",043-838-4544,,36.7847894,127.5825113,1,20050415,1,"{""0"": [""0900"", ""0450""], ""1"": [""0900"", ""0450""], ""2"": [""0900"", ""0450""], ""3"": [""0900"", ""0450""], ""4"": [""0900"", ""0450""], ""5"": [""0900"", ""1220""]}",,,
JDQ4MTYyMiM1MSMkMiMkOCMkMDAkMzgxOTYxIzIxIyQxIyQ1IyQ4MiQ0NjEwMDIjNjEjJDEjJDQjJDgz,김안과의원,clinic,충북,진천군,"충청북도 진천군 진천읍 중앙동로 81-1, 81",043-536-8833,,36.8572127,127.4446759,1,20030425,1,,,,
JDQ4MTYyMiM1MSMkMiMkOCMkMDAkMzgxOTYxIzUxIyQxIyQxIyQ3MiQyNjE0ODEjNjEjJDEjJDgjJDgz,진천밝은안과의원,clinic,충북,진천군,"충청북도 진천군 진천읍 중앙동8길 6, 2층",043-535-1110,,36.8582429,127.4447668,1,20100924,1,,,,
JDQ4MTYyMiM1MSMkMiMkOCMkMDAkMzgxMzUxIzIxIyQxIyQ1IyQ5MiQzNjEyMjIjNTEjJDEjJDIjJDgz,민안과의원,clinic,충북,청주상당구,"충청북도 청주시 상당구 사직대로361번길 8-2, 1,2,3층 (북문로2가)",043-222-2248,,36.6371491,127.4877258,4,20160101,4,,,,
JDQ4MTYyMiM1MSMkMiMkOCMkMDAkMzgxMzUxIzUxIyQxIyQxIyQ4MiQzNjEyMjIjNzEjJDEjJDgjJDgz,박영규안과의원,clinic,충북,청주상당구,"충청북도 청주시 상당구 청남로 2200, 3층 (석교동)",043-252-0333,,36.6278464,127.491422,1,19980131,1,"{""0"": [""0840"", ""1730""], ""1"": [""0840"", ""1730""], ""2"": [""0840"", ""1730""], ""3"": [""0840"", ""1600""], ""4"": [""0840"", ""1730""], ""5"": [""0900"", ""1300""]}",13시 - 14시,08시40분 부터 17:20 까지  목요일15:500까지,청주 육거리   시장   농협  맞은편
JDQ4MTYyMiM1MSMkMiMkOCMkMDAkMzgxOTYxIzIxIyQxIyQ5IyQ3OSQ0NjEwMDIjODEjJDEjJDIjJDgz,성모안과의원,clinic,충북,청주상당구,"충청북도 청주시 상당구 중고개로 320, 2층 (금천동)",043-283-2839,,36.6301157,127.5052516,1,20030820,1,,,,
JDQ4MTYyMiM1MSMkMiMkOCMkMDAkMzgxMzUxIzQxIyQxIyQ3IyQ3MiQyNjE4MzIjODEjJDEjJDYjJDgz,연세안과의원,clinic,충북,청주상당구,"충청북도 청주시 상당구 1순환로 1261, (용암동)",043-294-2300,,36.608661,127.5052071,1,19960410,1,"{""0"": [""0900"", ""1810""], ""1"": [""0900"", ""1810""], ""2"": [""0900"", ""1810""], ""3"": [""0900"", ""1300""], ""4"": [""0900"", ""1810""], ""5"": [""0900"", ""1300""], ""6"": [""0000"", ""0000""]}",오후12시30분 부터 오후2시까지,오전9시,
JDQ4MTYyMiM1MSMkMiMkOCMkMDAkMzgxOTYxIzMxIyQxIyQ3IyQ5OSQyNjE4MzIjNjEjJDEjJDgjJDgz,진안과의원,clinic,충북,청주상당구,"충청북도 청주시 상당구 청남로 2192, 1층,2층 (석교동)",043-222-7582,,36.6271729,127.4907616,1,20060720,1,,,,
JDQ4MTYyMiM1MSMkMiMkOCMkMDAkMzgxOTYxIzMxIyQxIyQzIyQ5OSQyNjE0ODEjNjEjJDEjJDQjJDgz,청주누네안과의원,clinic,충북,청주상당구,"충청북도 청주시 상당구 중고개로 129, 4층 1호 (용암동)",043-232-8460,,36.616619,127.5182084,1,20050419,1,,,,
JDQ4MTYyMiM1MSMkMiMkOCMkMDAkMzgxMTkxIzExIyQxIyQzIyQ4MiQyNjE0ODEjODEjJDEjJDIjJDgz,청주밝은안과의원,clinic,충북,청주상당구,"충청북도 청주시 상당구 청남로 2196, 4층,5층 (석교동)",043-255-5200,,36.6276014,127.4911254,1,20110225,1,"{""0"": [""0900"", ""1800""], ""1"": [""0900"", ""1800""], ""2"": [""0900"", ""1800""], ""3"": [""0900"", ""1800""], ""4"": [""0900"", ""1800""], ""5"": [""0900"", ""1200""]}",13:00-14:00,09:00-12:30/ 14:00-17:30,
JDQ4MTYyMiM1MSMkMiMkOCMkMDAkMzgxMTkxIzExIyQxIyQ3IyQwMyQyNjE4MzIjNTEjJDEjJDYjJDgz,김안과의원,clinic,충북,청주서원구,"충청북도 청주시 서원구 사직대로 88, 2층 3층 4층 (사창동)",043-268-4131,,36.6344522,127.4571452,7,20010516,7,"{""0"": [""0900"", ""1800""], ""1"": [""0900"", ""1800""], ""2"": [""0900"", ""1800""], ""3"": [""0900"", ""1800""], ""4"": [""0900"", ""1800""], ""5"": [""0900"", ""1300""]}",13시00분 ~ 14시00분,,
JDQ4MTYyMiM1MSMkMiMkOCMkMDAkMzgxOTYxIzQxIyQxIyQ3IyQ5OSQyNjE4MzIjNTEjJDEjJDIjJDgz,정규진안과의원,clinic,충북,청주서원구,"충청북도 청주시 서원구 1순환로1063번길 97, 202,203호 (분평동, 벤처타워)",043-297-8275,,36.6108861,127.4858004,1,20080324,1,,12시30분 ~14시00분,,
JDQ4MTYyMiM1MSMkMiMkOCMkMDAkMzgxOTYxIzMxIyQxIyQ3IyQ3MiQzNjEwMDIjNjEjJDEjJDAjJDgz,명안과의원,clinic,충북,청주청원구,"충청북도 청주시 청원구 율봉로 141, 7층 (율량동)",043-241-1212,,36.6684078,127.4847229,1,20070226,1,,,,
JDQ4MTYyMiM1MSMkMiMkOCMkMDAkMzgxMTkxIzIxIyQyIyQ5IyQwMCQzNjEyMjIjNDEjJDEjJDgjJDgz,압구정최안과의원,clinic,충북,청주청원구,"충청북도 청주시 청원구 오창읍 2산단로 132, 4층",043-715-7911,,36.7330392,127.4507672,1,20210121,1,"{""0"": [""0930"", ""1830""], ""1"": [""0930"", ""1830""], ""2"": [""0930"", ""1830""], ""3"": [""0930"", ""1830""], ""4"": [""0930"", ""1830""], ""5"": [""0930"", ""0200""]}",13시 00분 ~ 14시 00분,,
JDQ4MTYyMiM1MSMkMiMkOCMkMDAkMzgxMTkxIzExIyQyIyQ3IyQwMCQyNjEwMDIjNDEjJDEjJDgjJDgz,에스서울안과의원,clinic,충북,청주청원구,"충청북도 청주시 청원구 충청대로 176, 2층 (주성동)",043-213-5700,,36.6718721,127.4965043,1,20160302,1,"{""0"": [""0900"", ""1830""], ""1"": [""0900"", ""1830""], ""2"": [""0900"", ""1830""], ""3"": [""0900"", ""1830""], ""4"": [""0900"", ""1830""], ""5"": [""0900"", ""1300""]}",13시00분~14시00분,,
JDQ4MTYyMiM1MSMkMiMkOCMkMDAkMzgxOTYxIzUxIyQxIyQ1IyQ5MiQzNjEwMDIjODEjJDEjJDIjJDgz,오창김안과의원,clinic,충북,청주청원구,"충청북도 청주시 청원구 오창읍 중심상업로 7, 오창프라자1 3층 309호, 310호",043-212-1400,,36.7115946,127.4286115,1,20130102,1,"{""0"": [""0900"", ""1900""], ""1"": [""0900"", ""1900""], ""2"": [""0900"", ""1300""], ""3"": [""0900"", ""1900""], ""4"": [""0900"", ""1900""], ""5"": [""0900"", ""1300""]}",13:00~14:00,,
JDQ4MTYyMiM1MSMkMiMkOCMkMDAkMzgxOTYxIzUxIyQxIyQ1IyQxMyQyNjE0ODEjNDEjJDEjJDgjJDgz,천리안안과의원,clinic,충북,청주청원구,"충청북도 청주시 청원구 상당로 295-3, 4층,5층 (내덕동)",043-253-3302,http://www.1000lasik.co.kr,36.6546992,127.4881893,3,20130329,3,"{""0"": [""0900"", ""1800""], ""1"": [""0900"", ""1800""], ""2"": [""0900"", ""1800""], ""3"": [""0900"", ""1800""], ""4"": [""0900"", ""1800""], ""5"": [""0830"", ""1200""]}",13시00분~14시00분,09시00분~12:00분,MD하우스
JDQ4MTYyMiM1MSMkMiMkOCMkMDAkMzgxMTkxIzExIyQxIyQzIyQ2MiQyNjEwMDIjNDEjJDEjJDgjJDgz,삼성안과의원,clinic,충북,청주흥덕구,"충청북도 청주시 흥덕구 대농로 43, 3층 (복대동, 신영지웰시티)",043-268-0079,,36.6433461,127.4264585,3,20130531,3,"{""0"": [""0900"", ""1830""], ""1"": [""0900"", ""1830""], ""2"": [""0900"", ""1830""], ""3"": [""0900"", ""1830""], ""4"": [""0900"", ""1830""], ""5"": [""0900"", ""1400""]}",13:00~14:00,,지웰시티몰 3층
JDQ4MTYyMiM1MSMkMiMkOCMkMDAkMzgxMTkxIzExIyQxIyQ3IyQ2MiQ0NjE0ODEjNjEjJDEjJDQjJDgz,서울안과의원,clinic,충북,청주흥덕구,"충청북도 청주시 흥덕구 2순환로 1240, 7층 701호 (강서동)",043-904-3311,,36.6254731,127.4300781,2,20160427,2,,,,
JDQ4MTYyMiM1MSMkMiMkOCMkMDAkMzgxMTkxIzIxIyQxIyQ1IyQ2MiQ0NjEwMDIjNjEjJDEjJDgjJDgz,서울탑안과의원,clinic,충북,청주흥덕구,"충청북도 청주시 흥덕구 강서로 122, 101호, 401호 (강서동)",043-903-8000,,36.6248809,127.4300781,4,20210325,4,"{""0"": [""0900"", ""1800""], ""1"": [""0900"", ""1800""], ""2"": [""0900"", ""1800""], ""3"": [""0900"", ""1800""], ""4"": [""0900"", ""1800""], ""5"": [""0900"", ""1300""]}",13시00분-14시00분,08시30분-17시30분,
JDQ4MTYyMiM1MSMkMiMkOCMkMDAkMzgxMzUxIzUxIyQxIyQxIyQ3OSQyNjE4MzIjODEjJDEjJDYjJDgz,손안과의원,clinic,충북,청주흥덕구,"충청북도 청주시 흥덕구 풍산로 42, 301호 (가경동)",043-234-4146,,36.6267586,127.4353558,1,19970221,1,,,,
JDQ4MTYyMiM1MSMkMiMkOCMkMDAkMzgxOTYxIzExIyQxIyQ3IyQ5MiQyNjEwMDIjNjEjJDEjJDAjJDgz,청주밝은안과의원,clinic,충북,청주흥덕구,"충청북도 청주시 흥덕구 가경로 9-2, 4층 (가경동, 두리빌딩)",043-237-6661,http://www.yooeye.com,36.6169851,127.4435199,1,20010509,1,,12시30분~14시00분,09시00분~18시30분,
JDQ4MTYyMiM1MSMkMiMkOCMkMDAkMzgxMTkxIzIxIyQxIyQ1IyQ2MiQzNjE4MzIjNDEjJDEjJDQjJDgz,청주퍼스트안과의원,clinic,충북,청주흥덕구,"충청북도 청주시 흥덕구 대농로 47-2, 203호 204호 (복대동)",043-236-3200,,36.6442504,127.4277519,3,20210303,3,"{""0"": [""0900"", ""2000""], ""1"": [""0900"", ""2000""], ""2"": [""0900"", ""2000""], ""3"": [""0900"", ""2000""], ""4"": [""0900"", ""2000""], ""5"": [""0900"", ""1500""]}",12시30분~140시00분,,
JDQ4MTYyMiM1MSMkMiMkOCMkMDAkMzgxOTYxIzIxIyQxIyQ1IyQ3MiQzNjE4MzIjNDEjJDEjJDgjJDgz,온빛밝은안과의원,clinic,충북,충주시,"충청북도 충주시 봉계1길 42, 1,3층 (봉방동, 덕영빌딩)",043-846-2377,,36.9802882,127.9149636,7,20071106,7,"{""0"": [""0900"", ""1800""], ""1"": [""0900"", ""1800""], ""2"": [""0900"", ""1800""], ""3"": [""0900"", ""1800""], ""4"": [""0900"", ""1800""], ""5"": [""0900"", ""1300""]}",,09시 00분 ~ 17시 30분,
JDQ4MTYyMiM1MSMkMiMkOCMkMDAkMzgxMzUxIzIxIyQxIyQ5IyQwMyQyNjEwMDIjNjEjJDEjJDQjJDgz,제일안과의원,clinic,충북,충주시,"충청북도 충주시 계명대로 239, (연수동)",043-852-1001,,36.9827875,127.9413412,1,20150930,1,,,,
JDQ4MTYyMiM1MSMkMiMkOCMkMDAkMzgxMzUxIzQxIyQyIyQ3IyQwMCQyNjE4MzIjNjEjJDEjJDAjJDgz,충주성모안과의원,clinic,충북,충주시,"충청북도 충주시 중앙로 33, (문화동)",043-848-6733,,36.9731481,127.9269676,7,19951208,7,"{""0"": [""0900"", ""1800""], ""1"": [""0900"", ""1800""], ""2"": [""0900"", ""1800""], ""3"": [""0900"", ""1800""], ""4"": [""0900"", ""1800""], ""5"": [""0900"", ""1300""]}",,,"구 주택은행 위치, 무학시장 앞, 충주시 보건소 정문 앞"
